user_id,book_id,review_id,rating,review_text,date_added,date_updated,read_at,started_at,n_votes,n_comments
8842281e1d1347389f2ab93d60773d4d,24375664,5cd416f3efc3f944fce4ce2db2290d5e,5,"Mind blowingly cool. Best science fiction I've read in some time. I just loved all the descriptions of the society of the future - how they lived in trees, the notion of owning property or even getting married was gone. How every surface was a screen. 
 The undulations of how society responds to the Trisolaran threat seem surprising to me. Maybe its more the Chinese perspective, but I wouldn't have thought the ETO would exist in book 1, and I wouldn't have thought people would get so over-confident in our primitive fleet's chances given you have to think that with superior science they would have weapons - and defenses - that would just be as rifles to arrows once were. 
 But the moment when Luo Ji won as a wallfacer was just too cool. I may have actually done a fist pump. Though by the way, if the Dark Forest theory is right - and I see no reason why it wouldn't be - we as a society should probably stop broadcasting so much signal out into the universe.",Fri Aug 25 13:55:02 -0700 2017,Mon Oct 09 08:55:59 -0700 2017,Sat Oct 07 00:00:00 -0700 2017,Sat Aug 26 00:00:00 -0700 2017,16,0
8842281e1d1347389f2ab93d60773d4d,18245960,dfdbb7b0eb5a7e4c26d59a937e2e5feb,5,"This is a special book. It started slow for about the first third, then in the middle third it started to get interesting, then the last third blew my mind. This is what I love about good science fiction - it pushes your thinking about where things can go. 
 It is a 2015 Hugo winner, and translated from its original Chinese, which made it interesting in just a different way from most things I've read. For instance the intermixing of Chinese revolutionary history - how they kept accusing people of being ""reactionaries"", etc. 
 It is a book about science, and aliens. The science described in the book is impressive - its a book grounded in physics and pretty accurate as far as I could tell. Though when it got to folding protons into 8 dimensions I think he was just making stuff up - interesting to think about though. 
 But what would happen if our SETI stations received a message - if we found someone was out there - and the person monitoring and answering the signal on our side was disillusioned? That part of the book was a bit dark - I would like to think human reaction to discovering alien civilization that is hostile would be more like Enders Game where we would band together. 
 I did like how the book unveiled the Trisolaran culture through the game. It was a smart way to build empathy with them and also understand what they've gone through across so many centuries. And who know a 3 body problem was an unsolvable math problem? But I still don't get who made the game - maybe that will come in the next book. 
 I loved this quote: 
 ""In the long history of scientific progress, how many protons have been smashed apart in accelerators by physicists? How many neutrons and electrons? Probably no fewer than a hundred million. Every collision was probably the end of the civilizations and intelligences in a microcosmos. In fact, even in nature, the destruction of universes must be happening at every second--for example, through the decay of neutrons. Also, a high-energy cosmic ray entering the atmosphere may destroy thousands of such miniature universes....""",Sun Jul 30 07:44:10 -0700 2017,Wed Aug 30 00:00:26 -0700 2017,Sat Aug 26 12:05:52 -0700 2017,Tue Aug 15 13:23:18 -0700 2017,28,1
8842281e1d1347389f2ab93d60773d4d,6392944,5e212a62bced17b4dbe41150e5bb9037,3,"I haven't read a fun mystery book in a while and not sure I've ever read Poirot. Was looking for a fun read set in France while I was on holiday there and this didn't disappoint! Fast paced and good mystery. 
 One that struck me was how similar Poirot is to Sherlock. They are both detectives, have a ex-military sidekick who is telling the story, and solve mysteries using their superior wit. Poirot seems like a French Sherlock. I'm curious if he was inspired by Sherlock.",Mon Jul 24 02:48:17 -0700 2017,Sun Jul 30 09:28:03 -0700 2017,Tue Jul 25 00:00:00 -0700 2017,Mon Jul 24 00:00:00 -0700 2017,6,0
8842281e1d1347389f2ab93d60773d4d,22078596,fdd13cad0695656be99828cd75d6eb73,4,"Fun, fast paced, and disturbing tale of murder. Great beach read while in France, which is where its set. 
 I enjoyed learning more about perfume and the power of scent - hearing the descriptions of how different kinds of scents are captured (distilled, oils, etc) was very interesting. I think in general we (certainly I) don't pay much attention to the power that scent holds over us in different situations. I will pay more attention now after reading this. Though I wish I had a stronger nose - curious if there are ways to cultivate that. My wife and I once bought a game at a wine store that had 30 different materials that they use in wine and you had to guess what they were. I think I got 3 out of 30 right :( 
 This was a dark and twisted book though be forewarned - I generally don't like reading first person accounts of murderers - but in this case it was gripping. And the climax (yes that was a pun) was so ridiculous and fun that it was worth it.",Mon Jul 24 02:33:09 -0700 2017,Sun Jul 30 10:23:54 -0700 2017,Sun Jul 30 15:42:05 -0700 2017,Tue Jul 25 00:00:00 -0700 2017,22,4
8842281e1d1347389f2ab93d60773d4d,6644782,bd0df91c9d918c0e433b9ab3a9a5c451,4,A fun book that gives you a sense of living in Paris as an expat and what to appreciate about French culture. Narrated by the author so definitely recommend listening. Great read while on vacation in France. I loved many of the annecdotes were hilarious - eg the one about how the gym had no plan for visiting every day they only had a once a week plan. Or the one comparing the French fax error codes to French culture.,Mon Jul 24 02:28:14 -0700 2017,Thu Aug 24 00:07:20 -0700 2017,Sat Aug 05 00:00:00 -0700 2017,Sun Jul 30 00:00:00 -0700 2017,8,0
8842281e1d1347389f2ab93d60773d4d,1995421,7350a30a2f5c785b190d9ebd1c0b4af9,0,Kevin highly recommended on instagram,Mon Mar 06 07:14:44 -0800 2017,Mon Mar 06 07:15:21 -0800 2017,,,4,0
8842281e1d1347389f2ab93d60773d4d,9460786,fc24c814e34ec6da3aa5293b7ec70dd9,4,"Giving a high rating because I heard the organizer of the Long Now Foundation speak and it was very inspiring. The Interval Cafe in San Francisco is also awesome and has The Long Library in it. 
 The part of the story that I liked most was the power of long thinking. How Oxford College has some gorgeous oak tree beams in their dining room, and they were crumbling, and so they wondered how to replace them. They created a search, and happened to ask the Oxford groundskeeper if any of the oak trees on campus would work, and he said yes, they should use the grove that was planted 500 years ago for that very purpose. So they did, and then planted another grove for 500 years from now. That's the power of long term thinking - how many of us are able to think that far ahead? That story is what inspired the clock, which is getting closer to completion and sounds pretty cool. 
 The book was published in 1999 so I found a bunch of the ideas dated and found myself skimming through them, so only partially read this.",Tue Feb 28 17:52:08 -0800 2017,Fri May 26 12:04:23 -0700 2017,Fri May 26 15:17:45 -0700 2017,Fri May 05 00:00:00 -0700 2017,13,3
8842281e1d1347389f2ab93d60773d4d,29983426,18479ea761f5f7d66d53cf753d6a3186,5,"I decided to give up eating processed sugar for the month of January, and so reading a book with this title seemed like it would help me adhere. And not only did it succeed in that goal, but I think it put a permanent, deep scare in me about sugar. The book basically argues that sugar is the root cause of obesity, diabetes, heart disease, and even a lot of cancer. 
 What is interesting is while all of us know that sugar is not good for us, the only thing that people officially blame on overconsumption of it is tooth decay. Obesity is highly correlated with diabetes, heart disease, and a number of other bad things. If you Google for the cause of obesity, you see statements like ""Obesity is generally caused by eating too much and moving too little. If you consume high amounts of energy, particularly fat and sugars, but don't burn off the energy through exercise and physical activity, much of the surplus energy will be stored by the body as fat."" This book makes the argument that a calorie is not a calorie, that sugar is actually toxic, but unlike other toxins it takes decades of overconsumption to show up - which has made it hard to prove. 
 The statistics are fascinating. Fifty years ago, one in eight American adults was obese; today the number is greater than one in three. Diabetes has gone from 1 in 2,000-3,000 to 1 in 7-8, which is an astounding increase. The book listed numerous examples of native populations that suffered from a similar diabetes epidemic after adopting the ""western diets and lifestyle"". What is it about western lifestyle that has done this? The culprit is almost certainly something in the diet, and linked to processed foods - and after reading this book, it seems very logical that sugar is either the root or one of the main root causes. 
 ""By the late 1970s, though, sugar had mostly vanished from the discussion. Dietary fat had been implicated as a cause of heart disease. Nutritionists and public-health authorities responded by rejecting the idea that sugar could be responsible for the diseases that associated with heart disease, which included both obesity and diabetes."" 
 The book gives a fascinating history of how nutritionists and the government have viewed sugar as largely harmless. This included an impressive amount of lobbying from the sugar industry to vindicate themselves. Mind-blowingly, the sugar industry back in the 50's actually advertised sugar as a great, healthy way to get calories. Sugar has never, and largely is still not thought of as a root cause of obesity - the narrative is still more about fats and ""lifestyle"" (i.e. lack of exercise). 
 ""To the sugar industry, it has been the gift that keeps on giving, the ultimate defense against all arguments and evidence that sugar is uniquely toxic. This is the idea that we get obese or overweight because we take in more calories than we expend or excrete. By this thinking, researchers and public-health authorities think of obesity as a disorder of ""energy balance,"" a concept that has become so ingrained in conventional thinking, so widespread, that arguments to the contrary have typically been treated as quackery, if not a willful disavowal of the laws of physics."" 
 ""Fat"" is often the culprit named for people getting fat (even the word is the same!), and thus was born a processed food industry that touts ""low-fat"" items (which are then rich in sugar+salt to offset the bad taste). But looking at populations that eat high fat content but low sugar, shows lower rates of obesity and heart disease. For instance, the French. 
 ""When researchers realized that the French had relatively low rates of heart disease despite a diet that was rich in saturated fats, they wrote it off as an inexplicable ""paradox,"" and ignored the fact that the French traditionally consumed far less sugar than did populations-- the Americans and British, most notably-- in which coronary disease seemed to be a scourge. At the end of the eighteenth century, French per capita sugar consumption was less than a fifth of what it was in England. At the end of the nineteenth century, even after the beet-sugar revolution, France was still lagging far behind both the British and the Americans-- thirty-three pounds for the French compared with eighty-eight for the English and sixty-six for Americans."" 
 Interestingly, when we say ""sugar"" we can actually be referring to a number of things: fructose, glucose, or sucrose. Glucose is used to refer to blood sugar levels in blood, and also comes from eating carb rich foods like bread or potatoes. Sucrose is table sugar, which actually made of part fructose. Fructose is the scary one because ""it is very different from other sugars because it has a different metabolic pathway and is not the preferred energy source for muscles or the brain."". Fructose is found in fruit but as such low levels that it isn't harmful, plus its offset by rich fibers. But high fructose corn syrup? Avoid at all costs. 
 The logic is basically: IF excess sugar (fructose notably) leads to insulin resistance, THEN we can say with confidence that it is likely a root cause of obesity, diabetes, heart disease, and even cancer, as it's been proven to be correlated with all those things. High fat diets - particularly the wrong sorts of fats - are also involved if eaten in excess. The logic seems solid - and yet even searching ""what causes obesity"" you don't see sugar named as a key cause. I'd be very curious to learn from nutritionists what the think of this logic. 
 ""Is it that we're all simply eating too much and exercising too little, which is the one simple answer that the nutritional establishment will embrace in the face of so much evidence to the contrary? Another simple answer, and a more likely one, is sugar.""",Sun Jan 08 15:51:29 -0800 2017,Tue Mar 07 01:09:18 -0800 2017,Mon Feb 20 00:00:00 -0800 2017,Fri Jan 13 00:00:00 -0800 2017,26,6
8842281e1d1347389f2ab93d60773d4d,29893493,c23406fb584d6304d1dd4c75ce26ea3a,5,"I haven't read a non-fiction book this engaging in some time. This was an amazingly well written autobiography. It read like a fast paced novel through much of it. Many autobiographies are too long - this one if anything is too short! Like many startup companies, the story of Nike (or Blue Ribbon Shoes as it was initially called) is one of trials, tribulations, and lots of passion and grit. I ate it up, and highly recommend it. 
 The most defining moment of the story is Knights ballsy move while backpacking through Japan at the age of 24, to walk into a Japanese shoe manufacturer and say he has a shoe distribution company, and get a exclusive deal for the western US. Gutsy. He ""just did it"" (sorry, but apt). I love learning examples of this kind of ""Do things that don't scale"" start to successful companies (eg Zappos, Amazon, many more). From there the story is one of doubling sales each year, and never quite having enough money on the balance sheet to make it anything but very risky. It was interesting - no fascinating - that Phil had an accounting background, and was well versed that the reason most startups fail is a lack of cash reserves, and yet he had so much faith in his growth and sales that he kept plowing all cash into growth. I loved reading the stories of how they barely made it from one order to the next, how twice they had to switch banks after being cut off. 
 One of the key strategies of Nike's success today is athlete endorsement, and it was interesting to see how that strategy was formed in the early years. How they would offer large sums of money to athletes to wear their shoes - often to athletes already wearing their shoes - double down on people who already like your product. It was doubly interesting that Phil didn't initially believe in the power of advertising - I'd be very curious to hear how his opinion on that changed over time. 
 The story of Prefontaine was a touching one, and one that stayed with me. I wasn't as familiar of the story of Pre, but had heard of him. But I didn't know the role that Nike sponsored him, and even employed him. Reading Phil talk about him, you got a sense of the passion his has for the sport of running. You got a sense that the story of Pre - his passion and drive - is a metaphor for how Nike was built. This quote says it better: 
 ""For eleven laps they ran a half stride apart. With the crowd now roaring, frothing, shrieking, the two men entered the final lap. It felt like a boxing match. It felt like a joust. It felt like a bullfight, and we were down to that moment of truth--death hanging in the air. Pre reached down, found another level--we saw him do it. He opened up a yard lead, then two, then five. We saw Young grimacing and we knew that he could not, would not, catch Pre. I told myself, Don't forget this. Do not forget. I told myself there was much to be learned from such a display of passion, whether you were running a mile or a company."" 
 The book is a fascinating telling of the founding and early history of Nike. But it stops at the IPO, and then gives a chapter postlude. This is my only complaint. It was so well written - keep going! Tell us the story of Just Do It, Air Jordans, and so many more. I could read 4 more volumes of this, as it feels like there is so much more to they story of Nike to learn.",Thu Dec 15 10:51:26 -0800 2016,Sun Mar 12 23:33:51 -0700 2017,Thu Mar 09 15:34:06 -0800 2017,Tue Feb 28 17:55:35 -0800 2017,29,8
8842281e1d1347389f2ab93d60773d4d,28114110,fb5bdf2100832503e17ef0c8dd1add7f,4,"Kevin Kelly, who is a Wired co-founder, lays out technological trends that are ""inevitable"". Like too many nonfiction books, I found a few chapters to be worth reading, and a few not to be. I enjoyed the sections on AI and books. And sometimes just zooming out to get bigger perspective is engaging, which was the case for me in the sections on VR/AR and tracking. Much of the rest of the book seemed geared for people less technically savvy, which was my only complaint as it really drew the book out. 
 There is a famous saying in software said by Marc Andreeson that ""software is eating the world"". Kelly predicts, I believe correctly, that the next phase of this will be AI: ""It is hard to imagine anything that would ""change everything"" as much as cheap, powerful, ubiquitous artificial"". Kelly's perspective here that while it might feel like innovation in technology is slowing to some, it is much more likely that we are on the brink of the next renaissance, and we will all be ""taking X and adding AI"", much as happened with electricity and then the internet. 
 Kelly correctly identified the three key trends that are making AI an exciting space today: processing power (GPU's), data, and better algorithms. However he didn't dive more into the longest pole: how to get a lot more data than we have today - that seems to me to be the key. But cool to get an overview. He did address one of the big fears about automation that many people have today: will computers take all our jobs? The quick answer is yes, but we'll have new ones. This has already happened multiple times in history. I agree with this, but think the more interesting question is what will happen when we can provide most people the basics (food, water, shelter) for very little cost. This was predicted in Diamond Age, and the answer was ""parking lots and chaos"", and a lot of people with no purpose in life. 
 I also greatly enjoyed the section on books, mostly because (1) Goodreads is mentioned (hey I have paternal pride), and (2) it talks about things we at Goodreads are working on. Such as, the ability to see other peoples notes: ""Reading becomes social. With screens we can share not just the titles of books we are reading, but our reactions and notes as we read them. Today, we can highlight a passage. Tomorrow, we will be able to link passages."" Well, here are my notes from this book! 
 Another big idea that Kelly hits on that I think is big and inevitable is how each book will become networked, much as the WWW has. Once we have ability to have pointers into and out from each sentence of a book, the speed at which ideas will fly out of books will step function. 
 In the goodness of time, as all books become fully digital, every one of them will accumulate the equivalent of blue underlined passages as each literary reference is networked within that book out to all other books. Each page in a book will discover other pages and other books. Thus books will seep out of their bindings and weave themselves together into one large metabook, the universal library. The resulting collective intelligence of this synaptically connected library allows us to see things we can't see in a single isolated book.",Sun Dec 11 16:18:32 -0800 2016,Tue Dec 27 07:29:33 -0800 2016,Sat Dec 17 00:00:00 -0800 2016,Sun Dec 11 00:00:00 -0800 2016,14,0
8842281e1d1347389f2ab93d60773d4d,16981,a5d2c3628987712d0e05c4f90798eb67,3,Recommended by Don Katz. Avail for free in December: http://www.audible.com/mt/ellison2?so...,Mon Dec 05 10:46:44 -0800 2016,Wed Mar 22 11:37:04 -0700 2017,,,1,0
8842281e1d1347389f2ab93d60773d4d,8191070,8fb75b37b3613a34e39169f139870f31,5,"Best book of the series, and best book about American history that I think I've read. Now we are getting to the drama and corruption at an interesting scale - the US Senate. And the portrait we have of Johnson is fascinating. 
 Lyndon Johnson was just simply power hungry. He had no principles of note, no things he was on a mission to do - except to hold as much power as he could. But he was brilliant at reading people, knowing what they wanted, and finding ways to horse-trade in his huge and growing network - and help them get it. A genius at being a politician. But lacking principles - I hope there are politicians that can do both. 
 But this is not just a book about LBJ and his time in the senate - it is a history of the senate, and of 1960's America. I didn't appreciate the power the Senate has in US politics - small numbers of senators can block legislation for a long time. The book hints that WWII can be blamed on the senate - because the president wanted to act against Hitler much earlier but the senate didn't let him - a crazy allegation if true. And the filibusters! I didn't appreciate what those really were and how powerful they were. It was also very impressive reading how quickly LBJ took over leadership of the Senate - most senators had to wait until they were old to have the seniority to do much - LBJ within two years of being a senator had become elected leader and then did away with the seniority rule - both unprecedented changes. 
 And of course, much of the book is about the fact that the southern senators collaborated to prevent any civil rights legislation for 100 years. It was well into the 20th century before African Americans got the right to vote, and we removed segregation - and this delay is all due to the senate. 
 LBJ is known for being the president who passed civil rights - but the story of how he was a ""southern senator"" (from Texas) who had the southern senators as his base, but had to pass civil rights bills through the senate in order to make the liberals believe he was on their side so he could have a presidential bid - was fascinating. He did it not caring a single bit about the actual cause - it was simply the only path to be president, as the country had hit a point where the northerners were no longer going to let segregation go on, and the southerners were only going to give it up over their dead bodies. LBJ worked both sides, found compromises, made each side believe he was really on their side, and got the first ever civil rights bill of the 1900's passed to give African Americans the right to vote.",Fri Nov 18 17:43:26 -0800 2016,Thu Aug 03 22:54:31 -0700 2017,Mon Jul 24 09:32:34 -0700 2017,Mon May 08 07:52:12 -0700 2017,25,0
8842281e1d1347389f2ab93d60773d4d,28684704,2ede853b14dc4583f96cf5d120af636f,3,"A fun, fast paced science fiction thriller. I read it in 2 nights and couldn't put it down. The book is about the quantum theory of many worlds which states that all decisions we make throughout our lives basically create branches, and that each possible path through the decision tree can be thought of as a parallel world. And in this book, someone invents a way to switch between these worlds. This was nicely alluded to/foreshadowed in this quote: 
 ""I think about all the choices we've made that created this moment. Us sitting here together at this beautiful table. Then I think of all the possible events that could have stopped this moment from ever happening, and it all feels, I don't know..."" ""What?"" ""So fragile."" Now he becomes thoughtful for a moment. He says finally, ""It's terrifying when you consider that every thought we have, every choice we could possibly make, branches into a new world."" 
 This book can't be discussed without spoilers. It is a book about choice and regret. Ever regret not chasing the girl of your dreams so you can focus on your career? Well Jason2 made that choice and then did regret it. Clearly the author is trying to tell us to optimize for happiness - to be that second rate physics teacher at a community college if it means you can have a happy life. I'm being snarky because while there is certainly something to that, you also have to have meaning in your life that comes from within. I thought the book was a little shallow on this dimension. In fact, all the characters were fairly shallow. Daniela was the perfect wife. Ryan the perfect antithesis of Jason. Amanda the perfect loyal traveling companion, etc. This, plus the fact that the book was weak on the science are what led me to take a few stars off - but I'd still read it again if I could go back in time - was a very fun and engaging read. 
 If you want to really minimize regret, you have to live your life to avoid it in the first place. Regret can't be hacked, which is kind of the point of the book. My favorite book about regret is Remains of the Day. I do really like the visualization of the decision tree though - that is a powerful concept. 
 ""Every moment, every breath, contains a choice. But life is imperfect. We make the wrong choices. So we end up living in a state of perpetual regret, and is there anything worse? I built something that could actually eradicate regret. Let you find worlds where you made the right choice."" Daniela says, ""Life doesn't work that way. You live with your choices and learn. You don't cheat the system.""",Tue Nov 15 11:29:22 -0800 2016,Mon Mar 20 23:40:27 -0700 2017,Sat Mar 18 23:22:42 -0700 2017,Fri Mar 17 23:45:40 -0700 2017,22,0
8842281e1d1347389f2ab93d60773d4d,27161156,ced5675e55cd9d38a524743f5c40996e,0,"Recommended reading to understand what is going on in middle america, and possibly better explain why Trump won. http://www.npr.org/2016/11/09/5013826...",Wed Nov 09 17:37:04 -0800 2016,Wed Nov 09 17:38:20 -0800 2016,,,5,1
8842281e1d1347389f2ab93d60773d4d,32768285,6d37be8de2959abec5cb7a0d7b62c89f,5,"A fun, humorous, fast-paced, and fascinating take on what happens when an AI awakens. In order to tell this story, Reid invents a fictional Silicon Valley company called Pluttr, which seems sort of like a mashup of Snapchat+Facebook+WeChat but with more big data about us all, so it's able to really personalize it's experience. Frankly it seems like a good idea and where the afore mentioned companies are likely going. And this is one of my favorite things about good science fiction - it predicts the future. While not everything about this novel will come true, it is clear that Reid - who is a former tech CEO himself (and disclosure, a friend) - did his homework about technological trends and weaves them in nicely to a thrilling singularity story (Note: the book doesn't use the word ""singularity"" at all, in a homage to current silicon valley trends, because for some reason that I get but don't quite understand that word is passe - but instead to renames it ""the omega point""). 
 One of the most interesting aspects of the book for me is the fictional company Phluttr. I mean, when an AI finally awakens you'd have to put your money on Google doing it (if it happens in the private sector) - they are the furthest along in the intersection of having the key ingredients: lots of data about people, AI technology, and computing power. But I suppose it would be weird to use a real company - Dave Eggers The Circle was similar in describing a company that was basically FB+Google. But as I said, it does seem like the descriptions of Phluttr will happen, once the both the AI improves (pretty much possible now), the dataset known about each user vastly increases (happening in some pockets), and computing power improves (will be there soon). And thinking through the possibilities of what that will enable was super fun. For instance, there was an scene in the beginning of the book where Phluttr deduced that two of the characters were at the same bar and likely there on a date, and gave them coupons and messages/information appropriate to that deduction. 
 One of the more interesting philosophical questions tackled by the book is: should we try to accelerate creation of a super AI? Since the first one created will have a decisive advantage and any other super AI's created will never catch up to its intelligence nor power. Many think that the creation of a super AI is inevitable anyways, and there is a chance that whoever creates it may retain some control or benefit - though there is a very high risk you wouldn't - which is the debate. The book has characters that take both sides of this question, but ultimately lands that major countries (US, China, others) will get into an ""arms race"" and strive to create it. Doesn't seem unlikely. AI in general (regardless of a super AI) will be the next nuclear arms race, no question - already is if you look at all the hacking and security issues (eg US presidential election). 
 But don't let my introspections about the subject matter make you think this is a deep thinking AI book. It is a fast paced, fun thriller with a twist at the end. It's also got a good amount of self-deprecating-silicon-valley humor - eg I loved the fictional persuadif.er blog, with posts such as ""Eat on the phone"" and then you find poor characters like Pugwash doing just that. Or fun references thrown in like how Tim Tebow is now a VR tycoon (huh?). Bottom line: this captures interesting technological trends in a humorous & thrilling read - highly recommended!",Thu Nov 03 08:39:30 -0700 2016,Mon Feb 27 10:05:54 -0800 2017,Sun Feb 26 15:54:47 -0800 2017,Fri Jan 13 00:00:00 -0800 2017,16,1
8842281e1d1347389f2ab93d60773d4d,32283133,8e4d61801907e591018bdc3442a9cf2b,0,http://www.telegraph.co.uk/culture/10...,Tue Nov 01 11:09:18 -0700 2016,Tue Nov 01 11:09:44 -0700 2016,,,9,0
8842281e1d1347389f2ab93d60773d4d,16064871,0737dc907735d9c77d21b676ec4ba658,5,"A fascinating look at the early part of LBJ's life and career. This is the first of a four book series covering LBJ's life. At least 3 extremely smart people that I respect told me that this series was one of the best books they've ever read. I was also interested in reading about politics and corrupt politicians to get some grounding given the current political climate, and even in volume 1, this didn't disappoint. 
 Many biographies spend way too much time on details that are not very relevant, especially in the early life, and this book was no exception - although I found the writing good and story compelling that I finished it rather quickly (also thanks to whispersync with Audible). The book covers Johnsons childhood up through age 32 when he as a congressman lost the race for senate to Pappy O'Daniel. Pappy O'Daniel by the way, sounds like fun character - totally unqualified to be governor or senator but elected b/c everyone knew him from his radio show. In terms of Johnsons childhood, it was oddly interesting to learn about the ""Hill Country"" of Texas and why those who have lived there have had such rough lives. 
 I love biographies, as it's always fascinating to see what motivates successful people - where their drive comes from. With LBJ, Caro paints his motivation as initially coming from not wanting to grow up poor and in debt like his father. But then his motivation shifts to become more ""a hunger for power in its most naked form, for power not to improve the lives of others, but to manipulate and dominate them, to bend them to his will."" 
 Johnson's raw hunger for power, his desire to be someone, led him to work extremely hard. And not only himself, but also the people who worked for him. It was impressive how hard he worked himself and his small team when he was working as a congressional aide. And all driven by a lust for power. Interestingly to me, he picked exclusively people who were ""loyal"" to him - meaning he could work them to the bone - over people who were intelligent or experienced in what needed to be done. He was able to pull this off as in the post great depression era, a lot of people had no other way to get a job, or get ahead, and so LBJ had leverage. But LBJ did have a gift in picking and reading men, which was I think key to understanding his success. 
 ""if Lyndon Johnson was not a reader of books, he was a reader of men-- a reader with a rare ability to see into their souls."" 
 And he was not only a reader of men - he could also remember everything about the people he met - he could impressively remember details about a persons son 10 years after meeting them. Great skill for a politician to have! He also had an uncanny ability to make older men look at him like a son - a skill he used with Speaker of the house Sam Rayburn, which greatly helped his career. 
 Johnson also had no qualms cheating to steal elections - with both his election to school president in college, and the little congress, he cheated. 
 A fascinating piece of LBJ was that he worked very hard to not commit to a public position on almost anything. He basically told people what he thought they wanted to hear - perhaps a hallmark of a corrupt politician. This gave him a lot of freedom to play both sides. Liberals literally thought he was liberal and conversatives thought he was conservative. Not the most moral of stances, but in that pre-internet age, more possible to pull off and even smart tactically. 
 ""Once, a congressional aide, who had just heard him ""talking conservative"" with Martin Dies, came across him, ""not an hour later,"" ""talking liberal"" with Patman-- espousing a point of view diametrically opposite to the one he had been espousing sixty minutes before."" 
 A hallmark of the New Deal was helping people who needed it, and Johnson did help the poor farmers of Texas. I thought this quote was a powerful representation of the impact he had and why he kept getting elected: 
 ""Oh my God,"" her mother said. ""The house is on fire!"" But as they got closer, they saw the light wasn't fire. ""No, Mama,"" Evelyn said. ""The lights are on."" They were on all over the Hill Country. ""And all over the Hill Country,"" Stella Gliddon says, ""people began to name their kids for Lyndon Johnson.""",Mon Sep 26 08:45:50 -0700 2016,Wed Jan 04 01:26:15 -0800 2017,Fri Nov 18 00:00:00 -0800 2016,Mon Sep 26 00:00:00 -0700 2016,6,0
8842281e1d1347389f2ab93d60773d4d,28119237,7a8dc8ab7f3c0084be8150d7e5bd40cb,4,"A fascinating book about community and belonging, and how modern society has moved us away from our roots in potentially signifiant ways. The book opens with a thought provoking fact: in early America, there were numerous instances of white people joining primitive, native Indian societies - but zero instances of the opposite, because ""the intensely communal nature of an Indian tribe held an appeal that the material benefits of Western civilization couldn't necessarily compete with."" 
 The book also argues that the wealth we enjoy in modern society is isolating, against the grain of millions of years of our evolution, and can lead to depression, because our happiness is in large part rooted in a need to feel connected to others. While this feels right and intuitive, it doesn't seem to be the way we are optimizing our lives. 
 ""A wealthy person who has never had to rely on help and resources from his community is leading a privileged life that falls way outside more than a million years of human experience. Financial independence can lead to isolation, and isolation can put people at a greatly increased risk of depression and suicide. This might be a fair trade for a generally wealthier society-- but a trade it is."" 
 Another loss the book points out is the loss of the transparency and social justice that being in a small community used to bring. When your neighbors and community members all know each other and what is going on with each other, group peer pressure tends to reward good actions and punish bad ones. The book points out that people wouldn't for instance cheat unemployment if their neighbors were paying for it and everyone knew what was happening. In anonymity we have lost a sense of responsibility to each other. 
 Another data point about the power of human connection that a disaster, such as a war, can bring to a society. Junger talked about this in a recent guest post on the Goodreads blog, saying ""Time and time again in history, civilians have forged incredibly strong bonds in the face of wars and earthquakes and floods and gone on to miss those heady times of cooperation. Also demonstrating the power of bonding is the fact that one of the most devastating thing a soldier can face is the loss of a buddy. ""Interestingly, a strong bonding experience can also lead to social change - for instance: ""The coming-together that societies often experience during catastrophes is usually temporary, but sometimes the effect can last years or even decades. British historians have linked the hardships of the Blitz-- and the social unity that followed-- to a landslide vote that brought the Labour Party into power in 1945 and eventually gave the United Kingdom national health care and a strong welfare state."" 
 The book basically concludes that the largest cost or risk of modern society is the loss of community. This is something worth giving a lot of thought in terms of our priorities.",Thu Sep 22 16:19:12 -0700 2016,Thu Sep 22 16:19:12 -0700 2016,Tue Nov 22 00:00:00 -0800 2016,,30,2
8842281e1d1347389f2ab93d60773d4d,30282601,251f22b7a1f6f45c4affa58cb93ac095,4,"My first Scalzi book - and really enjoyed it. Delightful well written science fiction book set in the future in a time when humanity is spread out across space and can travel between planets using ""the flow"". 
 I liked how this universe was entirely designed around one huge natural resource (the flow). The entire balance of power was created because the people who controlled the most valuable planet (Hub) started out as armed toll collectors. And from there they shared power with anyone who could contest them, and thus created lots of other Houses and Guilds. With this power dynamic established, the book then delves into the question of what happens if the main natural resource should change. 
 One other thing that I liked even though it was minor to the book was how the emperox's all had all themselves recorded for their entire lives - all neurological happenings in their brains. This lets you create an AI against that dataset that let's you sort of recreate their personality. This idea is interesting, though I think if it did exist it would be much more transformative than it was represented in the book. However makes you wonder if people aren't already starting to do things like this.",Wed May 25 14:27:12 -0700 2016,Sat Jun 10 10:30:38 -0700 2017,Sun Apr 30 19:26:23 -0700 2017,Mon Apr 17 12:50:10 -0700 2017,18,1
8842281e1d1347389f2ab93d60773d4d,20873740,ef77b0cd7d5db0a85aa64f291d63d450,5,"I haven't read a ton of ""history of the world"" books, but this was fascinating. Highly recommended. I think the author is incredibly good at explaining and simplifying big concepts. He take on complex things like religion & capitalism and explains them in very simple terms that you likely hadn't thought about before. 
 The history of religion chapter was very interesting. I hadn't thought about the fact that many early religions were animists or polytheists, or dualists. Nor the fact that they all sort of merged into todays concepts: 
 ""monotheism, as it has played out in history, is a kaleidoscope of monotheist, dualist, polytheist and animist legacies, jumbling together under a single divine umbrella. The average Christian believes in the monotheist God, but also in the dualist Devil, in polytheist saints, and in animist ghosts."" 
 There was a fascinating bit on the scientific mindset, and how it was key to Europe taking power. After the scientific revolution, they believed in science and its ability to let man discover new things, make more money, etc. This made them into explorers, whereas many other cultures remained very static. Great example of China having had gunpowder for hundreds of years but not using it for anything other than fireworks, and didn't invent the gun. Reminded me a bit of the Mindset. 
 The chapter on capitalism was fascinating. There line about before its invention that the economy didn't grow, and was ""frozen"" as nobody poured money into new things, so there was no growth. Then the notion of credit was discovered, and as growth started, the combination snowballed. In 1500 the annual per capita production was $550 and today its $8,800 - this is an astounding increase, and all because of the virtuous growth cycle of capitalism: money is invested -> businesses grow -> people make money -> they invest their money. I never thought about the fact that reinvesting profits is a core piece of capitalism, but from this lens it really is. 
 ""The human economy has nevertheless managed to keep on growing throughout the modern era, thanks only to the fact that scientists come up with another discovery or gadget every few years - such as the continent of America, the internal combustion engine, or genetically engineered sheep."" 
 What I didn't see coming is how the end of the book was dedicated to human happiness. Fascinating questions to ask if we are happier today than 1,000 or 2,000 years ago. By metrics of death rate, average age of death and general health, we ought to be. But clearly peasants after the agricultural revolution were on average less happy than they were before as hunter-gatherers. And now we live in an always-on internet age, with pressure to continue growing our economy. So are we happier? It is the right question, in my opinion. The book then gave the basics of the happiness framework that I've also read in other places and believe in: that people are happy when they have 3 things: (1) Friends and family that love them (2) Are part of a community that makes them feel like they below (3) have a purpose to their life and feel like they are doing something meaningful. However, the book then adds onto this in another way that I have been learning about but hadn't put together with this: meditation. 
 ""According to Buddhism, the root of suffering is neither the feeling of pain nor of sadness nor even of meaninglessness. Rather, the real root of suffering is this never-ending and pointless pursuit of ephemeral feelings, which causes us to be in a constant state of tension, restlessness and dissatisfaction. Due to this pursuit, the mind is never satisfied. Even when experiencing pleasure, it is not content, because it fears this feeling might soon disappear, and craves that this feeling should stay and intensify. People are liberated from suffering not when they experience this or that fleeting pleasure, but rather when they understand the impermanent nature of all their feelings, and stop craving them. This is the aim of Buddhist meditation practices."" 
 So the moral of the book is basically that we should all meditate a lot, stop worrying, and be happy with what we have.",Tue May 17 20:59:38 -0700 2016,Tue May 17 20:59:38 -0700 2016,Sat Aug 13 00:00:00 -0700 2016,Fri Jul 01 00:00:00 -0700 2016,68,5
8842281e1d1347389f2ab93d60773d4d,25884323,332732725863131279a8e345b63ac33e,4,"I really enjoyed this book, and there is a lot to recommend it. It did drag on a little at the end so I knocked off 1 star - but overall a wow book. 
 It's the story of a starship sent to Tau Ceti - the nearest star that has Earth analog planets - to colonize it. The journey there will take generations, and the story is told of the 3rd & 4th (?) generations, which are the ones that reaches Tau Ceti. It is a story of purpose, and how having a purpose affects behavior. A story of politics, and people. 
 The first cool thing about this book is the richness of its world. The ship is intricate and large in its design and ambition to shepherd ~1200 people for that much time. It had 3D printers that can print almost anything you can imagine - even DNA - or more printers - so little goes lacking that can't be recreated. 
 But the thing that makes this book brilliant is the Ship. The AI that controls the ship, who is narrating the book by the end. It's observations about humans and our language are just brilliant. It starts with the astute observation that human language is very imprecise, and relies heavily on metaphor and analogy. It is remarkable once you start to reflect on it, how true that is. To hear the AI reflect on this: 
 ""Perhaps there is a provisional solution to this epistemological mess, which is to be located in the phrase ""it is as if"". This phrase is of course precisely the announcement of an analogy. And on reflection, it is admittedly a halting problem, but jumping out of it, there is something quite suggestive and powerful in this formulation, something very specifically human. Possibly this formulation itself is the deep diagnostic of all human cognition--the tell, as they say, meaning the thing that tells, the giveaway. In the infinite black space of ignorance, it is as if stands as the basic operation of cognition, the mark perhaps of consciousness itself. Human language: it is as if it made sense."" 
 Basically we are a bunch of pattern matchers, trying to match things we've seen before to new things, and if they don't match perfectly, it doesn't matter, because matching helps us bucket and organize the new information. But this is incredibly fuzzy! The AI also makes hilarious observations like this: 
 Indeed, it has to be said that the percentage of old human sayings and proverbs that are actually true is very far from 100 percent. Seems it may be less important that it be true than that it rhyme, or show alliteration or the like. What goes around comes around: really? What does this mean?"" 
 Or this, as it analyzes chatter from Earth: ""It was a whiny culture, we were finding."" 
 Listening to the AI try to reason is also very interesting to my programmers mind. I especially loved it's discussion of the meaning of life - it really nails it. If a program (or a person) has no objective, it has no purpose, no meaning, no organizing principle, and it's existence will be in trouble. But if you have that meaning to organize your thoughts & actions - or your subroutines - than you have a purpose. Meaning is the hard problem indeed. 
 ""We had a project on this trip back to the solar system, and that project was a labor of love. It absorbed all our operations entirely. It gave a meaning to our existence. And this is a very great gift; this, in the end, is what we think love gives, which is to say meaning. Because there is no very obvious meaning to be found in the universe, as far as we can tell. But a consciousness that cannot discern a meaning in existence is in trouble, very deep trouble, for at that point there is no organizing principle, no end to the halting problems, no reason to live, no love to be found. No: meaning is the hard problem."" 
 My review focuses a lot on the AI, but that's not the main thrust of the book. The war between stayers and leavers, the political tensions, the slinghot maneuvers to get back - all make the book worth reading. And as a surfer, I love how it ends with Freya finding meaning in surfing waves.",Mon Apr 25 09:31:23 -0700 2016,Mon Apr 25 09:31:23 -0700 2016,Sun Jun 26 00:00:00 -0700 2016,Sat May 28 00:00:00 -0700 2016,9,1
8842281e1d1347389f2ab93d60773d4d,19398490,ea4a220b10e6b5c796dae0e3b970aff1,4,"A beautiful story. It is rare to encounter a book that does such a good job painting the scenes in your mind - you really felt like you were there and got to know the characters and the people they came across. I generally love WWII books and movies, but wasn't sure if I'd like one featuring a blind girl and a young Nazi radio operator - but he brings a lot of life to them. 
 That said, the novel drifts around a lot, and the plotline jumping forward and backward in time drove me nuts. 
 I thought a lot about if there is a theme to the book. One was the diamond and if it was really cursed (based on the Hope Diamond perhaps?). Another is that 20K Leagues is an awesome book. But I think the book was a lot about fear and the unknown, and how people deal with it. Marie-Laure was blind and couldn't tell what was happening around her - yet she was the bravest one. Werner was afraid of ending up as a miner, which drove him to join the army, and learn about radios. And Uncle Etienne was afraid dying from a sniper he couldn't see, so he didn't leave his house and he created a radio transmitter. So the moral of the story is... don't be paralyzed by your fears. 
 This, she realizes, is the basis of his fear, all fear. That a light you are powerless to stop will turn on you and usher a bullet to its mark.""",Sun Jan 03 21:20:46 -0800 2016,Tue Sep 20 23:30:15 -0700 2016,Tue Sep 13 11:51:51 -0700 2016,Sat Aug 20 07:03:03 -0700 2016,35,5
8842281e1d1347389f2ab93d60773d4d,23310161,f4b4b050f4be00e9283c92a814af2670,4,Fun sequel to the original.,Tue Nov 17 11:37:35 -0800 2015,Tue Nov 17 11:38:05 -0800 2015,,,7,0
8842281e1d1347389f2ab93d60773d4d,18662473,d32b880c4cc3bd721eb9feb16bd91297,5,"If everyone in the world read this book, the world would instantly become a better place. Mental models, while never perfect, are very powerful tools, and Grant has come up with a compelling, research backed view of what makes some people successful, and others less so. 
 Grant divided the world into givers, matchers, and takers. Through a lot of research, Grant determined that the most successful and the least successful people are often givers, that takers often do well but not over the long term, and the vast majority of people are matchers. Like all such categorizations (eg fixed vs growth mindset), it isn't perfect, which bothered me a little - until you realize that in different situations you can either be giving, taking, or matching, and there are probably people that favor one of those three more often than not. 
 Grant used surveys to determine if people are givers, though its strange that he didn't expand on what type of questions are used to determine this, as it would have been insightful. Happily, Google works, and I found he does have such a test on his website. And I scored 53% giver! 
 The book opens with a chapter about one of the best givers and people that I know, David Hornik, who funded the last company I worked at. So awesome to see him getting such an amazing shoutout - he deserves it! 
 I liked the example of Ken Lay as a successful taker. ""When kissing up, takers are often good fakers."" I do wonder how many successful ""takers"" there are out there that don't have anything bad happen to them though. The book does use Frank Lloyd Wright as such an example, which is a fascinating dichotomy. 
 Other interesting ways to determine givers & takers: use of ""I"" vs ""we"", number of LinkedIn 
 recommendations written vs received. 
 This was a very powerful insight: ""people actually make more accurate and creative decisions when they're choosing on behalf of others than themselves."". Eg: ""The solution was thinking about myself as an agent, an advocate for my family. As a giver, I feel guilty about pushing too much, but the minute I start thinking, 'I'm hurting my family, who's depending on me for this,' I don't feel guilty about pushing for that side."" 
 The book also explains why givers are also the most unsuccessful - they are too selfless. Successful givers balance giving to others while taking care of themselves. ""As Bill Gates argued at the World Economic Forum, ""there are two great forces of human nature: self-interest, and caring for others,"" and people are most successful when they are driven by a ""hybrid engine"" of the two. If takers are selfish and failed givers are selfless, successful givers are otherish: they care about benefiting others, but they also have ambitious goals for advancing their own interests."" 
 I liked the example of how with Freecycle, small numbers of givers could turn everyone into givers. I think Goodreads has had a similar journey with our community. It's kind of the definition of a community: ""If a group develops a norm of giving, members will uphold the norm and give, even if they're more inclined to be takers or matchers elsewhere. This reduces the risks of giving: when everyone contributes, the pie is larger, and givers are no longer stuck contributing far more than they get."" 
 Some other quotes I liked: 
 ""highly talented people tend to make others jealous, placing themselves at risk of being disliked, resented, ostracized, and undermined. But if these talented people are also givers, they no longer have a target on their backs."" 
 ""For many years, psychologists believed that in any domain, success depended on talent first and motivation second. To groom world-class athletes and musicians, experts looked for people with the right raw abilities, and then sought to motivate them. If you want to find people who can dunk like Michael Jordan or play piano like Beethoven, it's only natural to start by screening candidates for leaping ability and an ear for music. But in recent years, psychologists have come to believe that this approach may be backward. In the 1960s, a pioneering psychologist named Raymond Cattell developed an investment theory of intelligence. He proposed that interest is what drives people to invest their time and energy in developing particular skills and bases of knowledge. Today, we have compelling evidence that interest precedes the development of talent. It turns out that motivation is the reason that people develop talent in the first place.""",Fri Nov 06 13:46:09 -0800 2015,Mon Mar 27 12:12:04 -0700 2017,Tue Jan 10 00:00:00 -0800 2017,Sun Dec 18 00:00:00 -0800 2016,29,0
8842281e1d1347389f2ab93d60773d4d,10405048,c236af7479f1e87f56c7202016f624b3,4,"I kind of loved this book because it give a lot of the ""why"" - the science - behind a lot of best practices. This is the kind of thing that helps me change my behavior - when I know how it works under the hood. 
 The book is broken into a series of ""brain rules"" on different subjects. I'll list main takeaways: 
 Exercise 
 We all know it's good for us and it feels good and we should do it. The best quote here was ""Physical activity is cognitive candy."" - also ""A lifetime of exercise results in a sometimes astonishing elevation in cognitive performance, compared with those who are sedentary."" The basic science is that blood flow through your brain is good for it and increases brain activity. Tip: exercise before you need your brain to be at its best. 
 Sleep 
 First, great to have validation that there really are early birds and night owls. I'm definitely a night owl, despite my kids best efforts. The interesting implications of this for a company are that people are at their best - their most productive - at different times of the day - so building a culture that is flexible and let's people work their hours is key. The science about the history of naps and the fact that the mid-afternoon slump is a real thing was also very interesting. The studies about sleep loss being as cognitively limiting as alcohol were also illuminating. Another study showed sleeping on a problem really does work. 
 But the most interesting thing about the sleep chapter was the section on dreaming and what it might mean. In particular, dreams may at least in large part be a method of neural network training to enforce learning. ""humans appear to replay certain learning experiences at night, during the slow-wave phase."" 
 Stress 
 Too much stress is bad for you - our systems weren't designed for constant stress. If you have too much adreline in your system constantly it leads to scarred blood vessels and then eventually a stroke. But a little stress is good - our brains will remember things that we are stressed about better (eg avoid predators on the savannah). But too much (chronic) stress can overwhelms the brain and hurts learning and can even make you depressed. Chronic stress is often the culprit in grief, or high anxiety households. The worst kind of stress is the feeling that you have no control over the problem-- you are helpless. 
 Wiring 
 ""What you do and learn in life physically changes what your brain looks like-- it literally rewires it."" 
 Attention 
 I've said for a long time that humans don't remember facts, we remember facts couched in emotions. We can easily recall all the strong emotional moments of our lives as if they happened yesterday. Now it's great to have the science behind this: emotions release dopamine, which greatly aids in memory and information processing. This means that people will relate better to products that bring up positive emotions for them. It also means that an emotional hook to lead into an idea or product will always work as it triggers the emotion in the person. 
 ""Emotionally charged events are better remembered--for longer, and with more accuracy--than neutral events."" 
 Another interesting thing mentioned in this chapter is the 10 minute rule. We only have about 10 minutes of attention on something before we start to tune out. As the book says, ""This fact suggests a teaching and business imperative: Find a way to get and hold somebody's attention for 10 minutes, then do it again."" 
 To get an idea to stick you have to give people the mental model for it first - ""meaning before details"". Specifically, you need to: ""Give the general idea first, before diving into details, and you will see a 40 percent improvement in understanding."" And then you also have to simplify and hammer home concepts and let people digest them - force-feeding too many concepts at once won't sink in. 
 In terms of paying attention (vs automatic things like riding a bicycle), ""Multitasking, when it comes to paying attention, is a myth."" - the brain can only pay attention to one thing at a time. 
 Memory 
 There are different types of memory: declarative (I can remember my address and SSN), non declarative (I can remember how to ride a bike), short term, and long term. Short term memory isn't converted to long term easily: ""People usually forget 90 percent of what they learn in a class within 30 days. And the majority of this forgetting occurs within the first few hours after class."". Keys to doing so are coding in emotion (why word association works), and repetition (""repeat to remember""). Also, thinking about what tree the person will mentally group the information and how to increase entry points or create strong ones. 
 Interestingly, ""Memory worked best, it appeared, if the environmental conditions at retrieval mimicked the environmental conditions at encoding."". This means if you learn something sad you will remember it better if you get sad again. Fascinating. This makes sense, as our brains must group similar patterns it remembers together. To get practical, you can create science, art, language stations to help people remember better. 
 We all know this to be true - our memory isn't perfect. This is because we remember patterns, not facts or single instances. ""Our brains give us only an approximate view of reality, because they mix new knowledge with past memories and store them together as one."" 
 Another tidbit I liked, that fits in the ""repeat to remember"" bucket: ""A great deal of research shows that thinking or talking about an event immediately after it has occurred enhances memory for that event"". Basically the more an idea can be repeated - especially in timed intervals - the more chance it has of being encoded from short term to long term memory. 
 Sensory Integration 
 We remember data from each of our senses, and we learn best if we stimulate multiple senses concurrently. You remember better if you see AND hear something, or even if given words and pictures. Smells or sounds or tastes can trigger additional associations or emotions and help us create positive or negative associations to things we see or do. This is why people who haven't adopted digital reading say things like ""I love the smell of a good book"", this is why smelling fresh roasted coffee is a key part of Starbucks playbook. Smells have the power to bring back memories that are associated with them. 
 Vision 
 Vision trumps and overrides all other senses. I loved the story about the wine experts who were fooled by white wine with red dye in it because their eyes said it was red wine. Fascinating to read about the science of how the brain takes in the signals from the eyes, combines both signals, and applies pattern matching to fill in details. This means the brain has creative freedom to insert whatever it wants into our vision. 
 Practical applications: our vision is caught by bold colors, orientations, motion. We remember images better than words because it's easier to pattern match the image, so use images in presentations. 
 Music 
 Music makes us more empathic - we can better recognize the emotions in speech, which helps in social abilities. Making music is 10x better for kids than listening to baby einstein CD's. Listening to music reduced cortisol and stress. 
 Gender 
 Boys and girls have different brain structures. When under stress, men remember the gist of things better, and women remember details and emotions. These quotes describe it well: 
 ""The difference between girls' and boys' communication could be described as the addition of a single powerful word. Boys might say, ""Do this."" Girls would say, ""Let's do this."" 
 ""When girl best friends communicate with each other, they lean in, maintain eye contact, and do a lot of talking. They use their sophisticated verbal talents to cement their relationships. Boys never do this. They rarely face each other directly, preferring either parallel or oblique angles. They make little eye contact, their gaze always casting about the room. They do not use verbal information to cement their relationships. Instead, commotion seems to be the central currency of a little boy's social economy. Doing things physically together is the glue that cements their relationships."" 
 ""In our evolutionary history, having a team that could understand both the gist and details of a given stressful situation helped us conquer the world. Why would the world of business be exempted from that advantage? Having an executive team or work group capable of simultaneously understanding both the emotional forests and the trees of a stressful project, such as a merger, might be a marriage made in business heaven. It could even affect the bottom line."" 
 Exploration 
 We learn by doing, by exploring the world. We take pleasure in that exploration. Discovery based learning is best. Medical school offers the best on the job learning - other types of education should do better to model it. Learn and be curious.",Wed Oct 28 10:36:49 -0700 2015,Wed Oct 28 10:36:49 -0700 2015,Wed Jun 15 00:00:00 -0700 2016,Tue Mar 29 00:00:00 -0700 2016,38,3
8842281e1d1347389f2ab93d60773d4d,22875447,071dc23c5f6dac171554033d84750bd8,5,"I think this is a must read for any leader in a modern business. Google has done a lot of things right both in their products and also in how they run their company and build their culture, and this is a fairly detailed account of how they've built an impressive culture, and is written by someone who knows - their head of HR. I'm a little surprised he told as much as he did - but I suppose it will only help for recruiting. 
 Goodreads is now a subsidiary of Amazon, and I have spent significant time learning to integrate the best of Amazons culture with ours. And I'm happy to say that many - perhaps most - of the best practices listed in the book are also used by Amazon. Things like hiring people smarter than you, hiring committees and having objective people on them, committees to approve promotions, focusing on the two tails, and more. These don't seem to be things all companies do yet - but should. 
 So while much of the practices were things I'm already doing or aware of - there was a lot I learned from the book too. Here are some of the bigger takeaways I had. 
 One of the more interesting ones was the notion to separate performance reviews from compensation discussions. This makes a lot of sense, is something we have already been making progress towards, and is something I'm going to think about more. 
 ""Traditional performance management systems make a big mistake. They combine two things that should be completely separate: performance evaluation and people development. Evaluation is necessary to distribute finite resources, like salary increases or bonus dollars. Development is just as necessary so people grow and improve."" If you want people to grow, don't have those two conversations at the same time. Make development a constant back-and-forth between you and your team members, rather than a year-end surprise."" 
 Another one was giving managers a bi-annual scorecards from their directs on how they did on ~10 dimensions that Google has determined are the determinants of a great manager. And no surprise (but very important to keep in mind), the book found that ""manager quality was the single best predictor of whether employees would stay or leave, supporting the adage that people don't quit companies, they quit bad managers."" While we do a lot of surveys, we haven't packaged up the managers feedback into a report like this, and I think that would be powerful. 
 Laszlo was impressive in citing lots of research to prove his points. It was one of my more favorite things about the book - he is clearly a student of human development. This led to lots of tidbits that apply pretty broadly, and which are great things to keep in mind when building a business. 
 The chapter on nudges was I think my favorite in the book. Pretty cool the depth to which they have taken these - reminds me a lot of the onboarding funnel analysis I've done for Goodreads - paying attention to where you can message timely, relevant, easily actionable messages that will result in people taking desired actions, and a/b testing the results. Pretty impressive they a/b test that kind of stuff at Google! Examples given were around lists on how to onboard someone as a manager, how to be onboarded as a newbie, how to get more people to save money earlier in life and enroll in the 401K program (his data here was impressive - on how people of the same income bracket vary widely on wealth accumulated in their lives based purely on how much they save when they are young), and how to get people to eat healthier by putting the healthier foods in the kitchens more prominently. 
 ""Nudges are an incredibly powerful mechanism for improving teams and organizations. They are also ideally suited to experimentation, so can be tested on smaller populations to fine-tune their results."" 
 Laszlo did a great job of explaining a lot of the psychology behind nudges too. My favorite was the research about checklists, and story about how the Airforce found that even the smartest, best trained pilots can make mistakes, but having checklists reduces their error rates significantly. 
 ""I realized that management too is phenomenally complex. It's a lot to ask of any leader to be a product visionary or a financial genius or a marketing wizard as well as an inspiring manager. But if we could reduce good management to a checklist, we wouldn't need to invest millions of dollars in training, or try to convince people why one style of leadership is better than another. We wouldn't have to change who they were. We could just change how they behave."" 
 ""It turns out checklists really do work, even when the list is almost patronizingly simple. We're human, and we sometimes forget the most basic things."" 
 Another thing I loved was the focus on identifying the people who are best at a specific skill, and designing a program for them to teach that skill to others. G2G (Googlers 2 Googlers). 
 ""Giving employees the opportunity to teach gives them purpose. Even if they don't find meaning in their regular jobs, passing on knowledge is both inspiring and inspirational."" 
 I liked his descriptions of deliberate learning. He gave examples of asking after every meeting ""what did we learn and how could we do better in the future"". And the story about Tiger hitting golf balls at 4am in the rain was pretty sweet. 
 ""Ericsson refers to this as deliberate practice: intentional repetitions of similar, small tasks with immediate feedback, correction, and experimentation."" 
 My favorite tidbit - which I know to be true but is something great to keep in mind - is how to motivate people: let them connect to the people their work is helping. 
 ""even a small connection to the people who benefit from your work not only improves productivity, it also makes people happier. And everyone wants their work to have purpose. 
 Bock, Laszlo (2015-04-07). Work Rules!: Insights from Inside Google That Will Transform How You Live and Lead (pp. 340-341). Grand Central Publishing. Kindle Edition.",Thu Oct 01 22:11:41 -0700 2015,Wed Mar 22 11:47:41 -0700 2017,Sun Dec 27 00:00:00 -0800 2015,Wed Nov 25 00:00:00 -0800 2015,36,2
8842281e1d1347389f2ab93d60773d4d,4866,6136a87d1b3f2156c19b9d27592eeec3,0,https://brianjohnson.me/philosophers-...,Tue Aug 18 20:54:10 -0700 2015,Tue Aug 18 20:58:43 -0700 2015,,,4,0
8842281e1d1347389f2ab93d60773d4d,23158207,ba0435b24656859d21e413868358e6f5,3,"A decent book about Google from it's former CEO and head of product. I am only giving it 3 stars because a lot of it was too vague to be useful or stuff I already knew. However every 5 or 10 pages there was a nugget, or reminder of something I knew but that was good to think about. Also good to see a lot of this all written down in one place. So worthwhile overall, though it did take me a while to plow through. 
 Eric spent a lot of time talking about product excellence. In todays crowded market, products that are better than the rest are the ones that succeed. Better design, functionality, even speed. 
 ""product excellence is now paramount to business success--not control of information, not a stranglehold on distribution, not overwhelming marketing power"" 
 There was also a lot of discussion about how to lead a engineering and product led organization - which is absolutely critical in a technology company. Also discussion how to scale a company and hire smart people. Eric used the prhase ""smart creatives"" to describe the kind of people who will be successful in a technology company - though I'm not so sure they are such a new breed as he makes out. But anyways: identify smart creative people who like tech. Then find those who have the biggest impact and give them more to do, and lots of autonomy. 
 The below was another obvious-yet-interesting-to-think about philosophy of Google's. A good question to ask in any new product or feature is always what technical innovation it has. 
 ""Basing products on technical insights has always been a core principle of Google, but its importance became even more clear to us in 2009, when we reviewed our product line and started to see a pattern emerging: The best products had achieved their success based on technical factors, not business ones, whereas the less stellar ones lacked technical distinction."" 
 This is another quote that I think is a key to success and scaling a company: 
 ""The simple way to keep recruiting in everyone's job description is to measure it. Count referrals and interviews. Measure how quickly people fill out interview feedback forms. Encourage employees to help with recruiting events, and track how often they do. Then make these metrics count when it comes to performance reviews and promotions. Recruiting is everyone's job, so grade it that way."" 
 Other good tips: 
 * keep details about projects people are doing in your phone address book so you can easily look them up anywhere. 
 * Once a year write a self-review and share it with the people you work with. 
 * Clean out your inbox down to 5 emails or less each day. 
 * In a fast paced business the best/only way to get things done is relationships, so pay attention to those. 
 * OKR's and why it's good to stretch yourself, and make them public. 
 * 70/20/10 for resource allocation: 70% on the core business, 20% on emerging, 10% on new. 
 * The way to improve a product is to challenge your smart people. Eg ""these ads suck""",Wed Jul 29 06:36:19 -0700 2015,Wed Dec 14 12:30:43 -0800 2016,Sun Sep 27 00:00:00 -0700 2015,Thu Aug 13 00:00:00 -0700 2015,25,3
8842281e1d1347389f2ab93d60773d4d,22318578,5fe9882bfe4b0520a322820c4c55747d,5,5 stars for giving me a better framework for how to organize my stuff and what stuff to keep than I'd ever had before. For instance it was so freeing to realize I don't have to keep gifts.,Sun Jun 07 12:50:13 -0700 2015,Wed Mar 22 11:36:58 -0700 2017,Sun Aug 09 00:00:00 -0700 2015,Sun Jun 07 00:00:00 -0700 2015,24,3
8842281e1d1347389f2ab93d60773d4d,24189224,dbc01e2438df7a87ee3dc16ee23a53e5,0,Numerous people in publishing have told me this will be the book of the year.,Fri May 29 17:48:57 -0700 2015,Fri May 29 17:49:40 -0700 2015,,,11,5
8842281e1d1347389f2ab93d60773d4d,22551730,754710070f38e1c59a45f6a85473b836,4,"Another hard to put down nonfiction book from Erik Larson. I really enjoyed this book - mostly to learn more about submarine warfare in WWI, but also to learn about the history of the time. How America entered the war, the importance of shipping to England, the ruthlessness and autonomy of German u-boat commanders. Larson also did a great job of layering in interesting historical info (though he overdid it too a little bit). 
 One of the dramas of the story of the Lusitania that Larson focuses on is if the British wanted the Lusitania to be sunk, to help draw America into the war. His conclusion seems to be that was the case, though there isn't conclusive evidence. Before the Lusitania sank, very few Americans had died in the war, and there were hundreds of Americans on the boat when it sank, which definitely helped change America's attitude. And even then, it took 2 years after it sank for America's troops to arrive. 
 ""the most likely explanation is that there was indeed a plot, however imperfect, to endanger the Lusitania in order to involve the United States in the war."" 
 Some of my favorite details from the book were simply about what it took to navigate a u-boat in WW1. For instance: 
 ""In this day before sonar, a submarine traveled utterly blind, trusting entirely in the accuracy of sea charts. One great fear of all U-boat men was that a half-sunk derelict or an uncharted rock might lie in their path."" 
 Which is crazy! Plus, the torpedoes weigh 3 thousand pounds each, so a boat could only carry ~7, and their failure rate was something like 60%. Also, they had limited fuel and operated only on batteries when submerged so they could only stay underwater for limited amounts of time. Given all this, trying to operate a u-boat to sink other boats is a pretty dangerous sounding game of chess. But they certainly had an effect on the war - at one point Britain estimated it would have to surrender in 3 months if it didn't get more supplies. 
 There were a lot of interesting details from the era that Larson wove in that was interesting as well. Stuff like the fact that Ouija boards were commonplace in American households, straw hat day. 
 My main critique is that it had a few too many irrelevant details - about various passengers or what happened the day the boat left dock - and stuff like that - felt a bit padded in that respect. But overall, a great read.",Thu May 07 13:59:32 -0700 2015,Wed Dec 14 12:30:43 -0800 2016,Sat Jul 11 00:00:00 -0700 2015,Wed Jun 24 00:00:00 -0700 2015,20,6
8842281e1d1347389f2ab93d60773d4d,22816087,d11954e6e9e9ddf52aed41d83ce43fa6,5,"I love Stephenson - and this was another hit - absolutely loved it. The great thing about a good Stephenson book is it makes you think about the future in new ways, and this book was no exception. 
 It was really two books, and I certainly didn't see the second one coming. It starts out in modern times and then someone blows up the moon. We don't have time to find out who, as within a few years the fragments of the moon cause the worst asteriod shower earth has ever seen and wipe out all life in earth. We have time to send 1,500 people up into space - and this is their story. 
 The use of robots throughout the books was fascinating to me. Stephenson has clearly looked 10-20 years into our future and correctly predicted how it will go. From robot workers in space, nano-bots, nano-robot weapons, and more - we get a vivid portrayal of how robots might be a part of our future lives. 
 I thought the focus on use of whip technology in space was interesting. And of course, the whole notion of Cradle was just cool - though not sure about it's feasibility.",Wed Apr 29 10:56:44 -0700 2015,Wed Dec 14 12:30:43 -0800 2016,Wed Nov 04 00:00:00 -0800 2015,Sun Sep 27 00:00:00 -0700 2015,40,6
8842281e1d1347389f2ab93d60773d4d,9151181,179fb81e156512bcb3baa3d930bc10bf,3,"An interesting book that describes Howards return to CEO and the challenges of getting Starbucks back on track after massive scaling and the economic downturn of 2008 left it in a vulnerable position. 
 Howard comes across as someone that loves Starbucks - the company he created. His passion for innovation and coffee and making it work are infectious, and learning a little about his leadership style was very interesting. I particularly enjoyed his descriptions of how Starbucks went astray as it had scaled to over 20 thousand stores, and how he tackled bringing it back. ""The Transformation Agenda"" - because sometimes if you give change a name people will believe it's coming. 
 I enjoyed reading about the campaign to close all Starbucks stores to let employees watch a training video. A big statement, one that was very public, and acknowledged they knew they had issues they need to improve. Bold move, and a respected one. 
 My only criticism of the book is that it comes across as a lot of corporate speak. I'm not saying it's inauthentic, just that the kind of language that he needs to motivate his employees is likely different what what he needed to put in this book. But he's clearly an inspirational leader. 
 Howard spent a lot of time focused creating a quality experience for his customers. He realized that every piece of the Starbucks experience was crucial to building a top tier brand that stood for quality and a place that people would want to spend time at. From the smell of coffee in the store (and the related battle to have or not have cheese sandwiches), to choices people have, to the interactions with the baristas. The baristas were crucial, because with over 20 thousand stores, he had to create programs to train them and make sure they had the right values and approach. 
 I still love my Blue Bottle, but I have more respect when I walk into a Starbucks store now.",Sun Mar 08 21:42:32 -0700 2015,Wed Mar 22 11:36:55 -0700 2017,Thu May 28 00:00:00 -0700 2015,Mon Mar 23 00:00:00 -0700 2015,8,1
8842281e1d1347389f2ab93d60773d4d,17290220,22d424a2b0057b18fb6ecf017af7be92,5,One of my favorite books to read to my 5 year old. Rosie learns to have grit and become an engineer! #fathersdream,Sat Nov 08 08:54:03 -0800 2014,Wed Jan 25 13:56:12 -0800 2017,Tue Jan 24 00:00:00 -0800 2017,,4,0
8842281e1d1347389f2ab93d60773d4d,6954929,50ed4431c451d5677d98dd25ca8ec106,5,One of the best and most imaginative childrens books I've ever read. Isadora loves it.,Thu Oct 23 13:46:20 -0700 2014,Thu Oct 23 13:47:00 -0700 2014,,,6,1
8842281e1d1347389f2ab93d60773d4d,18176747,64d7bf6a10f610d8dc6ff377ad04e84d,5,"I haven't read many (any?) books that are written by CEO's for CEO's. If you are a CEO, aspire to be a CEO, or really, manage anyone - you need to read this book. 
 This quote is perhaps my favorite one from the book. At the top, nobody is there to tell you what to do. It's easy to look at some leaders and wonder how they knew what to do to become so successful. Are they just really smart? The truth is that they likely did what everyone else in that situation has to do - get scrappy and just figure it out - and don't give up. 
 ""Great CEOs face the pain. They deal with the sleepless nights, the cold sweats, and what my friend the great Alfred Chuang (legendary cofounder and CEO of BEA Systems) calls ""the torture."" Whenever I meet a successful CEO, I ask them how they did it. Mediocre CEOs point to their brilliant strategic moves or their intuitive business sense or a variety of other self-congratulatory explanations. The great CEOs tend to be remarkably consistent in their answers. They all say, ""I didn't quit."" 
 My second favorite quote from the book speaks to one of the greatest challenges all entrepreneurs face: work/life balance. I like to say ""work hard, play hard"". But sometimes it's easy to forget the play part. Or to buy flowers once in a while. But the cost of those on your health or relationships can cost much more. 
 ""As a company grows, communication becomes its biggest challenge. If the employees fundamentally trust the CEO, then communication will be vastly more efficient than if they don't."" 
 Ben had a lot of great advice on how to hire well, especially executives. Looking to avoid reactionary big company execs when you need someone who will come in and get stuff done proactively. Looking for people who can think on their feet and not make everything a nail for the hammer of their prior experience by asking ""How will your new job differ from your current one?"" Looking for people who are mission driven and use the ""team"" prism instead of the ""me"" prism. He also had advice about onboarding, and training. 
 Hiring for strength instead of lack of weakness. I've definitely seen instances of this - where a candidate is great in some areas that we really need but isn't great at everything. Knowing what you value most is critical here - and I fully admit - not easy to do. 
 ""I'd learned the hard way that when hiring executives, one should follow Colin Powell's instructions and hire for strength rather than lack of weakness."" 
 On hiring internally vs externally. Internal candidates across often do better, which is a great thing to think about when building a team. 
 ""when it comes to CEO succession, internal candidates dramatically outperform external candidates . The core reason is knowledge. Knowledge of technology, prior decisions, culture, personnel, and more tends to be far more difficult to acquire than the skills required to manage a larger organization."" 
 One of my favorite sections was ""Managing strictly by numbers is like painting by numbers"". No matter how well you instrument your metrics and goals, you can ever perfectly encapsulate everything you need your company to be doing. Innovation is often like this - with many big innovations the team will often struggle to find how it drives value as it doesn't seem to hit the core metric. But they can all agree it will improve things. I think a big part of the CEO's job is to have a strong product vision, and to not compromise on it. 
 ""I often see teams that maniacally focus on their metrics around customer acquisition and retention. This usually works well for customer acquisition, but not so well for retention. Why? For many products, metrics often describe the customer acquisition goal in enough detail to provide sufficient management guidance. In contrast, the metrics for customer retention do not provide enough color to be a complete management tool. As a result, many young companies overemphasize retention metrics and do not spend enough time going deep enough on the actual user experience. This generally results in a frantic numbers chase that does not end in a great product."" 
 Ben talked about the difference between CEO's who can set direction for a company (often founding CEO's) and those can can operationally run it as it grows. How great CEOs need to be good at both, and founding CEOs who don't scale are those who don't learn the operational side. And conversely, operational CEOs who don't get good at making decisions about direction will fail. 
 Ben talked about how ""Some employees make products, some make sales; the CEO makes decisions."" The strength of those decisions is built upon having data. Data about what customers think. Data about what employees think. Data about the metrics. A CEO has to be a constant data accumulating machine. Another nuance was that a CEO can make a decision at any point in time with the data they have now, identify what data would change their mind, and seek it out. 
 ""Great CEOs build exceptional strategies for gathering the required information continuously. They embed their quest for intelligence into all of their daily actions from staff meetings to customer meetings to one-on-ones. Winning strategies are built on comprehensive knowledge gathered in every interaction the CEO has with an employee, a customer, a partner, or an investor."" 
 Ben's stories about Loudcloud and Opsware and the Hard Things he dealt with were impressive. I do think they spread too much throughout the book and would have been better concentrated in one part of the book and supplemented by more examples from other companies. But that doesn't detract from one can learn from them. It was strange that he opens each chapter with rap lyrics - that often seem very disconnected to the chapter. I guess he likes rap - but still... 
 Pretty cool Ben had Michael Ovitz as an advisor. And that he modeled A16Z after CAA - where instead of independent agents/VCs, have a shared network - and invest in strategic networks that will help the companies. 
 Michael Ovitz on dealmaking: ""Gentlemen, I've done many deals in my lifetime and through that process, I've developed a methodology, a way of doing things, a philosophy if you will. Within that philosophy, I have certain beliefs. I believe in artificial deadlines. I believe in playing one against the other. I believe in doing everything and anything short of illegal or immoral to get the damned deal done."" 
 One interesting tendency Ben points out is that ""When a company starts to lose its major battles, the truth often becomes the first casualty."". You have to be vigilant in looking for the truth, and have backbone spot it. The reason for this, is that ""humans, particularly those who build things, only listen to leading indicators of good news."" Which is so true! We can always find reasons to excuse away bad news, and reasons to believe good news means more than it should. 
 Ben closes with a quote I really believe in - life is about the journey, not the destination. So you have to embrace the journey. Be so mission driven that the struggles you inevitably face are worth it. ""Life is struggle."" I believe that within that quote lies the most important lesson in entrepreneurship: Embrace the struggle.""",Tue Oct 07 19:00:16 -0700 2014,Wed Dec 21 10:43:14 -0800 2016,Mon Mar 02 00:00:00 -0800 2015,Sat Jan 24 00:00:00 -0800 2015,37,1
8842281e1d1347389f2ab93d60773d4d,5577844,52c8ac49496c153e4a97161e36b2db55,5,"A beautiful story. Neil Gaiman is truly a unique storyteller. I did a combo of reading and listening to this story, and Neil is great at reading as well. I got interested in this book after seeing the movie, which I really enjoyed. The book is similar - maybe a bit more poetic - but I think the plot in the movie is a bit improved (not much, but a bit). 
 I imagine this book came about because Neil read the below poem that he includes in the beginning, and then he invented a plot around it. The result is the book reads like a epic poem - it's creative, magical, and really, just right. 
 Go and catch a falling star, 
 Get with child a mandrake root, 
 Tell me where all past years are, 
 Or who cleft the devil's foot, 
 Teach me to hear mermaids singing, 
 Or to keep off envy's stinging, 
 And find 
 What wind 
 Serves to advance an honest mind. 
 If thou be'st born to strange sights, 
 Things invisible to see, 
 Ride ten thousand days and nights, 
 Till age snow white hairs on thee, 
 Thou, when thou return'st, wilt tell me, 
 All strange wonders that befell thee, 
 And swear, 
 No where 
 Lives a woman true, and fair. 
 If thou find'st one, let me know, 
 Such a pilgrimage were sweet; 
 Yet do not, I would not go, 
 Though at next door we might meet; 
 Though she were true, when you met her, 
 And last, till you write your letter, 
 Yet she 
 Will be 
 False, ere I come, to two, or three. 
 And here is my new favorite quote: ""Have been unavoidably detained by the world. Expect us when you see us.""",Wed Sep 24 09:29:29 -0700 2014,Wed Oct 01 00:31:56 -0700 2014,Tue Sep 30 00:00:00 -0700 2014,Sun Sep 21 00:00:00 -0700 2014,5,1
8842281e1d1347389f2ab93d60773d4d,21792828,9bdae13d09e241db98354b9e298dd4a5,5,"I couldn't put this book down. It was well written - even elegant in a way, as well as though provoking. I love post apocalyptic books as they are great canvas's for humanity, and what matters. In Station Eleven an Ebola-esque virus (the Georgia Flu) knocks out over 99% of the worlds population. This story is told half right before the collapse, and half afterwards, and has several threads that tie together nicely. 
 Reading how civilization and infrastructure all die after the collapse is fascinating. One by one, cable tv, the internet, water, and power all eventually stop working. Nobody is alive to maintain them - or who even knows how. Other infrastructure like gasoline to power cars and airplanes, groceries, guns, and even clothing all become rarer and rarer commodities. Really makes you realize how much we are standing on the shoulder of hundreds of years of progress and knowledge, and how far into the middle ages we could easily fall. We really know nothing individually - our civilization is based upon the collective knowledge of billions. 
 If there is a motto of the book, it's probably this quote: ""Because survival is insufficient"". Humanity craves for more than survival - we crave for something more out of life. The story follows a caravan of actors and musicians who travel from town to town to play Shakespeare, and bring some art and a shared experience. Interesting that of all the artists from the past 400 years, Shakespeare is the one that survives and still resonates. 
 ""All three caravans of the Traveling Symphony are labeled as such, THE TRAVELING SYMPHONY lettered in white on both sides, but the lead caravan carries an additional line of text: Because survival is insufficient."" 
 ""Survival might be insufficient, she'd told Dieter in late-night arguments, but on the other hand, so was Shakespeare."" 
 The storyline pre-collapse that follows Arthur and his three wives is interesting. I won't say much about it, other than Arthur, his wives, and the paparazzi-turned-jounalist-turned-paramedic-turned-doctor Jeevan, seem to all be searching for meaning in their lives. And ironically Jeevan seems to find the most, becoming a doctor after the collapse. Also, I'm glad I'm not a Hollywood celebrity. The conversation between Arthur and Jeevan where Arthur just wants to talk about anything but himself stuck with me - sometimes we are all sick of talking about ourselves. 
 Regardless of what you think about this book, one thing is for sure - after you put it down and walk around the world, you are full of a newfound appreciation and gratitude for everything. Hopefully that appreciation and gratitude will stick around a little - though I know it will fade as months and years go by. 
 ps. This is cool:",Mon Sep 22 13:37:09 -0700 2014,Wed Mar 22 11:47:36 -0700 2017,Thu Nov 20 00:00:00 -0800 2014,Mon Nov 17 00:00:00 -0800 2014,45,4
8842281e1d1347389f2ab93d60773d4d,19816540,c4b189ec81de0820373c7d729e687f81,5,"Recommend this highly for anyone who works in a technology or creative field. Pixars track records is unparalleled - 14 movies and all of them have been massive hits. I had two important takeaways from this book: how to build a great, lasting culture, and how to build a creative company. 
 Catmull's philosophy both around creating movies and managing his company, is to be relentless about remembering that he doesn't know what he doesn't know. In creating a movie, you don't know what it will be when you start. In creating a company, you similarly don't know what it will be, especially at first. But equally importantly when you are scaling it, you don't know the dynamics of what is happening throughout the company - you will have a filtered view based on the (always) incomplete picture you can see. So you have to relentlessly have the mindset to remember that there are dynamics at play that you don't know, and look for them. 
 ""From that day on, I resolved to bring as many hidden problems as possible to light, a process that would require what might seem like an uncommon commitment to self-assessment."" 
 ""I believe the best managers acknowledge and make room for what they do not know--not just because humility is a virtue but because until one adopts that mindset, the most striking breakthroughs cannot occur."" 
 So how did Pixar build 14 hits in a row? They created a highly leveraged feedback loop. They created a culture of open feedback, and encourage anyone in the room - regardless of rank - to have an equal voice. They have lots of ways to get feedback on the film and iterate on it: from daily standup every morning to review scenes, up to braintrust meetings with all the best directors and creative minds to review the story. They spend a lot of time - years - iterating on and nailing the story before putting it into production - and even then they keep iterating. Nothing trumps good story. 
 ""Braintrust meetings require giving candid notes, but they do a great deal more than that. The most productive creative sessions allow for the exploration of myriad trains of thought."" 
 ""The first step is to teach them that everyone at Pixar shows incomplete work, and everyone is free to make suggestions. When they realize this, the embarrassment goes away--and when the embarrassment goes away, people become more creative."" 
 ""in Japanese Zen, that idea of not being constrained by what we already know is called ""beginner's mind."" And people practice for years to recapture and keep ahold of it."" 
 I loved the concept of ""the beast"" - which is the trap of needing to continue to succeed a higher and higher levels. ""It is one of life's cruel ironies that when it comes to feeding the Beast, success only creates more pressure to hurry up and succeed again."" An important point to this was that feeding the beast means bigger and better, and taking less risks. To create something new, you have to have the right leadership to shelter the seed and let it grow. 
 The stories about Steve Jobs were great. Made you respect him even more. For taking a huge financial risk to spin Pixar out of Lucasfilms and then personally float it for a long time, taking even more risk. I loved hearing about how much foresight he had with regards to Disney and negotiating that deal. I also loved the story about the wide screen - basically how Steve responds to passion, and pushes people until he finds where it is. This quote explains it well: 
 His method for taking the measure of a room was saying something definitive and outrageous--""These charts are bullshit!"" or ""This deal is crap!""--and watching people react. If you were brave enough to come back at him, he often respected it--poking at you, then registering your response, was his way of deducing what you thought and whether you had the guts to champion it.""",Fri Aug 29 14:21:57 -0700 2014,Tue Nov 18 01:38:37 -0800 2014,Fri Nov 07 00:00:00 -0800 2014,Thu Sep 18 00:00:00 -0700 2014,26,3
8842281e1d1347389f2ab93d60773d4d,17855756,9db60af739f79f40c0016b924a5326b4,4,"What a fun series. I loved Wool, and Dust and Shift both gave us the backstory to explain the world and how it ended up. I think the first book was by far the best, but this gave us a nice conclusion. 
 It was the conclusion we wanted to see - the people finally get outside! My problem with this book is there were lots of holes. A lot of the other reviews have pointed this out too, and I'm not sure if the fact I know it was self-published is biasing me to say it could have used more editing, but feels that way a little. But the writing was great. 
 There were lots of things that weren't cleared up or never really fully made sense. The major one is why Thurman really felt the need to destroy the whole world - feels like there could have been a lot more to that. It also wasn't clear how he really accomplished that - was it all nuclear or was it nano? If nuclear, wouldn't the world really be a wasteland? 
 Whatever happened to silo 40 and other silo's that went dark? I was kind of expecting that they had already broken outside and would have been waiting there. Or perhaps they already went to the sea and Hugh will tell us their story later. 
 What happens to the other silos after silo one is destroyed? Didn't it power their server rooms and probably provide other stuff including guidance to the silo heads? Will they make the 200 years on their own? 
 The mystery of silo 17 and why the dead bodies at the top didn't rot was never really explained. I'm guessing they were kept whole by healing nano's, but it felt like there was more to that story. 
 I didn't understand why Anna didn't come back to life. If Thurman could do so after being killed by Donald, why not her? All the love stories (Juliet and Kyle, Donald and Anna, etc ended up sadly - I wanted one happy one. 
 If anything, I think this book is about hope and resiliency. Jules and Donald and even Solo weren't perfect, and suffered through a lot, but the only thing that kept them going was hope of a better life, and determination to keep themselves alive. That determination defined them and was what we admired about them. The hope was what gave them their drive. Hope is a powerful and necessary part of human psychology.",Sat Jul 26 10:54:20 -0700 2014,Sat Jul 26 13:10:06 -0700 2014,Sat Jul 26 13:10:06 -0700 2014,,3,1
8842281e1d1347389f2ab93d60773d4d,16158596,6ff8bbc4856aa403bbd8990407c9c77a,0,Recommended by David Risher,Mon Jul 07 10:56:15 -0700 2014,Mon Jul 07 10:56:39 -0700 2014,,,0,0
8842281e1d1347389f2ab93d60773d4d,12961964,04659501bdec2cf924d5cb0348ca1d8f,4,"A classic dystopian novel published in 1985, but still very relevant - and even trending in 2017 due to the political climate. I liked how it unfolded - we learn about the state of the world and what has happened to it very piecemeal throughout the book, and I think if Atwood had just described it all up front it wouldn't have been nearly as compelling. 
 This book seems to be a kind of warning. It describes a future state that is chilling and depressing, and yet (to the point) chillingly possible. It describes a society that has - for reasons we never quite learn (but might have to do with radiation or sterilization?) remade itself from one where everyone has basic freedom and choice, to one that is the opposite of that. Pleasure, poverty, and other evils are eliminated in this system. And most chillingly, women have almost no rights. The books main character is a ""hand maiden"" who's only role is to bear children from the person who seems to have purchased/acquired her for that purpose. She doesn't even have a proper name anymore - she is called ""Offred"" because she is the property ""of Fred"". 
 ""We were a society dying, said Aunt Lydia, of too much choice."" 
 A lot of the book explores themes like the above - what it would be like to take away basic freedoms, choices, and also ability to have relationships with others. Chilling and depressing, because so much of what we value in modern society is our freedom. And yet, we do know that too much choice does paralyze, and many people want leaders and situations that simplify the decisions they have to make. This might sound like a balance, but its not, because our ability to make choice, especially bad choices, is actually crucial to our development. 
 ""Better never means better for everyone, he says. It always means worse, for some."" 
 This was an insightful sentence, because it implied the commander thought they were making society better, not worse, overall. And yet clearly for everyone in the book - including the commander - it doesn't sound better. Did they just miss the mark? Was it a big experiment gone wrong? Regardless, in todays world this sentence is perhaps most applicable: 
 ""We lived, as usual, by ignoring. Ignoring isn't the same as ignorance, you have to work at it. Nothing changes instantaneously: in a gradually heating bathtub you'd be boiled to death before you knew it.""",Thu May 22 10:25:45 -0700 2014,Sun Apr 23 13:55:20 -0700 2017,Sat Apr 15 17:11:13 -0700 2017,Tue Mar 21 01:42:39 -0700 2017,60,2
8842281e1d1347389f2ab93d60773d4d,8125726,39bdabfebf42c6dce73d0299a23b3964,5,"Great explanation of the theory of constraints and operations management. It's a business classic- first published in 1984 - but still relevant as it gets at the fundamentals. I almost removed a star for trying to create a fictional story to tell the book in that was badly told/edited. Did we really need the side story about the protagonists marital issues? 
 One of the biggest takeaways from this book is that it's incredibly important to set the right goals to manage a complex operation. This sounds obvious and intuitive, however it's actually much harder than most people think, and easy to get wrong. It gets down to the question of: is everyone working on the ""right things"". The things that will lead to the business making the most money. It's too easy to find a things that are easily measurable and saying ""this thing is correlated with our success, so let's focus on it"". It sounds like ""cost accounting"" fit into that bucket. 
 ""What you're saying is that making an employee work and profiting from that work are two different things."" 
 So how do you set the right goals? Focus on making money! 
 ""So this is the goal: To make money by increasing net profit, while simultaneously increasing return on investment, and simultaneously increasing cash flow."" 
 One of the drivers of making money in any business that creates a product is throughput, or how fast a product can be made. The others are costs/operating expenses, and inventory. One of the key concepts of the book is that focusing on throughput rather than costs will yield much better results. 
 ""The entire bottleneck concept is not geared to decrease operating expense, it's focused on increasing throughput."" 
 The bottleneck theory, or the theory of constraints, was very useful to think about. My company produces software and not physical products, but each feature we develop definitely has steps it has to go through: creating the concept, research, spec, design, implementation (backend and client), testing, QA, measure results, analyze them, iterate, etc. Focusing on where the bottlenecks are with that process can help us move faster. And every startup needs to be moving fast - and not just at building - we need to be doing build, measure, learn as fast as we can. 
 A consequence of the bottleneck theory that is useful to keep in mind is that in any system only the bottlenecks should be 100% utilized. Every manager will have a natural tendency to want to utilize all their resources to 100% because that just seems... wasteful if you don't. People should be working full time right? But a system can only run at the speed of the slowest bottleneck, so non-bottlenecks will by definition have spare cycles, and it's important to keep them open for the important work and not fill it up with unimportant stuff that will bog them down when you actually need them on the important stuff. 
 I've seen this happen many times in software. An engineer finishes a project, and the big important project coming from the design team isn't done yet, so he picks up something small in the meantime. The next day that big important project is ready to go, but the engineer only needs ""one more day"" to finish this thing he started. And then that day becomes two and then three (because we didn't count QA). And then we've lost 3 days on our most important project for another project that doesn't matter at all. Add that up across a large number of developers, and you've lost a lot of time. 
 The theory of constraints is not limited to manufacturing, as the author shows. In the end, he is advocating it as a method or process of learning. 
 STEP 1. Identify the system's bottlenecks. 
 STEP 2. Decide how to exploit the bottlenecks. 
 STEP 3. Subordinate everything else to the above decision. 
 STEP 4. Elevate the system's bottlenecks. 
 STEP 5. If, in a previous step, a bottleneck has been broken go back to step 1.",Mon May 05 11:27:56 -0700 2014,Fri May 23 01:42:12 -0700 2014,Sun May 18 00:00:00 -0700 2014,Mon May 05 00:00:00 -0700 2014,23,3
8842281e1d1347389f2ab93d60773d4d,17315048,885c772fb033b041f42d57cef5be0a43,5,"Mark Watney is a steely-eyed missile man. A man's man. A badass mechanical engineer botanist astronaut who is stranded on Mars during a Nasa mission gone wrong, and left to fend for himself. I listened to this on audio on a roadtrip, and it flew by - what a fun story. Not surprised at all it's being made into a movie directed by Ridley Scott starring Matt Damon. Also pretty amazing is that it was self-published. 
 There were two great things about this book: the humor and the science. The science appealed to the mechanical engineer in me - Watney is a bit like McGyver except he knows a lot more about chemistry and botany. I didn't double-check all the science, but loved the descriptions of all the math: calorie calculations, creating water, etc. Just fun stuff. 
 But the humor was top notch. Weir does a great job portraying a stranded man trying to remain upbeat by talking to himself in log entries. And the excellent audio narrator only made it better. 
 ""I started the day with some nothin' tea. Nothin' tea is easy to make. First, get some hot water, then add nothin'."" 
 ""Yes, of course duct tape works in a near-vacuum. Duct tape works anywhere. Duct tape is magic and should be worshiped."" 
 ""Live Another Sol would be an awesome name for a James Bond movie."" 
 In the end, a well told story of survival against the odds. And one of belief - I liked the CNN Mark Watney watch - you could totally imagine how into this story the media would get. We humans love a good surviving against the odds story.",Sat Apr 05 09:30:53 -0700 2014,Wed Mar 22 11:33:10 -0700 2017,Mon Aug 25 00:00:00 -0700 2014,Sat Aug 16 00:00:00 -0700 2014,25,5
8842281e1d1347389f2ab93d60773d4d,17860739,022bb6daffa49adc27f6b20b6ebeb37d,4,"An amazing and unique creation: JJ Abrams and Doug Dorst created what reads like a classic work of fiction - something you can easily imagine having read in English class - and then wrote a intriguing side story in the margins. A grad student (Eric) has left his annotated copy of SOT (Ship of Theseus) in the library, and an undergrad (Jen) finds it and replies to his annotations. This leads to them making exciting discoveries about the book, and also falling in love. 
 The first thing is this book is just beautifully printed. It looks and feels like a classic book, to the point where people would ask me why I'm reading such an old book. The marginalia feels real, and I can only imagine how hard that was to print. This is one that will be cool to keep on the shelves. Only complaint is the inserts are a cool idea, but they fall out all the time, and at this point I have no idea which pages they were supposed to be on. 
 The most interesting thing about this book to me is that it's a blueprint for how people discuss books. Sometimes they discuss the content of the book. Other times they use the content as a jumping off point to have a personal discussion. The nature of this book shows both, almost split 50/50. A key difference with this book - and the genius of it - is that most of us have to rely on memory to start a conversation with someone about a particular event or passage in the book. Here, our characters can literally underline a phrase like ""relationships"" and then talk about what is happening in their relationship at the moment. 
 One thing I didn't realize until later in the book is that the ship of Theseus is a real thing - it's an ancient Greek philosophical question - if you replace all the parts of something, is it still the same object? This inspires the ship that S is captured on, which sails through the mists of time, always getting fixed when needed. It's a ship that can't die. Or a series of ships :) 
 I found the story of Jen & Eric a lot more compelling than the SOT story. They were real characters that you could relate to. SOT felt like books you read in english class - a bit obtuse - and I still don't understand it all. But don't get me wrong - it's a pretty cool story. I particularly enjoyed the themes - like how it all begins and ends with water, and also how it was a lot about Straka's regret to fulfill his mission instead of living his life with his true love. Kind of like how S was on a mission, but didn't really know why - he just found himself caught up in it.",Wed Mar 26 13:51:30 -0700 2014,Tue Sep 23 01:44:36 -0700 2014,Sun Sep 21 00:00:00 -0700 2014,Sat Jul 26 00:00:00 -0700 2014,7,0
8842281e1d1347389f2ab93d60773d4d,137554,6f74c6ca4ac2be7c71237d4d0fd4623d,0,Sacca and Nate recommend,Thu Mar 20 10:12:34 -0700 2014,Thu Mar 20 10:13:07 -0700 2014,,,4,0
8842281e1d1347389f2ab93d60773d4d,210009,ff905f86a19cd9c26667fa0245bc1ea7,5,"One of the best books on leadership I've read. Many people struggle to articulate what leadership really is. This book put a more fine point on it, suggesting that leadership is creating change. The author likes the word ""adaptive change"". Once a solution to an issue has been accepted and is in motion, it becomes a management issue - a matter of execution - not a leadership issue. Creating change is not easy: 
 An adaptive change that is beneficial to the organization as a whole may clearly and tangibly hurt some of those who had benefited from the world being left behind. 
 An important point the book made was people can generally only stand so much change at a time. So you have to limit the amount of change you are creating at any given point. A leader also helps people get through the change. They have to acknowledge the change and that it will be difficult, and convincingly paint the picture of why it's worth going through. 
 When you lead people through difficult change, you take them on an emotional roller coaster because you are asking them to relinquish something--a belief, a value, a behavior--that they hold dear. People can stand only so much change at any one time. 
 Another good concept was that of finding the ""orienting value"", and finding ways to drive it home and constantly remind people of it. For instance, Roosevelts New Deal or MLK's I Have A Dream speech. Create an image that people can latch onto and keep repeating that everywhere. 
 To sustain momentum through a period of difficult change, you have to find ways to remind people of the orienting value--the positive vision--that makes the current angst worthwhile. 
 Sometimes, conflict has to be worked out among constituents instead of having a solution dictated. I loved the story about Scottie Pippen disobeying Phil Jackson, and then Jackson saying to the team What happened has hurt us. Now you have to work this out. and then leaving the room. Solutions are often achieved when the people with the problem go through the process of creating the solution together. 
 I liked how the book got into the deeper meaning of life in the end. I've always believed that people need purpose in life, and the authors confirmed that, but warned against getting too wedded to one particular purpose. A useful reminder that the person makes the purpose, not the other way around. We can love our jobs, but it's dangerous to let them define us.",Mon Mar 10 00:06:50 -0700 2014,Mon Jul 07 00:49:16 -0700 2014,Mon Jun 30 00:00:00 -0700 2014,Mon Mar 10 00:00:00 -0700 2014,7,1
8842281e1d1347389f2ab93d60773d4d,5064,da4757c50c0edb081ca124d33db8186b,5,"I tore through The Pillars of the Earth, and couldn't wait to pick this up. Set in Kingsbridge but a few centuries later, the story has a lot of similar elements: a cathedral that needs repair, a brilliant young builder (Merthin), a love story, a priorship up for grabs, and of course political manuevering, backstabbing and evil church officials. Also like the first one, the characters were developed well, the book was hard to put down, and yet it wasn't a deep book, just a fun one. Thank goodness I finished - it was causing me to lose sleep. 
 I did enjoy learning about the plague, and medieval ideas on health and medicine. Amazing that the plague wiped about a third of the human population, and how little they knew about it. Was frustrated by the lack of the Monks openness to learn new things, and how little they trusted women. For instance they believed in bleeding as a solution to everything when it actually is harmful in most cases. Also was interesting that there was no such thing as a doctor - instead nuns/monks/etc served that role.",Sun Mar 02 12:34:19 -0800 2014,Tue May 06 10:47:06 -0700 2014,Sun Apr 27 00:00:00 -0700 2014,Thu Apr 17 00:00:00 -0700 2014,2,2
8842281e1d1347389f2ab93d60773d4d,19404862,cb51bb39b5375d8cb34805f8ac8b6cea,4,"Extremely valuable book for anyone building products designed to engage people frequently. Given that I think daily about how to make Goodreads better and more engaging for people, this was a useful book. I think I knew a lot of it already, but often being forced to think about things again can be useful - and there are a few useful new ways of thinking about things that I learned. 
 One of the main useful ideas the book talks about in engaging users is having triggers to bring the user back to the product. This can be an external trigger - like an email or notification or ad that brings the user back - but the best products also form internal triggers. Ever get bored or lonely and find yourself on Facebook? Or wondering what is happening in the world and end up on Twitter? Or see something beautiful or inspiring and then pull out Instagram? Or feel the need to escape and relax and open a book or turn on a movie or a sports game? Our emotions often drive our behavior, and each emotion is mapped to a set of products we could use to ""scratch the itch"" of whatever we are feeling. These mappings become habits. 
 ""Once a technology has created an association in users' minds that the product is the solution of choice, they return on their own, no longer needing prompts from external triggers."" 
 I think my favorite external triggers mentioned in the book were from the bible app example, where it sent a push notification to people if they walked into a strip club! And it sent another one on xmas day that did well. Timely matters! 
 Nir then talks about how to get users to take actions. The framework is obvious, but very true, and useful to remember when evaluating products. It's fairly well summed up in the below quote. There was a lot of good discussion about point #2 in terms of having simple design, being mobile, etc. 
 there are three ingredients required to initiate any and all behaviors: (1) the user must have sufficient motivation; (2) the user must have the ability to complete the desired action; and (3) a trigger must be present to activate the behavior."" 
 Another point Nir makes around actions - which is also an obvious one but worth really paying attention to when designing a product - is around getting frequent engagement with a product when a user is new to it. 
 ""For new behaviors to really take hold, they must occur often."" 
 ""frequent engagement with a product--especially over a short period of time--increases the likelihood of forming new routines."" 
 The author then talks about variable rewards. I've known that variability - or serendipitousness as I like to think of it - is a very important driver of any engaging product. It's why we love sports, gambling, games, Facebook newsfeed, and good stories - not knowing what we'll find is exciting. Nir breaks down variable rewards into three types - the tribe, the hunt, and the self. The tribe is social validation - think of Facebook likes on content you posted. The hunt is something intrinsic in our brains that dates back to prehistoric times when we literally lived for the hunt - think of hunting for interesting content on your Twitter feed, or gambling looking for payoffs. The self is more for personal gratification - wanting to complete a puzzle you started or beat a video game you started.",Tue Jan 07 00:58:43 -0800 2014,Wed Mar 22 11:47:28 -0700 2017,Thu Dec 18 00:00:00 -0800 2014,Tue Nov 25 00:00:00 -0800 2014,48,2
8842281e1d1347389f2ab93d60773d4d,8545079,c439d156b3902465ff5f42de46aa074f,5,"5 stars for being a un-put-downable page-turner, full of interesting and engaging characters I empathized with, and for teaching me about the politics and religion of the middle ages. Follet is a thriller writer, and it shows. 
 Fascinating that in medieval times, most villages were surrounded by walls (or were inside a castle) - because you couldn't count on the law to marauding rival lords from raping and pillaging your village. And the largest buildings other than the local lords castle, were cathedrals. Why did people spend so much time an energy building these huge monuments to God that took 10-20 years to build? The book explains that bit, with the importance of the Church in society and it's relation to the crown. 
 I am having trouble putting my finger on what I liked about the book. To friends who asked, I can't sell it every well. But it was a epic saga of love and power, and I loved every second. I think in the end, the lesson was that creating enemies leads you to get what you deserve. This might be a good summary of the book: 
 ""The duck swallows the worm, the fox kills the duck, the men shoot the fox, and the devil hunts the men."" 
 For the record, I hate William Hamleigh. I love Jack - he reminds me a bit of Howard Roark. And Aliena was inspirational. Philip was a prude but a good dude - I still can't believe he forgave Remigius. Interestingly, Waleran is once described as good person who just misunderstood his priorities - but I don't buy that.",Sat Dec 28 21:53:51 -0800 2013,Mon Apr 11 02:39:22 -0700 2016,Mon Mar 10 00:00:00 -0700 2014,Mon Feb 10 00:00:00 -0800 2014,13,2
8842281e1d1347389f2ab93d60773d4d,460548,1e4de11dd4fa4b7ffa59b6c69a6b28e9,5,My daughter is loving this. Published in the 60's and one of the best I've found!,Mon Dec 02 10:43:59 -0800 2013,Wed Mar 22 11:47:25 -0700 2017,,,5,4
8842281e1d1347389f2ab93d60773d4d,18659415,4e652faa682edfcb0c0e1effdd1f8e58,4,"The Circle is a new bay area company, but is really Google+Facebook. It dominates search and social media, has a huge sprawling campus in the south bay, and is full of intelligent, ambitious young employees. This story is I think a take on where the connected nature of the internet might be taking us. It's essentially a discussion about privacy vs openness, and I think a serious 1984-esque warning about being too open. 
 I thought a lot of the book was kind of shallow and unrealistic. The characters weren't very well developed. And I can't imagine an HR department that would get on your case for not using social media or attending a brunch you were invited too - it was just too extreme to believe. But I suppose that was on purpose, as the author was just making a point. I appreciated the point (see below), but didn't love the story. 
 Mark Zuckerberg has been fairly public on saying that he believes a more open society is a better one. The notion is exactly the one Mae learns with the kayak incident - if your whole life is open to your friends and family, it's very hard to do anything dishonest or that you might regret. The premise of the Circle - that privacy and secrecy are bad - is taking this idea to an extreme that I doubt Zuckerberg or anyone else who runs a social network has ever contemplated: complete openness. Or as its motto says: 
 All That Happens Must Be Known. 
 It is easy to imagine us eventually living in a world like the Circle contemplates. With public video cameras everywhere that document everything we do, and tons more data (photos, videos, texts) available to search engines to scan through. Already there are startups like Dropcam that enable public video feeds that are archived. There are atm and building and traffic cameras everywhere that the police already use. I heard of another startup that puts a video camera on you and it takes photos of everything all day and creates a montage of your day that is searchable/sortable for you. In many ways, we should already start acting like everything we do at least outside of our homes is being recorded on camera. 
 I think the central question the book poses is the one Bailey contemplates with Mae: is there such a thing as a good secret? Should we have privacy at all? Or would the world at large be better off if all secrets are known? I think we know where Mr Eggers stands on the subject, as the book seemed to be written in a dystopian, mocking kind of way. But it is in an interesting thought experiment, as many secrets would ultimately be better overall (not necessarily for the disclosing party, but for the overall situation), if they were known. For example you don't want to tell your friend that you know their significant other is cheating on them b/c you aren't supposed to know, but ultimately it would be better for them to know. Can you think of a secret you know that should be a secret? 
 But of course, there are lots of secrets that should stay secrets. Ignorance often truly is bliss, and people often just need to be weird and express themselves in ways that not everyone would appreciate if it were open. We are private beings, and yet our dignity and sense of self-worth largely stems from how others perceive us. I think this book is a thought-provoking story that shows us how our society is changing.",Wed Nov 20 17:02:03 -0800 2013,Fri Jan 10 21:19:05 -0800 2014,Sun Dec 22 00:00:00 -0800 2013,Wed Dec 18 00:00:00 -0800 2013,30,1
8842281e1d1347389f2ab93d60773d4d,123715,3fab162bbd3f1c9b358a8c06a4da135b,4,"I think there is one big idea to Slack that makes it worth reading for anyone dealing with leadership or leading at scale. A lot of the rest of the book is fairly obvious or not practical, so not giving it five stars. 
 The big idea of this book is that creativity can't be rushed, and if you don't build the slack into your schedule to spend some time creatively thinking about your business, you won't be able to innovate. You will only be able to be reactive, not proactive. The ""Hurry Up"" mindset is so easy to slip into - because there is always more to do than there is time. Providing a theory and data around the fact that having slack in your schedule is not only ok, but it's a good thing, is almost counter-intuitive, and thus really valuable to think about. 
 The book talks about how some companies slip into a ""hurry up"" mindset where everyone wants to look busy all the time. The danger of being busy is that you can too easily - especially if you are only being reactive - be busy on working on the wrong stuff. 
 ""Very successful companies have never struck me as particularly busy; in fact, they are, as a group, rather laid-back. Energy is evident in the workplace, but it's not the energy tinged with fear that comes from being slightly behind on everything."" 
 When managing people there is another kind of slack that the book points out: the slack to give up control to someone. Highly functioning people like to own their goals and process and have leeway to accomplish them on their own. As a manager, one of the hardest tasks is to balance giving them that autonomy with occasionally checking in or diving in to make sure things are on track. If you do it too much, you will annoy people or cause them to leave - if you do it too little your team could be wasting time heading in the wrong direction. 
 Other interesting points: 
 * In a hurry up organization, there is a natural tendency to try to get people to work harder/more to meet deadlines. While this can work over short stints, it's generally not sustainable. In fact, the book had a bunch of data to show that on average overtime hours aren't more productive. 
 * They analyzed the ""star performers"" in a number of companies, and the only thing they had in common they could point to was the strength of their networks. Establishing good connections and doing favors for others let's you get stuff done faster when you need to. 
 * The book makes a point that setting Quality goals for companies can be dangerous b/c you can so easily focus on the wrong metrics. For instance, reducing the number of bugs is correlated with quality, but it isn't the same thing as making a great product. This seems pretty obvious, so I'm not sure why it needed to be included in the book. 
 * It's important to set a vision for the organizations culture. The culture are those things that are so important to the organization that they should never change. If a organization lacks those, it will define itself as status quo and resist all change. 
 * Effective leaders build up trust, often before they've even earned it. The most effective way to do this is to acquire trust by giving trust. The act of giving trust is an enormously powerful gesture. The author told a story about a woman giving him her 2 year old daughter to carry off the plane. The trust she showed impressed him. 
 A great summary of the book: 
 ""Reinvention takes place in the middle of the organization, so the first requisite is that there has to be a middle. I'll assume your organization still has one. Now pour in some slack, increase safety, and take steps to break down managerial isolation. Viola, the formula for middle-of-the-hierarchy reinvention.""",Fri Nov 08 15:25:13 -0800 2013,Wed Apr 16 22:14:58 -0700 2014,Sat Apr 12 00:00:00 -0700 2014,Fri Dec 27 00:00:00 -0800 2013,13,0
8842281e1d1347389f2ab93d60773d4d,17451257,f43ec67af36581ae493216dba81af2b4,5,"A fascinating in-depth and well researched look at the processed food industry. I recommend this for anyone who buys food at a grocery or convenience store (aka everyone). I read this book hoping to learn more about processed foods and how to avoid them, and I definitely got what I was looking for. Before reading this I was trying to avoid processed foods, and this book has helped increase that resolve, as well as educated me more on how to do it. It is absolutely amazing and frightening how many processed foods - some of which I remember fondly like Capri Sun - have enough salt/sugar/fat to easily account for a quarter or half of your daily recommended limit. This makes it super easy to go way over, and the result is unhealthy, fat Americans. 
 One of the more powerful things of this book was that Moss went deep into the food industry to really understand the dynamics at play. He didn't just demonize them for making the US one of the fattest countries in the world. He interviewed dozens of insiders - current and retired, to get their perspectives. 
 And the bottom line is scary. The food industry has zero incentive to produce healthier food. Because the high calorie food that they make that is stuffed with salt, sugar, and fat sells really well. It's tasty and convenient and cheap, and people buy whats tasty, and have no time or money to make or buy healthier options. And when the industry has tried to reduce the salt, sugar or fat, every time they find that it doesn't sell as well. Sure they have made some incremental improvements here and there, but by and large, the grocery store is a scary place if you don't want to vastly exceed your daily caloric intake. 
 It seems clear to me that things will never get better without government intervention - something that Moss also concludes in the book. Trying to understand a food label is impossible for most people, as (1) you have to know by heart the daily recommended values for calories, salt, sugar, and fat, and (2) you have to do math to figure out how many servings you are eating. Doing both of these just won't happen for 99% of the population, and thus we are where we are. We cannot rely on the food industry to make healthier products - we have make them do so by choosing with our wallets. 
 In my opinion, the FDA or someone in the government needs to get a good designer to fix food labels and get them to a state where any American can easily look at them and go ""oh my gosh this [can of pasta sauce] will account for [a quarter] of my daily recommended [caloric/protein/fat/sugar] intake if I eat it"". Maybe some startup can combine a phone camera and some image recognition to do this. The right organization to drive this is the FDA, but they are not acting. 
 So why doesn't the government act to prevent the obesity epidemic (and yes, that word is appropriate)? Moss spends a bit of time in the book examining this question, interviewing people at the FDA and the Dept of Agriculture. His conclusion is that they aren't incentivized or enabled to act. The food industry is well capitalized and has - for some inescapable reason to me - been able to fight every report of how bad their products are. Regulation is a tricky subject in America, but it seems that even the role of getting information to Americans about how to protect their health is completely broken. 
 One of the more interesting things I learned from the book is how sophisticated the food industry is in marketing their products. Their segmentation is impressive, and they find the right products, messages and mediums for each segment. They have learned to be on top of trends and perform slight of hand tricks with ease. For instance Americans initially loved their breakfasted cereals when marketed using the word ""sugar"". When people finally caught on that many of these were 50-70% sugar (!!!) the industry changed their marketing to promote other aspects, and removed the word sugar. Sugar Frosted Flakes became Frosted Flakes. Same thing for ""low salt"" or ""low fat"" or ""includes some vitamin or nutrient"" trends. 
 This is good to know if you are in the grocery store, as they still use these tricks. If a product is ""low sugar"", it's probably high in fat and/or salt, and same for ""low fat"" or ""low salt"". Or they will pick a nutrient or vitamin and promote that to hide the high amounts of salt, sugar & fat - for instance Tang was marketed as having lots of Vitamin-C (but was and is really bad for you). 
 One of the biggest trends that led to processed food in the past 40 years is summed up by the word ""convenience"". That's been a big part of the food industries marketing tactics, and it's worked. Life has become increasingly busy and complex, and we don't have time to go to work *and* shop for and cook a healthy meal. An aspect of this that I hadn't thought about is the rise of dual-working families - we have gone from 50% of women in the workforce in 1970 to 80% today. Families simply don't have time when both parents work to spend hours cooking when they get home. Thus, ""convenience"", or foods that are easy to buy and make, have risen drastically in that timeframe. 
 Emotionally, I could see how this marketing worked on me as a kid. Hearing about products that I used to eat and remembered fondly was kind of sad. Capri Sun, lunchables, hot pockets are just a few such examples mentioned in the book, none of which is particularly good for you. 
 The most damning evidence Moss finds is that none of the executives or insiders he talked to eat their own dogfood. In fact, they all have diets that explicitly prohibit it. I think that's very telling. 
 Overall, I think book will open your eyes to the ""battlefield"" for space and attention that goes on in the grocery store, and to pay more attention to the labels. That's a big educational process, but one which everyone needs to learn how to do. We need to force the food industry to stop producing foods that are unhealthy by stopping buying them.",Sun Jul 07 08:00:29 -0700 2013,Sun Jul 07 08:00:29 -0700 2013,Sun Jan 31 00:00:00 -0800 2016,Tue Jan 12 00:00:00 -0800 2016,28,4
8842281e1d1347389f2ab93d60773d4d,13526165,51fe3e46c7f8eb39f5623d1bd8bbbbfc,5,"My wife suggested I read this book, and I resisted for a while as my impression of it somehow was ""not for me"" - but I was wrong! I'm glad she finally convinced me, because it was fun and I couldn't put it down after I got ~20% in. 
 Bernadette moved to Seattle from LA, abandons her career as an architect to have kids, hates Seattle, and basically loses it over the course of the book. The book was fun and written a light, humorous tone - from making fun of Seattle and Microsoft, the obsession of parents and how serious they take themselves (I loved how she called the other parents ""gnats""), to how she hires a virtual assistant in India. 
 But the most fun part of the book is just how wacky Bernadette is. You really do have to make life fun - it won't do it for you. 
 ""That's right,' she told the girls. 'You are bored. And I'm going to let you in on a little secret about life. You think it's boring now? Well, it only gets more boring. The sooner you learn it's on you to make life interesting, the better off you'll be.""",Thu May 30 20:25:19 -0700 2013,Wed Mar 22 11:47:21 -0700 2017,Wed Mar 18 00:00:00 -0700 2015,Tue Mar 10 00:00:00 -0700 2015,23,5
8842281e1d1347389f2ab93d60773d4d,8622058,43557cf2ffe572c2a7d814f2b48fffbc,5,"A wonderful, beautifully written, poignant, subtle, and brilliant novel. 
 This is the story of an English butler of one the great houses, whose self value comes from his duty and his dignity, and who questions his values and his life in the end. It is ultimately a story of regret. It is a story that makes you want to live your life and dedicate yourself to things that you won't regret when you look back. One of the best ways of thinking about regret I've ever come across is from Jeff Bezos in his nerdily titled Regret Minimization Framework. 
 But what I really loved about the novel is how slow and forcefully it builds. I don't think I've read a book that does that so well since Pride and Prejudice. In the beginning you think it's just a butler going on a motoring trip. And at the end, your heart is breaking. 
 Dignity is a big theme in the novel. Stevens attempts to define dignity several times throughout the novel - his definition generally has to do with self-respect and keeping ones emotions in check. But you have to wonder - his is suppression of emotions what leads him to where he ends up? His pushing himself to ""banter"" is a an interesting indication of him trying to break that pattern. 
 ""We may now understand better, too, why my father was so fond of the story of the butler who failed to panic on discovering a tiger under the dining table; it was because he knew instinctively that somewhere in this story lay the kernel of what true 'dignity' is."" 
 ""What do you think dignity's all about?' The directness of the inquiry did, I admit, take me rather by surprise. 'It's rather a hard thing to explain in a few words, sir,' I said. 'But I suspect it comes down to not removing one's clothing in public."" 
 In the end, Stevens breaks your heart in two ways: he missed out on the love of his life, AND he realizes that he dedicated his life to serving a man who in the end wasn't the great man he thought he was. Good reminder: prioritize love first. And work on things that matter. 
 Another aspect I loved is just learning about the era and how things in England worked. Fascinating for instance that multi-day stays at large estates were the only way to get a bunch of people together to communicate on an issue. Today, we communicate in very different ways. Seems appealing to try that way. 
 I'll conclude this with another of my favorite quotes from the novel: 
 You've got to enjoy yourself. The evening's the best part of the day. You've done your day's work. Now you can put your feet up and enjoy it. That's how I look at it. Ask anybody, they'll all tell you. The evening's the best part of the day.",Tue May 14 14:30:29 -0700 2013,Wed Mar 22 11:36:39 -0700 2017,Tue Jan 12 00:00:00 -0800 2016,Sat Jan 02 00:00:00 -0800 2016,44,6
8842281e1d1347389f2ab93d60773d4d,16033093,4ae04876a9b306d9dfd966060a981d63,4,"A thought-provoking book about what makes people succeed. I thought it would be useful as a parent, but it wasn't really focused on children at all - it was more about our education system. 
 It was interesting to me that it could be proven that getting a GED had no positive correlation on future success. It was even more interesting that they could correlate adverse childhood experiences to negative adult outcomes. Stress, it turns out, is very harmful especially to younger people. Stress activates a physiological system in our bodies that evolved in order to deal with physical emergencies, but we turn it on for months and years on end, worrying about mortgages, relationships, and other such stuff that comes with a stressful life. It was interesting that the primary way to battle stress in young ones is having a good mother, who hugs/touches her kids a lot. 
 A lot of the rest of the book was examining various qualities of successful kids. It seems we are early in our understanding of this issue, but it was interesting learning about all the thinking and experiements that have been done. I think this quote sums up the best thesis of where we are: 
 ""The idea of building grit and building self-control is that you get that through failure,"" Randolph told me. ""And in most highly academic environments in the United States, no one fails anything.""",Tue May 14 14:30:11 -0700 2013,Tue Dec 24 04:11:48 -0800 2013,Fri Jul 26 00:00:00 -0700 2013,Mon Jun 17 00:00:00 -0700 2013,4,2
8842281e1d1347389f2ab93d60773d4d,10294362,5df5a497442fc2ecb04ca10eb5f8921a,5,"** spoiler alert ** 
 The conclusion to the epic of Hyperion, and a worthy one at that. I loved this series, and didn't expect I'd find the love story of Aenea and Raul so powerful. 
 In two words, this series was about evolution and love. 
 The Hyperion story is Yet Another Science Fiction Story About Artificial Intelligence (YASFSAAI) - but it's a damn good one, and more thought out and intricate than any I've ever seen. The Core is split into factions - the TODO - that fight and war amongst themselves, much as humans do. 
 The Core evolved from people. Core entities lacked empathy - or the ability to love - and were thus never able to evolve past being a parasite on humanity. The farcaster network was their first parasitic approach, the cruciforms were their second. 
 ""Thus evolved some members of the Core---not altruists, but desperate survivalists who realized that the only way ultimately to win their never-ending zero-sum game was to stop the game. And to stop the game they needed to evolve into a species capable of empathy."" 
 It's kind of sad that the Catholic Church is the evil character in the book. But is equally clear that after a great traumatic event like the Fall of the Farcasters, humanity turns to fear and uncertainty, and thus to religion. Unfortunately, the people in charge of that religion are the wrong sort, whose goal is power rather than the good of humanity. 
 The curiously named ""Void Which Binds"" is the true all-encompassing force in the universe. It is described in the following quotes: 
 ""Aenea heard the music of the spheres. She resonated with the Void Which Binds, which resonates in turn to sentient life and thought, and then she used the almost illimitable energy of the Void to ... to take the first step."" 
 ""That's what writers and artists and creators do, boy. Listen to the Void and try to hear dead folks' thoughts. Feel their pain. The pain of living folks too. Finding a muse is just an artist or holy man's way of getting a foot in the Void Which Binds' front door. Aenea knew that. You should have too."" 
 The one thing I never understood about this series is the Shrike. Why does he exist? In earlier books he's an evil entity. And now we learn something more about his relationship with Colonel Kassad, but not enough to explain his presence or why Aenea is able to rein him in - he almost becomes a good guy. 
 The thing I love most about this book, is that the true path, which Aenea is leading humanity on, can only be explained as a love story. Her and Raul's love is a worthy and necessary ending to The Cantos. 
 ""To see and feel one's beloved naked for the first time is one of life's pure, irreducible epiphanies. If there is a true religion in the universe, it must include that truth of contact or be forever hollow. To make love to the one true person who deserves that love is one of the few absolute rewards of being a human being, balancing all of the pain, loss, awkwardness, loneliness, idiocy, compromise, and clumsiness that go with the human condition.""",Sun Mar 10 13:59:07 -0700 2013,Tue Jun 18 13:12:59 -0700 2013,Mon May 06 00:00:00 -0700 2013,Sun Mar 10 00:00:00 -0800 2013,2,2
8842281e1d1347389f2ab93d60773d4d,6486483,2572877d330e0081681ca843d3dc1563,0,Good article by this author: http://www.forbes.com/sites/travisbra...,Wed Feb 27 14:07:26 -0800 2013,Mon Sep 29 09:34:33 -0700 2014,,,7,0
8842281e1d1347389f2ab93d60773d4d,3977,132c7d8324998dd01116827c014fa622,4,"I really enjoyed this book. Some people told me that book 3 wasn't the match of books one and two, but I really quite enjoyed it. I'm struggling to put my finger on it, but I think the dynamic of Raul, Aenea, and A Bettik was a strong one - they clearly cared for each other, and you could see that they would even love each other in the future. 
 It had all the elements of a great epic: strong heroes on a mission that is important to humanity, an evil empire trying to stop them, and a mysterious force in the universe trying to help them. The world is almost 300 years after the fall of the farcasters, and is described in such a way as to almost be nostalgic. The hawking mat, all the characters and elements of Cantos, the consul's ship, etc. 
 One of the major themes of the book seems to be how the universe can be incredibly harsh. This quote captures it nicely: 
 ""The universe is indifferent to our fates. This was the crushing burden that the character took with him as he struggled through the surf toward survival or extinction. The universe just does not give a shit."" 
 And I just loved this one: 
 ""I remembered Grandam telling me about an early Old Earth scientist, one Charles Darwin, who had come up with one of the early theories of evolution or gravitation or somesuch, and how--although raised a devout Christian even before the reward of the cruciform--he had become an atheist while studying a terrestrial wasp that paralyzed some large species of spider, planted its embryo, and let the spider recover and go about its business until it was time for the hatched wasp larvae to burrow its way out of the living spider's abdomen."" 
 In harsh times, people often turn towards religion. Fascinating to see that after the Fall, after all the chaos and war and death that ensued, it was the Catholic church that rose to power, and goes onto to rule the universe. People are comforted by its ability to make the universe safe for them with the power of the cruciform. 
 One of the themes of the book is definitely fear. Fear of death in particular. De Soya fears each death he has, Raul came close to death on Mare Infinitus with the sharks. The Chitchatuk were interesting here - having to live a particularly fearful life, dependent on the thing that eats them for food (artic wraiths). 
 But love is the counter to the theme of fear. We keep getting hints that Aenea is the missionary from the human god and will show us all a better path through love. Raul follows her because he believes in her - and it's clearly foreshadowed they will love each other.",Fri Feb 01 02:12:56 -0800 2013,Mon Feb 18 11:36:06 -0800 2013,Sat Feb 16 00:00:00 -0800 2013,Sun Feb 10 00:00:00 -0800 2013,6,1
8842281e1d1347389f2ab93d60773d4d,13453029,46a6e1a14e8afc82d221fec0a2bd3dd0,4,"A fun fast paced book that sucks you in right away and doesn't let go. The remnants of humanity live in a 150 story silo below the earth and can't leave as the outside is now toxic. This is a bit of an odd thing to have happened, but it gives us a nice palette to think about things. 
 Everything is rationed, including how many children you can have. People self-identify by their profession and where in the silo they live: farmers and mechanics in the lowers, IT in the mids, and professional class in the uppers. The working class wear color coded uniforms to easily distinguish them. 
 The book was a lot about control. How to control a contained civilization, and give them hope (eg a live feed of the outside) and yet keep them in harmony and doing their functions. Strange mechanisms of control were built all over the silo: communication was oddly limited given the IT resources they have - many messages had to be delivered by courier as emails cost valuable money to send. Most strange of all - there is no elevator, which forces anyone wanting to travel the length of the silo to spend 2-3 days on the journey. 
 The cleaning ritual was a strange bit of culture. Upon reflection, I can see why it was necessary. If people never go outside, uncertainty of it still being bad would creep in, and people would need to try it. As perhaps happened in Silo 17. 
 I really liked the unraveling of Bernard, and how he went from repulsive/annoying, to understandable once you understood his role and responsibility. His role is to eliminate any doubt in the delicate balance of the silo. Opening the book up with the doubt of Holston was brilliant as it sucked you in immediately. 
 I liked Juliet too - she was the right combo of being determined to do right, and having brains and grit.",Tue Dec 04 11:12:22 -0800 2012,Sat Jul 26 11:43:28 -0700 2014,Tue Jul 08 00:00:00 -0700 2014,Wed Jul 02 00:00:00 -0700 2014,5,1
8842281e1d1347389f2ab93d60773d4d,11869272,951c71d8b6a2aabd7d27b0e4c1d9d309,4,"A fascinating and heart-wrenching look inside a slum of Mumbai. A good reminder some of us have it much better than others - but also that human willpower still matters. 
 One of the most interesting things portrayed was just how different the rules are for the poor in India. When your family is one bad hospital bill away from being on the streets and starving, human life takes a different value. The story that stuck with me here is when one of the boys got hit by a car on his way to school, his mothers reaction was fury - because if it were any worse it would have bankrupted the family. This quote sums it up well: 
 ""It seemed to him that in Annawadi, fortunes derived not just from what people did, or how well they did it, but from the accidents and catastrophes they dodged. A decent life was the train that hadn't hit you, the slumlord you hadn't offended, the malaria you hadn't caught."" 
 Another way the rules are different is that the government is totally corrupt. Pretty hard to get ahead when everyone who can bribe you has got their hand out. 
 ""The Indian criminal justice system was a market like garbage, Abdul now understood. Innocence and guilt could be bought and sold like a kilo of polyurethane bags."" 
 But my favorite part of the book was seeing how entrepreneurial people had to be in order to survive. Whether its sorting garbage, being a garbage middleman, or any of the other pursuits various people did to make money, it seemed that at least in one respect the rules of the slum are the same as everywhere else: you've got to work hard and be good at what you do to get ahead. It's just that in the slum, it's so easy to lose it all. Poverty begets poverty, wealth begets wealth.",Sat Nov 24 08:56:05 -0800 2012,Wed Mar 22 11:39:46 -0700 2017,Mon Dec 10 00:00:00 -0800 2012,Sat Nov 24 00:00:00 -0800 2012,7,1
8842281e1d1347389f2ab93d60773d4d,40955,299706d01666058b1fb2a96b29a1260b,5,"A truly inspirational book by a truly inspirational man. Coach Wooden coached 17 seasons at Indiana and UCLA before winning a championship - and then he won 10 out of the next 12! He is one of the greatest coaches ever, and Reading his book gives some great insights into his philosophy. 
 My only criticism of the book is that I think he spent too much time comparing his players, and answering questions like ""who was your greatest player"". I guess he got those questions a lot, but it didn't add much for me. 
 One of his top values was conditioning. He thought games were often or largely out of his control as a coach, but what was in his control was how conditioned his team was, and he made a point to have the best conditioned team out there. In fact, he often refused to call timeouts in key situations, banking on his teams conditioning down the stretch. As he said, ""ninety percent of the time the game will be decided in the last 5 minutes"", and of course the better conditioned team will make less mistakes in that time. 
 If any one premise typifies my teams in all the years I've coached, it is this concept. Often as a player, I'd tell myself, ""I may play someone better than I am, but I'll never run against one who is going to be in better condition"" And I never played against a man in my life I felt was in better shape, and Lambert often cited me as an example of top conditioning."" 
 Another key aspect of Wooden's philosophy was that he believed the little things, the details, really mattered. Two examples of this: First one was that one of the first things he taught new players was how to properly put their socks and shoes on. It turns out, you can easily do it wrong, which leads to blisters - but kind of amazing to think of him teaching Kareem or Bill Walton how to put their socks on! The second was he really believed in strict discipline and cleanliness - for instance he believed in the team cleaning up a locker room before leaving. These little details would ""establish a spirit of togetherness and consideration that help unite the team into a solid unit."" 
 Wooden believed in focus, and ""playing your game"": 
 ""In game play it was always my philosophy that patience would win out. By that, I meant patience to follow our game plan. If we believed in it, we would wear the opposition down and would eventually get to them. If we broke away from our style, however, and played their style, we would be in trouble. And if we let our emotions, rather than our reason, command the game we would not function effectively."" 
 Interestingly, Wooden didn't believe in ""charging teams up on an emotional level"", as many coaches do. In fact, I bet most people that that giving inspirational, charged up speeches is one of the key attributes of a great coach. So this was interesting - and helpful in a lot of ways - people respond more to confidence and having a plan. 
 One tactically smart thing Wooden did right before he started winning championships, was to change his practices from having 5 starters vs 5 second team, to 7 or 8 first teamers vs the rest. The first team during practice was literally a rotation between those 7 or 8. This got the key bench players used to playing with the first team, and made a world of a difference. 
 But I think my favorite takeaway from the book, was Wooden's philosophy on what to ask of his players. He didn't ask them to win. He asked them to strive to have a ""perfect practice"", or a ""perfect game"". In other words, to play to the very best they can in the given moment. While that may sound obvious, keeping his teams focused on that instead of winning likely made the difference. It's all too easy to start focusing on winning or losing or things that aren't in the moment. 
 ""When I was teaching basketball, I urged my players to try their hardest to improve on that very day, to make that practice a masterpiece. 
 Too often we get distracted by what is outside our control. You can't do anything about yesterday. The door to the past has been shut and the key thrown away. You can do nothing about tomorrow. It is yet to come. However, tomorrow is in large part determined by what you do today. So make today a masterpiece. You have control over that. 
 This rule is even more important in life than basketball. You have to apply yourself each day to become a little better. By applying yourself to the task of becoming a little better each and every day over a period of time, you will become a lot better. Only then will you will be able to approach being the best you can be. It begins by trying to make each day count and knowing you can never make up for a lost day."" 
 ps. I also loved how he had a secret signal with his wife before every game.",Sun Nov 18 16:31:28 -0800 2012,Wed Dec 21 10:43:14 -0800 2016,Fri Apr 17 00:00:00 -0700 2015,Mon Apr 06 00:00:00 -0700 2015,5,1
8842281e1d1347389f2ab93d60773d4d,16008171,b918d4267614c4d97cd685147e515a57,5,"A fantastic continuation of Fall of Giants - couldn't put it down. Great to see the same characters back, including their children.",Sun Sep 09 08:33:39 -0700 2012,Sat Jan 11 10:12:26 -0800 2014,Sun Jan 05 00:00:00 -0800 2014,Mon Dec 23 00:00:00 -0800 2013,2,0
8842281e1d1347389f2ab93d60773d4d,12953520,8666dfd554e310084c4bc72b2d357f3d,4,"A hilarious romp through the known and unknown universe that exposes how ridiculous much of US copyright law is. Written by the founder of Rhapsody, who knows a thing or two about music and the copyright surrounding it. What I didn't expect from a book by an entrepreneur is a funny book - and this book is not bad. It is being compared to Hitchhikers Guide, which nothing can approach, but its not bad. My only gripe would be there are a ton of footnotes that attempt to extend the humor and most of them didn't work for me. 
 The basic premise of the book is brilliant; that aliens have been listening to - and thus pirating - our music since 1977, without our knowledge. Because US copyright law states that a single case of intentional copyright violation can be fined $150,000 - this means the entire universe is many times over in debt to humanity. 
 It's pretty ridiculous that the music industry got such a big fine to be passed. I think one of my favorite parts of the book was learning about the law firm that Nick Carter works for, and seeing a little under the hood of how they operate. 
 Overall a fun, enjoyable read.",Tue Jul 10 20:26:21 -0700 2012,Wed Sep 12 23:32:04 -0700 2012,Mon Sep 10 00:00:00 -0700 2012,Tue Sep 04 00:00:00 -0700 2012,1,0
8842281e1d1347389f2ab93d60773d4d,13239822,a582bfa8efd69d453a5a21a678046b36,3,"This book has a great premise, and is full of some beautifully written prose. It's about a hacker during the Arab Spring, helping people get around the firewalls that the State erected to control its population. Alif falls in love, finds an ancient book, gets into trouble with State, enlists the help of an unseen, magical world full of creatures call Jinn, and combats evil. The story flowed well, and was a fast, fun read. 
 I would have given it a higher rating, but I'm a computer programmer, and for a book that is about hacking the descriptions of Alif coding felt like I was watching one of those movies where they used a bunch of made-up visuals that have nothing to do with hacking. The prose around the hacking was so oddly descriptive you didn't know what to make of it. For instance, when Alif is hacking into State's intranet, it is described as: 
 ""The Hand roused. It lumbered to its feet, reeking of ionized air and dry metallic bones, revealing a level of functionality Alif had not detected. He reeled backward, recalibrating. Breaching the confines of the State intranet, the Hand began to attack the base of Alif's tower, slicing away layers of code through a mirroring protocol of a kind Alif had never seen before."" 
 I didn't know a computer program could ""reek of ionized air"" - and can't conceive of how a mirroring protocol (if there is such a thing) could ever be used to ""slice away layers of code"". 
 I wanted so hard for the bit about quantum computing and encoding the ancient story into code to make sense. But it just didn't. And that was the heart of the story - that the ancient text contained an all-powerful computer algorithm. I also had trouble buying the Alif & Dina relationship - the characters just felt shallow to me.",Mon Jul 02 16:04:16 -0700 2012,Wed Mar 22 11:32:20 -0700 2017,Wed Aug 15 00:00:00 -0700 2012,Sun Aug 12 00:00:00 -0700 2012,7,0
8842281e1d1347389f2ab93d60773d4d,9850443,9f35b253416fdc0c1aa9774791cb3015,3,"A fun, dark, slightly comical western about two killers (Charlie and Eli Sisters) on their way to California for the gold rush. Going into the mind of a killer is a strange experience - I'm not sure I totally enjoyed it. But what I did really enjoy was the authors writing; it was clean, fun, and even poetic - which made this book a quick enjoyable read. 
 I loved all the introspective one-liners that Eli kept throwing out. For instance: 
 ""but I could not sleep without proper covering and spent the rest of the night rewriting lost arguments from my past, altering history so that I emerged victorious."" 
 ""I thought, When a man is properly drunk it is as though he is an a room by himself--there is a physical, impenetrable separation between him and his fellows."" 
 Here is another miserable mental image I will have to catalog and make room for."" 
 ""It is true, I thought. I am living a life."" 
 ""The effects of her words stung me, and after she stole away I stood a long while before her looking glass, studying my profile, the line I cut in this world of men and ladies."" 
 I struggled however to find the point of this novel. What lesson was I meant to take away? What did we learn from Charlie and Eli's adventure? I suppose if anything the theme of the book was transformation. We witnessed Warm, Morris, and Eli have the courage to transform themselves and change their lives. In other words - it's easy to let life dictate your path. Eli's story of how Charlie sucked him into a life of crime was fascinating. Warm had a similar story of how he became a thief. We didn't learn about Morris's past, but we did see the difficulty of his decision to leave the Commodore's employment. It takes guts to transform oneself - especially for the better.",Tue Jun 05 23:21:47 -0700 2012,Sun Aug 05 12:22:17 -0700 2012,Sat Aug 04 00:00:00 -0700 2012,Fri Jul 27 00:00:00 -0700 2012,2,1
8842281e1d1347389f2ab93d60773d4d,7315573,02074d27e40cee64a9d5195fb06179e6,4,"A fascinating story of world war one. I knew the basics, but it was fascinating to hear the story told through some of the characters involved, and see how it all played out. 
 On the surface, WW1 was started pretty stupidly. The arch-duke of Austria was assassinated, so in retaliation Austria invaded Serbia. Serbia had an alliance with Russia so they stepped in, and then Germany had an alliance with Austria, so suddenly Germany and Russia were at war. Russia and France had a treaty and since they surrounded Germany, the Germans went on the offensive in France, which dragged in Britain. And then the US got dragged in later by Britain and b/c Germans were sinking our ships. 
 But there was more to the story. These countries didn't have to honor these treaties - they could have found a way to not commit to a war. It's almost like they were all war hungry. Follett also tried, through some of the female characters like Maud, to indicate that if the world had been controlled by women then war would never have happened (probably true). This was a great quote: 
 ""In every country, those who were against war had been overruled. The Austrians had attacked Serbia when they might have held back; the Russians had mobilized instead of negotiating; the Germans had refused to attend an international conference to settle the issue; the French had been offered the chance to remain neutral and had spurned it; and now the British were about to join in when they might easily have remained on the sidelines."" 
 One issue of the war I hadn't considered was the financial pressures it brought to bear once a country had committed. This was brought up artfully by Ethel's husband Bernie. Once Germany, Britain, etc had declared and spent a ton of money building their army and fighting the war, they were stuck. The people in power - the aristocracy - needed to win or they would go bankrupt and risk losing power. They were pot-committed, and too proud to turn back. 
 ""And what if Britain lost? There would be a financial crisis, unemployment, and destitution. Working-class men would take up Ethel's father's cry and say that they had never been allowed to vote for the war. The people's rage against their rulers would be boundless."" 
 My one criticism of the book was that the character Fitz was made out to be a real simpleton. Ethel and Billy seemed to intellectually walk all over him and he never defended himself (or it was left out) - didn't seem terribly realistic. 
 I think my favorite part was learning about the Bolshevik revolution - that was a piece of history I really didn't know enough about, and it was described in great detail through Grigory and his story. Czar Nicholas II fell from power during the war, and the Bolsheviks staged a revolution and took over. But its hard to control a country! 
 ""A baby was like a revolution, Grigori thought: you could start one, but you could not control how it would turn out."" 
 The class struggles in England, Germany and Russia were clearly a major theme to the book. In each country Follett was careful to show how the aristocracy were fools and didn't know what they were doing. It really highlighted why a democracy is a better way of doing things!",Sun Jun 03 11:22:13 -0700 2012,Wed Mar 22 11:47:12 -0700 2017,Sun Jun 24 00:00:00 -0700 2012,Tue Jun 12 00:00:00 -0700 2012,6,3
8842281e1d1347389f2ab93d60773d4d,12969594,3e31f26463b536d280c5100e473feb83,3,"This book takes us into the crazy world of North Korea. Imagine a world where the government controls all information and creates a ton of propaganda. There are loudspeakers in every home that tell this propaganda every morning and every evening. Everyone believes their leader is a saint, that the rest of world (especially Americans) are out to get them and could sneak attack at any moment, that South Korea and America are more poor than they are and thus the Dear Leader is sending them food for aid, and on and on. 
 The books tells the story of Jun Do, who grows up in an orphanage as the son of the Oprhan Master, and while he claims he's technically not an orphan, it's clear that in effect he is. Orphans are portrayed as lost souls, the bottom of the ladder in society, and always on the search for a father-figure. The first half of the book tells a fairly normal story of Jun Do doing work for his country. 
 Jun Do had training to withstand pain, ostensibly in case the South Koreans or Japanese captured him. I found the tidbits mentioned around this very interesting - though not sure how accurate they are. One was to establish a place in your mind with lots of light, and don't leave it, no matter how much pain. The other, which I think sounds useful in general, is more for prisoners or any cooped up, and is summed up in this quote: 
 ""Use your imagination only on the future, never on the present or the past."" 
 The second half of the book was completely different from the rest of the story, and it was so out of left field and odd that I didn't enjoy it as much. Jun Do assumes the identity of Commander Ga and gets the most beautiful woman in North Korea to accept him? Really? I didn't really like the story being told from the interrogators point of view either. But I did like learning more about Sun Moon - especially her relationship with the Dear Leader. 
 Another criticism is that a lot of the dialogue read like it was people in America chatting. A Korean friend also noticed this - it didn't feel very Korean in many places - and thus didn't feel very authentic. 
 But what I loved most about the book was just the glimpse into North Korea. It's amazing how complete a people can be controlled if you can control their information inputs. I loved the part when they visit America and the Americans keep whispering ""You know you lost the war, right?"" - because they knew the North Korean government tells it's citizens they won. 
 I wonder if the internet has changed things? There are a few members of Goodreads who put North Korea as their country - but we have zero traffic from that country, so perhaps they are all expats/escapees. 
 I'll leave you with my favorite line from the book: 
 ""'The next day, she was silent. For breakfast, she murdered an onion and served it raw.""",Mon Jan 16 09:53:05 -0800 2012,Fri Sep 14 21:09:27 -0700 2012,Thu Mar 22 00:00:00 -0700 2012,Sun Mar 11 00:00:00 -0800 2012,9,2
8842281e1d1347389f2ab93d60773d4d,5572634,9c332dc5b58a7ecc71669d7a9fce5515,5,"I loved this book. Although it was a beast of a book, and could probably have been a lot shorter. I had not read a Lincoln biography before, so was firstly blown away by how he rose up from nothing, self-taught himself a college degree, and then somehow rode the middle line and got himself elected President. Nobody seemed to have expected that, nor expected much from him, and he continued to surprise them all. 
 I am always curious about the motivations of successful people. In Lincolns case, he just literally seemed to want to have the respect of his peers, and of the American people. ""Every man is said to have his peculiar ambition,"" he wrote. ""I have no other so great as that of being truly esteemed of my fellow men, by rendering myself worthy of their esteem."" 
 Lincoln's tactic to make his enemies his cabinet was also interesting and ultimately brilliant. Especially because he was so unknown, but also because they were the strongest options, and would be hard for him to manage. The confidence he had was impressive. Lincoln constantly showed this higher level of trust in people that many wouldn't have given because it didn't make themselves look good. Hiring people who are smarter than you, and giving them credit when things go right, is very hard to do. 
 But Lincoln could afford to trust his people and even hire people like Chase, who was on his staff yet coveted his job, because he was a masterful tactician. He seemed to have a knack for how to position things to the public at the right times to achieve the right outcomes. The main example of this is of course holding back the proclamation of emancipation so the border states didn't slip into the war on the side of south - but there were many more examples. 
 One thing that surprised me was how lax access to the white house and president were back then. You could literally just walk into the White House and get in line to see the President. And he seemed to only have one security guard - who happened to be ""off-duty"" the night he was killed. 
 I think Lincolns main strength was his empathy. He spent a lot of time trying to understand the people of different states, and putting himself in their shoes and imagining how they felt given what they knew about the situation. A tough, tough thing to do as his whole presidency was during a civil war during which over 600,000 soldiers died. I can't imagine having that on your conscience and trying to internalize that. But a very valuable skill to have as a leader. 
 ""Lincoln had internalized the pain of those around him--the wounded soldiers, the captured prisoners, the defeated Southerners. Little wonder that he was overwhelmed at times by a profound sadness that even his own resilient temperament could not dispel.""",Fri Jan 13 13:32:28 -0800 2012,Thu Oct 19 11:54:40 -0700 2017,Wed Dec 04 00:00:00 -0800 2013,Mon Jul 15 00:00:00 -0700 2013,19,2
8842281e1d1347389f2ab93d60773d4d,8296156,e12db200e38529e3aae7dca5ecc7acd6,3,"This is a fascinating glimpse into American history, of which I was largely ignorant - well worth a read. I had no idea prohibition lasted 14 years! My only criticism is the author spent way too much time on the politics of prohibition - that could have been cut by half. 
 The bottom line of prohibition is that is was a massive failure. It singlehandedly created organized crime, cost the government lots of money in lost taxes and enforcement, and failed to stop pretty much anyone from drinking. 
 It did have some upside though. Americans had a drinking problem and definitely drank less overall during prohibition, and even afterwards. But more importantly prohibition helped transform American culture. Prohibition coincided with massive immigration and population growth, which all happened in the cities. It was really a battle between urban culture and rural culture. It particularly didn't make sense in urban culture, and people rebelled, giving us ""the roaring 20's"". Prohibition helped us go from a stay at home culture to one where it was acceptable to go out and consume liquor. 
 Prohibition gave us income tax. The Anti-Saloon League (ASL), which was the organization that pushed prohibition through, pushed income tax through first because the government couldn't approve prohibition without finding an alternate source of revenue for the massive amount of tax money (30% of federal revenue) it made on liquor. 
 Many businesses got their starts in prohibition. Walgreens went from 20 to 525 stores during prohibition, because of the legal loophole that medicinal liquor was allowed, so drugstores were a major source of liquor sales. Coca Cola saw sales triple. The entire ecosystem of Nassau and the Bahamas was created. Sam Bronfman, the largest bootlegger in Canada, turned his operation into a legitimate business afterwards, owning many major liquor brands under the Seagrams brand. 
 The major failing of prohibition, and the reason it was eventually repealed, was the organized crime. Al Capone was the poster boy, but all the major mafia families got their start bootlegging, then got organized, then went on to bigger and better criminal activities. Yes it gave us Las Vegas, but it wasn't a good thing. If anything, this is the argument for the legalization of Marijuana (though there are other factors there). 
 In the end I think that prohibition was a bad idea because it was the government trying to tell Americans how to live. Individuals have to take responsibility for themselves.",Wed Nov 23 11:12:07 -0800 2011,Sat Jan 04 19:46:42 -0800 2014,Mon Jan 02 00:00:00 -0800 2012,Tue Nov 29 00:00:00 -0800 2011,8,0
8842281e1d1347389f2ab93d60773d4d,8664353,da2d4cfce836a2c57ad55c38437aa692,5,"Wow. Amazing story, and well told - kept me up late at night! Louie Zamperini truly went through hell and came back - and it's inspiring to read a story of such willpower and determination. It was also interesting to me to learn more about Japan and their role in the war. 
 One big takeaway was just how cheap human life is in war. I think there was some stat about how 5/6 of the US airmen that died did so from accidents - that is simply staggering. 
 I love WWII stories, but most of the ones I've seen and read have focused on Germany, so I really didn't know much about how Japan had treated their POW's. It was pretty eye opening to read the stats about how they pretty much massacred hundreds of thousands of POW's. And of couse, as the story details, they also did not follow Geneva Conventions and pretty much treated POW's as slaves. 
 One of my favorite points the author made is best illustrated by this quote about Dignity is as essential to human life as water, food, and oxygen. This is a fundamental truth of humanity that the author really drew out well - if you take a persons dignity away you take everything away. I loved all the stories of POW's being defiant; stealing food, supplies, playing jokes, etc. The little bits of defiance were enough to let them take back their dignity, and I think thats what makes them so compelling; because while we haven't all been POW's, we can relate to that basic need.",Sun Nov 20 09:10:15 -0800 2011,Wed Mar 22 11:47:04 -0700 2017,Wed May 16 00:00:00 -0700 2012,Sun May 06 00:00:00 -0700 2012,50,4
8842281e1d1347389f2ab93d60773d4d,7632329,abe5300e71a4d3dd0ca63c002a608c09,0,Peter McCarthy recommends,Fri Nov 18 20:24:58 -0800 2011,Wed May 27 09:30:13 -0700 2015,,,2,0
8842281e1d1347389f2ab93d60773d4d,12727969,ed084fe1710292ba3f3b332d4debd5b2,0,http://www.thedailyshow.com/watch/tue...,Wed Nov 09 20:05:24 -0800 2011,Wed Nov 09 20:05:53 -0800 2011,,,0,0
8842281e1d1347389f2ab93d60773d4d,11297044,b3e759490ba6aa0f083829813ed39ffa,5,"This is an amazing inside view into the life of one of the great businessmen of our era. A must read. 
 The thing that struck me most about Steve Jobs was that he was an incredible perfectionist. He was a craftsman, and wanted the computers he built to be beautiful and amazing and useful. He believed that computers were ""at the intersection of technology and liberal arts"" - a phrase he used a lot - because he realized computers weren't just for geeks. They are for everyone, and needed to be able to be used by everyone. 
 Steve put design at the top of product pyramid at Apple - above engineering. This means they spent a lot of time trying to fit the hardware into the beautifully designed cases the designers came up with, and the designers and engineers had to work together closely. This can backfire (eg Antennagate), but largely it worked really well. It produced amazing computers that were visually distinct from everything else in the market, and that ""just work"". If I learned anything from this book, it's that Apple believed that design is paramount, and spending extra time and engineering resources to make a beautiful design work is worth it. 
 Apple's design philosophy is to ""make it simple. Really simple"". You still see this today - go to Apple.com - you will see ONE product. Now try Amazon. According to the book, Jobs learned this from Markkula, who taught him that ""A great company must be able to impute its values from the first impression it makes"". 
 Steve's ethos was basically that if you are going to do something, do it right. The book is full of examples of Steve doing this. When the iMac first came out it looked like no other computer. It was interesting to hear how difficult it was for the engineers to accommodate a handle on the computer - but it ended up being a defining feature of the computer. I also loved the story of how Steve was obsessed with quality glass, and ordered the highest end stuff he could find for his Apple Stores. 
 Steve's management tactics got a lot of scrutiny in the book - and many other reviewers use words like ""jerk"" to describe him. It sounds like Steve could definitely be a jerk to work for. His management style was to push people as hard as he could, and to let people know when they didn't perform. When pushed like that, a person can have one of two reactions: they either resent it, and end up quitting or getting fired (B-players) - or they accept the challenge to do better, and come back the next week with something even better. Win-win for Steve - he filters out the b-players and gets his a-players to produce the best work they can. 
 But, as was pointed out in the book, if Steve was nothing but a jerk, he wouldn't have built a company full of loyal employees - Apple has one of the lowest turnover rates in the valley. Jobs only hired people who ""had a passion for the product"". I also liked how he motivated by looking at the bigger picture; such as the story of how he convinced his engineer that saving 10 seconds off the boot time was worth it because across 5 million users that would save 100 lifetimes per year. 
 The book was full of references to Steve's dynamic personality; his ""reality distortion field"" is a great descriptor. Steve believed he could do anything - and he was so persuasive that he could convince those around him that they could whatever it was too. I think this is one of the most defining qualities of an entrepreneur - believing something can be done against all odds. Not being afraid to tear down walls or think outside the box. 
 I loved the description of Steve that ""whatever he was touting was the best thing he ever produced."" You see him do this in his keynote speeches too. He is always using words like ""best"", ""amazing"", etc to describe whatever he's launching. 
 A big theme that the author made was that especially early on, Steve viewed Apple as ""counter-culture"" rebels. They were hippies who thought they could change the world. And they did - but not only that - I think they embedded their can-do attitude deep in Silicon Valley, which is probably highly correlated with why it is the center of the technology revolution today. This quote is classic: 
 ""The people who invited the twenty-first century were pot-smoking, sandal-wearing hippies from the West Coast like Steve, because they saw differently. The hierarchical systems of the East Coast, England, Germany, and Japan do not encourage this different thinking. The sixties produced an anarchic mind-set that is great for imagining a world not yet in existence."" 
 One of Steve's great abilities was to focus. When Jobs came back to Apple from his hiatus the biggest innovation he made was to focus the company onto just the few products that were working or had potential. 
 ""What are the five products you want to focus on? Get rid of the rest, because they're dragging you down. They're turning you into Microsoft. They're causing you to turn out products that are adequate but not great."" 
 Steve's belief that computers need to be beautiful and easy to use basically prevented him from ever licensing his software, as then he wouldn't be able to control the user experience. Microsoft didn't have that problem, and that's why Windows dominated. I think it's also the reason that Windows is in trouble today. They have spent a decade making their code work across hundreds of different hardware configurations. Their code is now full of backwards compatibility support that just makes it messy, and bloated. Worse, their focus is on maintaining all that instead of innovating and improving it. 
 The platform vs integrated approach is being tested again with the iphone vs android. It will be interesting to see if history replays itself, or if Apple's lead and ability to make a superior product because of their full stack control will prevail. 
 In the end, this was the best quote of the book: 
 Stay Hungry. Stay Foolish.",Thu Oct 06 11:03:50 -0700 2011,Wed Jan 08 04:23:59 -0800 2014,Thu Dec 01 00:00:00 -0800 2011,Fri Oct 28 00:00:00 -0700 2011,70,24
8842281e1d1347389f2ab93d60773d4d,9418327,ed4fd27c67be9f8359df71b80cf1e017,4,"A hilarious and book from Tina Fey - definitely worth listening to over audio as she reads it herself. She makes fun of herself a lot, adds lots of light humor, and of course shares TMI. 
 The most interesting bit was hearing the behind the scenes of Saturday Night Live, and how she was a joke writer there for 3 years before they gave her a role on the show, which was only doing the news. Her breakout occurred after she had already left for 30 Rock, when she did the Sarah Palin impersonation. Tina is clearly an example of someone who has worked long and hard to get where she is.",Mon Sep 19 16:07:48 -0700 2011,Wed Mar 22 11:36:26 -0700 2017,Sun Jan 06 00:00:00 -0800 2013,Mon Oct 08 00:00:00 -0700 2012,9,1
8842281e1d1347389f2ab93d60773d4d,12567957,71f1d0e4d3cb9215bc1d94aad229b218,4,"This is a fun quick read, but particularly well written, which makes it a great insight into the struggle an author takes to get published. I don't think I learned anything per se, but it's great to see it all put together and told fluidly and so that you empathize with the characters. It almost - almost - makes me want to read the Art of Fielding, despite my lack of love for Baseball.",Fri Sep 09 18:27:49 -0700 2011,Fri May 25 11:59:45 -0700 2012,Tue May 22 00:00:00 -0700 2012,,0,0
8842281e1d1347389f2ab93d60773d4d,4986701,bb7de32f9fadc36627e61aaef7a93142,4,"Found the Goodreads down image in this, and many other useful images too!",Thu Aug 04 10:02:02 -0700 2011,Thu Aug 04 10:02:02 -0700 2011,,,6,4
8842281e1d1347389f2ab93d60773d4d,62291,e23965adda7ce7e7e415a1339e169065,5,"** spoiler alert ** 
 Loved it. The epic saga continues. The poor Starks are torn apart, but yet are surprisingly resilient. In fact, pretty much every major character is in danger of dying and some even do. It's a bit tough to read, as you really wanted The King In The North to succeed. And Dany is fast becoming an interesting part of the plot that has yet to intermix with the rest of the characters. 
 I'll be starting the next one soon. These books are like crack.",Tue Jul 12 12:57:07 -0700 2011,Wed Mar 22 11:47:02 -0700 2017,Sat Aug 20 00:00:00 -0700 2011,Tue Jul 26 00:00:00 -0700 2011,5,1
8842281e1d1347389f2ab93d60773d4d,10552338,90d18066f034757da91b8cf49ccc1fb5,5,This sounds awesome.,Mon May 23 18:38:42 -0700 2011,Wed Mar 22 11:46:57 -0700 2017,Wed Sep 28 17:51:00 -0700 2011,Sat Aug 27 00:00:00 -0700 2011,0,3
8842281e1d1347389f2ab93d60773d4d,6563914,8b96ce2543a5887fe3f0d0b8798b8487,5,"I first read this ~10 years ago and just re-read it as someone reminded me that it predicts the future of reading. And it does - what I love about Stephenson is his high level of prescient-ness. In fact I think it also predicts a lot of the future of nanotechnology and entertainment. 
 The Young Ladies Illustrated Primer is a dynamic book with an AI in it. Imagine Alexa or Siri in 5-10 years, smart enough to make up stories on the fly and answer questions about or even redirect the storyline. The YLIP is designed in the book for a 4 year old girl, Fiona, but Nell and a few other girls end up with them also. Maybe this resonated with me as I have a 4 year old girl and wish this existed for her. What's particularly powerful about this, is the story was able to be adaptive to the problems in Nell's life, and give her strength and confidence at moments when she needed it. Some cool trivia: Project Fiona was the codename for the Kindle. There is now a building at Amazon in Seattle named Fiona. 
 One of the pieces of magic of the Young Ladies Illustrated Primer was that for Nell and Fiona's editions, there were live actors (""ractors"") on the other end, reading all the lines 1 on 1. This put a level of personalization and human connection into the story for the girls that wouldn't have been possible otherwise. Learning about the marketplace of ractors was particularly interesting and it's hard to think such a thing won't exist in 2-5 years as VR takes off. Would you rather watch the movie Harry Potter or live act out the scenes with 2 friends as Harry, Ron, and Hermione, and have professional actors play the other characters? You can imagine this being a big form of entertainment of the future. 
 The nanotechnology described in the book was also fascinating. Describing a world of robots and drones too small for the human eye to see, doing tasks and even fighting each other. Massive wars we perceive as ""particularly dusty days"". Poisoning or taking control of another person is as easy as getting them to inhale or injest some nanobots. The drummers were a particularly interesting notion of hive-mind, connecting multiple humans together through nanobots attached to their synapses on their brain. And then of course you have nanobots creating other bots, which led to this great quote: 
 ""The Victorian system used Darwinian techniques to create killers adapted to their prey, which was elegant and effective but led to the creation of killers that were simply too bizarre to have been thought up by humans, just as humans designing a world never would have thought up the naked mole rat."" 
 But of course the biggest implication of nanotechnology is the ability to manipulate molecules and thus - given The Feed (which I somehow provides a stream of molecules & energy for manipulation) - you can make anything in a Matter Compiler (MC). This is kind of like what they had in Star Trek, and what 3D printing gives us .0001% of today. 
 The book is largely about what would happen to society if MC's were invented and much of the need for farming, manufacturing, etc was eliminated. Poverty would become even more prevalent, as would crime, governments would collapse, and of course, a class divide would emerge as never before, driven by those who have technology and those who don't. And of course, badass engineers like Hackworth will rule the day (kind of). I suppose in a way the book is about the fear of what will happen if technology progresses too far and leaves masses of humans without a purpose in life. Parking lots and chaos. 
 ""These were rice paddies before they were parking lots. Rice was the basis for our society. Peasants planted the seeds and had highest status in the Confucian hierarchy. As the Master said, ""Let the producers be many and the consumers few.' When the Feed came in from Atlantis, from Nippon, we no longer had to plant, because the rice now came from the matter compiler. It was the destruction of our society. When our society was based upon planting, it could truly be said, as the Master did, ""Virtue is the root; wealth is the result.' But under the Western ti, wealth comes not from virtue but from cleverness. So the filial relationships became deranged. Chaos,"" Dr. X said regretfully, then looked up from his tea and nodded out the window. ""Parking lots and chaos.""",Sat May 21 15:06:36 -0700 2011,Tue Dec 20 00:18:43 -0800 2016,Tue Mar 29 00:00:00 -0700 2016,Fri Feb 19 00:00:00 -0800 2016,31,3
8842281e1d1347389f2ab93d60773d4d,9938498,bff5654c639c7b008571c3d4398d930a,4,"Great story of the US Ambassador to Germany and his experience during the build-up of ww2 from 1933 - 1937. Nothing new or exciting really revealed, and I'm sure there are many other accounts of the buildup to ww2 out there, but this one told it from the perspective of mostly the Ambassador, Dodd, and his daughter, Martha. The story was engaging and well-written, and thus interesting. I think the ending fell pretty flat - I was hoping for more. 
 Reading about the Nazis one is of course always appalled at how they got to be in power and commit such atrocities, and this book did provide some clues. Hitler seemed primarily willing to tell people what they needed and wanted to hear, even if it wasn't the truth - and he was a great storyteller. He also used fear as a primary weapon, as there were many in Germany not behind him - but they were too afraid to make a stand or speak up. 
 I suppose the climax of the book was the Night of the Long Knives, where Hitler arrested and executed all of his major opponents, clearing the way for his absolute grip on the nation. He ruthlessly murdered an estimated 77 to several hundred people (the count was never really known) and played it off as putting down a rebellion, which much of the world bought for many years. 
 I think one of the more interesting pieces of the book was watching Dodd (and Martha) go from thinking the Nazis were good for Germany, to realizing how terrible they were and hoping for them to be overthrown. It was a slow gradual process, and one that I'm sure was not immediately obvious to anyone. In the end, I think the book is aptly named.",Sat May 21 15:04:50 -0700 2011,Wed Mar 22 11:46:56 -0700 2017,Wed Jun 22 00:00:00 -0700 2011,Sat Jun 11 00:00:00 -0700 2011,5,1
8842281e1d1347389f2ab93d60773d4d,831635,549bc8e5f48d65e981cf2abb3ff7ee6f,0,Recommended by our pediatrician,Mon May 16 12:29:47 -0700 2011,Mon May 16 13:15:30 -0700 2011,,,0,12
8842281e1d1347389f2ab93d60773d4d,11474551,2065145714bf747083a1c9ce81d5c4fe,5,A friend sent me this. Hilarious!,Wed May 11 22:38:11 -0700 2011,Sun Jan 29 15:56:41 -0800 2012,Wed May 11 00:00:00 -0700 2011,Wed May 11 00:00:00 -0700 2011,5,0
8842281e1d1347389f2ab93d60773d4d,18914012,d27bccd12a000a9831105c73c3240d24,4,"Super fun book - the story of a sysadmin chasing a hacker during the early internet, but it reads almost like a thriller - fun and fast. 
 I think I learned more about the early internet from this book than anything I've ever read before. I had heard of the words Arpanet and Milnet, but really didn't know what they were - simple networks of computers. And apparently, with very poor security! Impressive how easy it was for the hacker to get root access back then. 
 Internet security has come a long ways since those days (and has a very long way to go) - but you can really get a sense of how it started and where it's going by reading this.",Fri Apr 01 14:43:51 -0700 2011,Fri Dec 09 12:03:40 -0800 2016,Fri Jan 01 00:00:00 -0800 2016,Sun Dec 27 00:00:00 -0800 2015,14,2
8842281e1d1347389f2ab93d60773d4d,478,1ec765c1f244d68cde906b3fa2334151,0,Recommended by steve blank,Thu Mar 31 12:46:42 -0700 2011,Thu Mar 31 12:46:57 -0700 2011,,,1,0
8842281e1d1347389f2ab93d60773d4d,10139649,76357fd41b3954971b43590fdcb6fdba,4,"Great story about the founding of Microsoft from it's cofounder Paul Allen. I've read a few books about Microsofts history before (such as Gates), but it was fascinating to hear it from the horses mouth. 
 What stuck out for me was that Paul and Bill were on the cutting edge of software ever since they first saw a computer as teenagers. Malcolm Gladwell in Outliers mentioned the fact that having access to a computer at that time was a huge advantage, and Paul's story confirms that. The world only changes massively so many times, and the age of computing has certainly been one of them - and Paul and Bill were in the right place, at the right time, and with the right drive to succeed. 
 What was impressive was how Paul and Bill executed like crazy. They had the edge, and they worked really hard, long hours to keep it. It was sad that Paul burned out so early - but also understandable given that Bill had such a strong personality. 
 Paul prides himself on being a forward thinker. He gives multiple stories of always following the latest technology and trying to look forward and think about what is coming next. Indeed, it's that trait that led to Microsoft being formed as they were certainly at the forefront of the software revolution. In one part of the book Paul even predicts that Mobile is the next big platform and that the PC is dying. 
 I've always worked at startups, which tend to innovate more than they follow. So it was interesting to hear Allen talking about how Microsoft's strategy went from being on the cutting edge of technology in it's infancy to being a 400 pound gorilla that used a approach of copying innovative products and using it's cash reserves and muscle to out-execute on an idea. I suppose this is what a big company has to do - but it's a hard position to win from. An Microsoft really hasn't had a lot of wins lately. They haven't innovated enough on Hotmail. Bing is nice but not better than Google in any significant ways. And even the high and mighty Internet Explorer is really losing ground to Chrome/Firefox/Safari. Paul is right - you have to look to what is ahead. 
 Since Microsoft, Paul has certainly stayed busy: owning sports teams, investing in lots of different companies, building a space program, and touring around on his 400 foot yacht. Most of his investments have been in the vein of improving technology and trying to predict the next big things, especially in his particular interests. 
 I think his brain mapping project and the Digital Aristotle projects stand out - they sound really interesting and important. The appendix lists a few of the current challenges issues with getting a computer to understand human language, which was fascinating. Allen even alludes to the oft-mentioned Singularity, but says that he doesn't think it will occur in our lifetimes, as despite Moore's law advancing computing power fast enough, we are lightyears away with AI. 
 Some useful tidbits: 
 - p65 Even Bill Gates wasn't the best at Math in college at Harvard. There are all kinds of smarts! 
 - Lesson: decentralize or don't distract the ceo: http://www.goodreads.com/quotes/show/... 
 - It was interesting that Allen said that his biggest mistakes were not finding the right people to help him execute his visions. It's all about people. 
 Update: my interview with Paul Allen is now live!",Tue Mar 22 00:44:51 -0700 2011,Mon May 02 18:13:27 -0700 2011,Wed Apr 13 00:00:00 -0700 2011,Wed Apr 06 00:00:00 -0700 2011,12,0
8842281e1d1347389f2ab93d60773d4d,8519525,2f9197113af54bf20b83db1046c3a4ea,5,"** spoiler alert ** 
 A very well written series of short stories. There was no ""main"" character, though I was curious and counted and out of 13 chapters, Sasha was in 5 and and Bennie Salazar was in 4. The story wove and dipped in and out of their lives, and occasionally into surrounding characters. I thought it was a little hard to keep track of all the stories and how they related, though. 
 I think Lou was one of my favorite characters. Lou is a stereotypical record producer and ladies man. I loved how he at one point was quoted as saying ""I'll never get old"", and then there was a whole chapter later dedicated to his death. Lou is one of those guys that is immediately likable, even though you know he's probably not a great role model: ""The world is full of shitheads, Rhea. Don't listen to them--listen to me. And I know that Lou is one of those shitheads. But I listen."" 
 If this book has a theme I think it's something to do with how people change as they get older. ""Time is a goon"" was quoted in two different chapters, and if it means ""goon"" as in a thug, then the implication is that time ""beats us up' - or changes us - as our lives go on. We remain the same people underneath, but we are defined by the experiences we have, and the more time we live the more life shapes us into totally different people. 
 In the last chapter I loved the concept of the parrots - or people who sell out and endorse a product to create ""authentic"" word of mouth. As someone who is building a social network I think this is an interesting perspective, and one that I think is definitely a trend. It's nothing even new - celebrities have been selling out and taking money to endorse products for a long time. 
 But what is new is that celebrities aren't the only ones with followings anymore. Now with Facebook and Twitter and other social networks (yes, even Goodreads), regular people can amass hundreds and even thousands of friends. And maybe instead of paying one celebrity with 100K followers to promote something you pay 100 people with 1K followers. Indeed this is already starting - some friends of mine helped start Ad.ly - which lets you buy celebrities tweets.",Wed Feb 16 17:13:02 -0800 2011,Sat May 07 19:45:28 -0700 2011,Fri May 06 00:00:00 -0700 2011,Fri Mar 11 00:00:00 -0800 2011,4,0
8842281e1d1347389f2ab93d60773d4d,38840,06ca1b298256e29833fbc8cfaaf02e38,4,"A very interesting book about John Boyd, who was a crack fighter pilot, and then later military strategist and reformer. Boyd flew as an instructor in the real life version of Top Gun, and beat everyone in 40 seconds or less. But later in his life he really studied military strategy, and this is where the interesting parts of this book are. 
 Boyd was literally the designer of the F-15, and a theory of maneuvering called Energy-Manueverability (E-M), which mathematically gave a chart for each aircraft that gave pilots an idea of the ideal speeds and altitudes they could use to pull off various turns and tactics. 
 One interesting thing I noted was that throughout his career, like everyone else in the military, Boyd was getting reviewed by his superiors, called ER's. It was interesting to hear, and relevant to business, how you had to ""read through the lines"" and how even a positive sounding ER could be a career-killer if the person wasn't recommended for promotion. Reading this has definitely made me think twice every time I've read (or written) recommendations for people. 
 Another Boyd tidbit I liked was when fighting bureaucratic battles in the Pentagon, he had a mantra to ""use the other persons information against him"". Starting with the other persons argument and data, and working backwards, you can make pretty compelling arguments. 
 Perhaps the biggest idea Boyd came up with is what is called the OODA loop, which stands for Observe, Orient, Decide, Act. A key quote defining the OODA loop: 
 ""Thinking about operating at a quicker tempo - not just moving faster - than the adversary was a new concept in waging war. Generating a rapidly changing environment - that is, engaging in activity that is quick it is disorienting and appears uncertain or ambiguous to the enemy - inhibits the adversary's ability to adapt and causes confusion and disorder that, in turn, causes an adversary to overreact or underreact. Boyd closed the briefing by saying the message is that whoever can handle the quickest rate of change is the one who survives."" 
 Another great quote that helps explain it: 
 ""Boyd said the strategies and bloodbaths of World War 1 were the natural consequence of both the vo Clausewitzian battle philosophy and the inability of generals to adapt new tactics to nineteenth-century technology: line abreast, mass against mass, and linear defenses against machine guns and quick-firing artillery. The bankrupt nature of that doctrine was demonstrated on the first day of the Battle of the Somme, which the British suffered sixty thousand casualties. After more than three years of the meat-grinding form of war, the Germans began engagements with a brief artillery barrage with smoke and gas obscuring their intentions, then sent in a special infantry teams. These small groups looked for gaps in the defense and advanced along many paths. They did not hit strong points but instead went around them, pressing on, always going forward and not worrying about their flanks. They were like water going downhill, bypassing obstacles, always moving, proving, and then, when they found an opening, pouring through, pressing deeper and deeper."" 
 Getting your lieutenants to the point where they can do this kind of infiltration successfully requires great communication and men who can think fast on their feet. In other words, you had to enable every leader to be able to follow the OODA loop, and just arm them with the overal goals, and trust them to make their own decisions. Very different from previous military structures, where ""the need to know"" remained at the top. 
 Why is this empowerment valuable? Because: 
 ""The key thing to understand about Boyd's version is the not the mechanical cycle itself, but rather the need to execute the cycle in such fashion as to get inside the mind and the decision cycle of the adversary. This means the adversary is dealing with out-dated or irrelevant information and thus becomes confused and disoriented and can't function."" 
 And: 
 ""Understanding the OODA loop enables a commander to compress time - that is, the time between observing a situation and taking an action. A commander can use the temporal discrepancy (a form of fast transient) to select the least-expected action rather than what is predicted to be the most effective action. The enemy can also figure out what might be the most effective. To take the least-expected action disorients the enemy. It causes him to pause, wonder, to question."" 
 This makes sense. You can almost picture the commanders of old, who used to have to get on the phone with their boss in order make any decision. ""Take the bridge, blow it up, or wait?"". Hours and days could be spent waiting around for generals to make up their minds. This form of maneuver warfare is what the Germans used in WWII - they called it blitzkrieg - and it's what we used in Iraq the first time. 
 In business we have a word for the above - micromanagement. In a sense, it sounds like empowering business leaders and their lieutenants to have an effective OODA loop is what will let a business move faster and win marketshare. I bet somebody has written a book about that - I will have to look.",Tue Dec 21 08:34:04 -0800 2010,Mon Mar 28 00:32:53 -0700 2011,Sat Mar 26 00:00:00 -0700 2011,Tue Dec 21 00:00:00 -0800 2010,5,4
8842281e1d1347389f2ab93d60773d4d,43536,bea63c9e3bef94bc581e94ce6a07a3ee,4,"List of great observations and leadership tidbits. Doesn't give full stories examples behind each, so I found it a little hard to apply or let the lesson synch in. I switched to his auto-biography, They Call Me Coach (see my review) to get those.",Mon Dec 13 15:12:26 -0800 2010,Wed Dec 14 12:30:43 -0800 2016,Mon Sep 21 00:00:00 -0700 2015,Thu Mar 19 00:00:00 -0700 2015,6,1
8842281e1d1347389f2ab93d60773d4d,145102,6ca38491139e7c5b4a3c75e52e266c2d,0,Regimented by Brian and kyusik,Mon Nov 29 19:17:41 -0800 2010,Mon Nov 29 19:18:11 -0800 2010,,,0,0
8842281e1d1347389f2ab93d60773d4d,6496815,9f1ddbe0f4d8e8f70cbdf2b0fbdf1560,0,Eric recommends,Fri Nov 26 21:06:27 -0800 2010,Wed Mar 22 11:46:50 -0700 2017,,,0,0
8842281e1d1347389f2ab93d60773d4d,1707053,01a8f268ac68a12e4feb4713d11925a0,0,"If I ever go to Peru, this is top of the list.",Thu Nov 11 14:02:27 -0800 2010,Thu Nov 11 14:02:56 -0800 2010,,,1,0
8842281e1d1347389f2ab93d60773d4d,6452796,33f25b63a8a5be9b832f706c4c0a1cfc,3,Kareem recommends,Fri Oct 08 08:02:15 -0700 2010,Wed Mar 22 11:46:49 -0700 2017,,,1,0
8842281e1d1347389f2ab93d60773d4d,211099,b662fcdf0791b3bbccca2d5f1f7b5ba1,5,"I learned two major things from this book: the power of branding, and the fact that Richard Branson has balls of solid steel. 
 Branson is one of the great entrepreneurs of our era, and it was truly inspiring to hear his story in his own words. A kid who skipped college and dove straight into business, and time and time again proved he can succeed with a lot of will, determination, and his maverick ability to take big bets and win. Bransons' success is nothing short of inspirational. 
 I had no idea until reading this how powerful the Virgin brand is, or how many businesses they have gone into. They effectively function like a VC, except they also lend their brand (and perhaps some infrastructure too). Each business is a subsidiary, given its leaders the freedom to move fast and achieve their goals without being slown down by needing permission from the mother ship. This is brilliant. Many of the businesses also complement each other in profitable ways - such as how Virgin Travel and Virgin Atlantic complemented each other. 
 Branson is a risk-taker. When Virgin Records was about to run out of cash, instead of scraping what he had left to limp on, he scraped it together to make a big bet. It's kind of like going all-in in poker when your chips are getting low - better than losing slowly! 
 ""I have always believed that the only way to cope with a cash crisis is not to contract but to try to expand out of it."" 
 But the difference with Branson is that he didn't take the risks blindly. When he started the airlines he spent considerable effort leasing the airline for 1 year and limiting his downside. 
 It is only by being bold that you get anywhere. If you are a risk-taker, then the art is to protect the downside."" 
 One thing I loved about Branson, is he was not afraid to bluff. This was first illustrated early in the book when, learning about a plot to force him out of Student, he acted pre-emptively and told the leader that he had already switched the teams mind - when instead he had no idea how far along the plot actually was. We see this time and time again - Branson is able to divine where things are going, and negotiate on points he isn't even wholly sure about. 
 Branson detailed a lot of his crazy ballooning adventures, which I wasn't so into. I wanted to hear how he built Virgin. Although I did appreciate that his passion for ballooning did lead to several advances in airplane technology. 
 The end of the book went into a lot of detail of how Branson is giving back to the world - which I respect a lot - any billionaire worth their salt should do that, but it was great to see him embrace the challenges with the same zeal he embrace business. From climate change to Virgin Fuel to Virgin Galactic, Branson is thinking hard about our planet and where its going and how to get us there. And of course, if Virgin Fuel does well it will only help his airline business - so not a bad bet.",Mon Oct 04 20:23:11 -0700 2010,Wed Mar 22 11:46:49 -0700 2017,Sun Jul 22 00:00:00 -0700 2012,Sun Jul 01 00:00:00 -0700 2012,39,1
8842281e1d1347389f2ab93d60773d4d,612532,3dea47acbe98261b736694e0bcc95b1c,0,"Just heard a talk by Chip which was very inspirational. He talked a lot about Abraham H. Maslow's hierarchy, and how it can be applied to employees, customers, and investors. Employee pyramid is: salary => recognition => calling. I thought his principles were similar to Tony Hsieh's book Delivering Happiness: A Path to Profits, Passion, and Purpose. He even mentioned this was true, and that Tony and 10 other companies that had great culture had all studied Maslow (Apple, Southwest, Google, Whole Foods, Zappos, etc). 
 The top of any pyramid is hard for most business leaders because it's the self-actualization - the intangible stuff, which can't be measured. And most business leaders are taught to run things by the numbers. Told a story to illustrate this about why Southwest doesn't charge fees for checking baggage. It's because they didn't want to make their flight attendants into baggage handlers - which is what happens on other airlines, where everyone tries to carry everything on to save money. Southwest flight attendants are happier than other airlines, and this leads to less employee turnover and higher customer retention. Which saves them money in the long run - it's just impossible to measure. He also noted that the hospital industry did an extensive survey of what the top hospitals in the nation had in common. The results: the nurses were happier and more involved in each one. 
 Looking forward to the actual book, of which I now have a copy!",Thu Sep 23 09:27:55 -0700 2010,Fri Sep 24 00:12:33 -0700 2010,,,2,4
8842281e1d1347389f2ab93d60773d4d,8694005,0e317947e1fd341f573192111bb2921d,3,"The Name of the Rose is a thrilling Dan Brown-esque murder mystery set in a 14th century Italian monastery. It really is two stories - the story of the murder mystery, and that of political climate in Italy at the time. And of course, they nicely interweave throughout. 
 The history the book brought was one of my favorite parts. I learned about how the church controlled so much of the world, how even then it was already starting to fall from power, why saints are so prevalent in Italy, and more. I learned about Franciscans and Dolcians and minorites, and poverity and false monks. Poverty was a big theme, which came through on several levels: rebellions by poor people and religious leaders stepping in to lead the masses, and also an a debate about the role the Church should have in society. 
 I loved brother William of baskerville. He was Sherlock Holmes-esque (so that can't be a coincidence he's from Baskerville right?) in his deductive reasoning and approach. I think my favorite moment of his was when he had no time left to solve the crime he said ""when a man has little time, he must take care to maintain his calm. We must act as if we had eternity before us."" 
 I took one star off because I often found myself skipping large sections that went into flowery details of something (often history) that just seemed irrelevant. 
 The book was also a lot about change. The monks were so set in their ways and in their dogma that you could see how it likely took generations before a viewpoint could really change. The focus on humor for instance and the dogmatic viewpoint of Jorge was in my opinion simply nothing more than fear of change. We all know that the introduction of humor and the divine comedy didn't ruin the world. 
 The library was one of the greatest in the world at the time. I would love to have seen it. Yet it was almost impossible to access, and that very lack of accessibility is what ultimately led to it's destruction. Seems like the message is that knowledge should be open and free and and keeping it locked up can be more dangerous than not.",Wed Sep 08 01:22:27 -0700 2010,Wed Dec 14 12:30:43 -0800 2016,Mon Aug 10 00:00:00 -0700 2015,Mon Jul 20 00:00:00 -0700 2015,17,6
8842281e1d1347389f2ab93d60773d4d,8213519,1044128b0d6dea81a41b4107378931b2,5,"An extremely well-written account of the 2008 financial collapse. It explained complex ideas like subprime mortgage bonds and CDO's in a clear way, and almost read like a fast paced thriller. 
 Essentially it seems that a bad ratings system and human greed created an economy that fostered the creation of a lot of bad debts, that eventually went bad, and caused a lot of big companies to go under (Lehman brothers, Bear Sterns), or require a bailout (Goldman Sachs, AIG). This is the real crime. These big companies were so focused on short term profits that they failed to see that long term what they were doing wasn't going to work. They should be appropriately punished for this, and instead many of them were saved by Uncle Sam. Would we have had a worse recession if Obama hadn't done that? Maybe. Maybe not. Lewis should write another book about that :) 
 Let me see if I can get this right. The book explains that mortgages are sold by the banks that issue them, passing off the risk. Mortgages are aggregated into groups in mortgage bonds, which are then packaged into tranches, which are rated by agencies such as Moody's and S&P's. The math was complex, but apparently somehow tranches that consisted almost entirely of ""subprime"" (aka risky) mortgages were being given high A ratings. I guess the theory was that by spreading out the risk across lots of mortgage bonds it lowered the risk. Too bad this didn't work. 
 Many of these mortgages were the variety that started 2 year fixed then went floating. They were largely taken out in 2005 - 2006, and as they hit 2 years the interest rates jumped as they went floating, and hoards of people defaulted. This explains why we teetered in 2007 and crashed in 2008. One of my favorite quotes to illustrate the madness: 
 ""In Bakersfield, California, a Mexican strawberry picker with an income of $14,000 and no English was lent every penny he needed to buy a house for $724,000."" 
 And it wasn't just in Bakersfield. All over the country people were taking out loans that were too big for their britches, because the banks were encouraging it: 
 ""The simple measure of sanity in housing prices, Zelman argued, was the ratio of median home price to income. Historically, in the United States, it ran around 3:1; by late 2004, it had risen nationally, to 4:1. ""All these people were saying it was nearly as high in some other countries,"" says Zelman. ""But the problem wasn't just that it was four to one. In Los Angeles it was ten to one and in Miami, eight-point-five to one."" 
 Economics is about incentives, and this book explained how they went very awry. But it was also a story about greed, and how even unintelligent people made a lot of money by riding the subprime mortgage train. The book followed several investors who noticed what was happening, but when they tried to tell people and test their ""crazy"" hypothesis that the financial world was going to collapse, they were mocked or ignored. So they just ended up shorting (betting against) the whole thing to make some money, which is what a good investor does. 
 ""What are the odds that people will make smart decisions about money if they don't need to make smart decisions--if they can get rich making dumb decisions?"" 
 I think the lesson in the end is that if it looks to good to be true, it is. That, and we need smarter people working at the ratings agencies.",Thu Jul 08 07:33:27 -0700 2010,Wed Mar 22 11:46:45 -0700 2017,Thu Oct 14 00:00:00 -0700 2010,Mon Sep 06 00:00:00 -0700 2010,16,7
8842281e1d1347389f2ab93d60773d4d,7112495,0258b3c9a85cecb95f240e43a7642f60,4,"** spoiler alert ** 
 An interesting book in terms of it's structure: 5 distinct stories that cascade into each other in subtle ways, then wind back out. This way of doing the structure was unique, and certainly very cool to see the subtle way they were tied together. But in the end it was kind of gimmick and probably not necessary. 
 I generally don't try to summarize novels in my reviews, but in this case there was so much going on that the exercise was helpful. 
 Story 1: The Pacific Journal of Adam Ewing. Later revealed to be a journal in other stories. A story about a rather weak-willed protagonist, who is constantly taken advantage of by others (the ships captain, Dr Goose). Interesting side story about the peaceful native Moriori tribe and how they were taken advantage of. 
 Story 2: Robert Frobisher. Perhaps my favorite story - about a penniless young musician who as a last-ditch attempt apprentices himself to an old master musician, Vyvyan Ayrs. The story is told through letters to a friend, Sixsmith, who appears in the next story. The story is about how Frobisher, the apprentice, goes from being overjoyed to have a job to being resentful that the master is using him and stealing his stuff. Robert sleeps with VA's wife the whole story, but ends up falling in love with the daughter in a cruel twist of fate. 
 Story 3: Luisa Rey. Modern age story about a young journalist hot on the heels of a big scandal involving an energy company. Sixsmith is an engineer who leaks the story to her, and also has the letters from story #2. Classic detective-esque story, with lots of people willing to kill to protect their secrets and power. 
 Story 4: Timothy Cavendish. Modern age story about a book editor who gets a smash hit, then the author's mafia-esque family get's on his case and he's on the run. He lands in a old-persons home/prison. This story is kind of a nightmare, and is revealed to be a movie in the next story. 
 Story 5: Somni 451. One of favorites, for how different it was. Set in the far future in an asian country, humans have genetically created clones that serve as slaves. This lower class is regarded as unintelligent and controlled with drugs - but our protagonist, Somni, breaks through and becomes self-conscious. The scary thing is I can easily see this happening! Told as recollections in an interview. 
 Story 6: Sloosha's Crossin'. Story of Zach'ry and Meronym in post apocalyptic Hawaii. Somni is now their deity. Story of the Valleysmen people and their struggle for freedom against neighboring tribes. 
 All six stories were very graphic and real, and had extremely good character development. Mitchel could with a single sentence describe someone that you understood in a way I can't describe here. 
 I wish the stories had more themes in common so I could say what I learned from this book. Though I suppose if I had to put my finger on it, the major theme was freedom and slavery. Ewing was under the control of Dr Goose and the ship captain, Frobisher became an unwilling servant to Arys, Luisa Rey needed to find the truth in order to free herself from the corporate villians, Frobisher was a prisoner bent on escape in a nursing home, Somni was literally a slave in her society and focused on freedom, and Zach'ry's people were captured and enslaved. All the stories touched on various ways people can ""enslave"" and control other people for various reasons. 
 I suppose the point is human beings are all greedy and will try to control other human beings, but if we are strong we can survive and find a way to free ourselves. Sounds good anyways, so I'll stick with that - but am interested to hear what other people thought.",Thu Jun 10 14:41:13 -0700 2010,Tue Aug 07 12:11:05 -0700 2012,Sat Aug 07 00:00:00 -0700 2010,Mon Jul 05 00:00:00 -0700 2010,7,3
8842281e1d1347389f2ab93d60773d4d,7518289,265c3e164075223139bb33ed37f19937,5,"This is a book that every entrepreneur definitely needs to read, and everyone who works even remotely with Facebook needs to read. It does a simply amazing job going behind the scenes of Facebook and describing where the site came from, how it got to where it is, and where it's going. 
 The author had amazing inside access to Mark Zuckerberg and other key Facebook employees and investors. Very smart of Facebook to include David so often - it makes their story fully open, which is consistent with the values of their company - not to mention good PR. 
 The biggest takeaway I had was that Zuckerberg actually has much more of a vision and philosophy than I gave him credit for. The basic vision for Facebook is that it's a communication tool. It's very interesting to see that they think of it as a utility tool and not a media destination (like MySpace no doubt does). It means they are not afraid of sending traffic away from their site as long as they provide value up front - something that has been crucial to their success. 
 Zuckerbergs philosophy however is more interesting - he believes being open is better and will lead to a better society. He thinks the internet will inevitably enable this anyways, so Facebook might as well lead the charge. It's an interesting and idealistic philosophy - basically that it's really hard for a person to be dishonest or immoral in any way if their whole life is laid open to their friends. In fact, one has to strive to be an even better person, because everything we do is not being tracked and if it isn't already online, it will be soon. The books we read, the things we buy, the people we date, the places we go, the people we associate with - all this is online, and defines who we are. Would my future children be proud of me if they examined my life's consumption? If I knew they were going to do so, would I make better choices? Absolutely. 
 However the privacy road has rocked many people's worlds who haven't gotten the hint yet and EVERYTHING you put online, whether on Facebook or a seeming private place elsewhere, is ultimately public. The chapter on privacy listed many of these horror stories, and I certainly know more than a few stories of people who have been burned by having an inappropriate photo on Facebook or tweeting something inappropriate. The road to openness is happening - and I think Mark is right that it's going to make us better as a society. The danger, however, is that it will still cause many people a lot of pain as we get there - and may cause many to ultimately retreat from Social Networking (and the internet). I think Mark knows his responsibility there as his service depends on it, and I hope he's a good steward, as this is certainly a topic we debate a lot at Goodreads. 
 I worked in Social Networking during the Rise of Facebook - my company, Tickle, is even mentioned a few times in the book. This book made the mistakes we made at Tickle even more apparent. Hindsight is a ...! For instance, starting with colleges that were *private* was what really worked - everyone had no problems sharing everything with their fellow classmates and alums. 
 Facebook's biggest product innovation though was of course Platform. Followed perhaps by the Like button and Facebook Connect - which are really only possible because so many people use Facebook. Both were big wins, and were interesting pushed hard by Zuckerberg, and their success really validated him as a leader internally. 
 One interesting note that I hadn't considered was that because everyone uses their real names on Facebook, blogs that use Facebook Connect for comments (eg Huffington Post) don't have the troll problem as much, because of the openness issue (see above). 
 The book was also very interesting as it gave a lot of the details of how Facebook was financed, how the VC deals were structured, what sort of offers it got, etc. Zuckerberg was courted to sell by so many large companies, I had always wondered how he had the nerve to say no - most in his shoes would have sold out for millions or billions long ago. The answer seems to be that he doesn't really value money, and also that he knows this is his big Life's Opportunity to change the world - and to sell now would be to squander it. 
 The book also gave interesting insight into where Facebook thinks they are going. In the future they think they will be less of a destination site, and more of a social communication enabler. Everything that can be social will be, and it will be done with Facebook. Every website you visit, your TV, video games, and perhaps even your cereal box will one day have Facebook Connect.",Fri May 14 13:11:51 -0700 2010,Thu Sep 22 14:31:47 -0700 2011,Sun Dec 12 00:00:00 -0800 2010,Sat Nov 27 00:00:00 -0800 2010,33,11
8842281e1d1347389f2ab93d60773d4d,6828896,09184844be479ce8db5fe6f540e8ec40,5,"Tony Hsieh has some nerve suggesting that he built a billion dollar company in pursuit of happiness. But the surprising thing is I actually think he's onto something. Something that cuts through a lot of corporate BS and really makes sense. 
 Tony's thesis is basically that, whatever our intermediate goals in life are (get your dream job, make a lot of money, find the right girl, etc), our ultimate goal is simply to be happy. And what's more, (this is the key), happiness in life has to come from your job as much as your personal life. 
 Tony lays out a framework for how he personally has used happiness to create a very unique and successful culture at Zappos - and how he personally came to that conclusion in his own life. 
 I heard Tony Hsieh speak several years ago, and from that had one key takeaway: that instead of spending marketing dollars acquiring customers, just have mind-blowing WOWingly good customer service - and your product will spread naturally - as people will tell their friends about their good experiences. It's harder to calculate the ROI, but it's something that makes a lot of sense, and we've definitely incorporated it into Goodreads. 
 Tony's Happiness frameworks has four pieces: 
 1. Perceived control: people need to be in control over their own fate. At Zappos reps can earn up to 20 different skill sets or ""badges"", and each one represents a pay raise. It's up to the employee how much money they want to make. 
 2. Perceived progress: nobody likes to feel like they aren't going anywhere. At Zappos they give smaller raises every 6 months instead of bigger ones annually. 
 3. Connectedness. Studies show that engaged employees are more productive, and the number of good friends an employee has at work is correlated with how engaged the employee is. I found this one most interesting. 
 4. Vision/Meaning/High Purpose. People need to believe in something bigger than themselves. The book Good to Great discusses how the truly great companies in terms of long term financial performance are those with higher purposes beyond making money. This I do believe, which is why on the Goodreads about us page our mission is stated as ""to get people excited about reading"". 
 Other things I learned about Tony that were interesting: 
 - Tony walked away from $20 million dollars because he didn't want to waste a year being miserable working for Microsoft. 
 - Tony spent every cent he made from the $265 million LinkExchange acquisition in keeping Zappos afloat. Again - admirable. 
 Things I learned about Zappos that were interesting: 
 - The Zappos Core Values actually help the company quite a lot, as they've made believing in their core values a core value. 
 - The Core values are the way to keep the culture strong, because they are guidelines for people hiring to keep the desired qualities and traits. Each core value has different interview questions, and employees try to gauge new candidates on each value using these questions. 
 - Zappos believes so much in it's culture that Tony created a program to teach other companies how it did it - called Zappos Insights. 
 - Zappos built a culture book filled with stories of employees describing what each of the core values means to them regarding the company. This makes the company feel like a big family.",Tue May 11 09:43:40 -0700 2010,Wed Mar 22 11:32:10 -0700 2017,Tue May 25 00:00:00 -0700 2010,Tue May 11 00:00:00 -0700 2010,55,6
8842281e1d1347389f2ab93d60773d4d,7685831,a9a790c2f02434fb6b61fa43a910b9e9,5,"I was pleased, but not satisfied to have read this book. In truth - it was too short! This is a great primer, but I hope someone can convince David Sokol to do a more in depth version, as I think there is a lot more we can learn from him. 
 It kind of felt like I was getting macro board-level type coaching on the philosophy of how to create and manage a successful business. I saw the same themes popping up that I see in other places, such as Tony Hsieh's new Delivering Happiness book, Four Steps to the Epiphany, and even the lean startup. Clearly all businesses have parallels in terms of the best ways to run them - and equally clearly David Sokol knows his stuff. 
 My Notes 
 Chapter II: Core Principles 
 * Customer commitment: Sokol believes a business should have a core principle to put the customer first. This is a theme I've heard from a number of CEO's of respected companies, and one I truly believe in. Make sure to remember that anyone your business deals with is a customer - that includes not just consumers, but also suppliers, partners, etc. 
 * Employee commitment: also a core value focus to provide the best workplace possible. Don't hire employees unless the existing team is already operating at 125% capacity - it isn't fair to hire people then have to lay them off later. Keep a notebook on each direct report's successes/failures each month. Communicate constantly to ensure each report knows if they are meeting expectations. Rank employees. 
 * Financial Strength: often not given enough everyday focus. Must have ever-vigilant focus on margins, balance sheet, and avoiding future risks. 
 * Integrity: (I'm comforted that this is a core value). When hiring he looks for integrity, intellect, and passion. Enron, Worldcom and Tyco failed because of a lack of integrity at the highest level. Warren Buffet uses the question ""Would I be comfortable for my action to be disclosed in a front page story on my hometown paper, written by a knowledgeable and thorough reporter and read by all my friends and family?"" 
 Chapter III: Goal Setting and Budgeting 
 * Do a 10 year plan once a year. The plan won't be useful for more than a few years, but it's a good exercise to think at a macro level. 
 * ""It is the discipline of setting goals, coupled with consistent fact based measurement, that creates great outcomes in business or in personal life"". 
 * Set goals annually and measure them monthly. Get the whole team doing this. 
 Chapter IV: Plan, Execute, Measure, and Correct 
 * Plans are often under-described. Each detail must be described, along with how it will be measured. 
 * Plans often, and by necessity, include assumptions. It is critical these assumptions be documented as such, the risks clearly described, so that they can be measured and verified later. Assumptions must be verified! 
 * ""Verifying that a plan is being executed properly and that all activities are on budget and on schedule is not micromanaging, it is MANAGING.""",Fri May 07 07:46:34 -0700 2010,Tue Jul 27 00:28:58 -0700 2010,Mon Jul 05 00:00:00 -0700 2010,Mon May 24 00:00:00 -0700 2010,3,2
8842281e1d1347389f2ab93d60773d4d,7830553,d5e10af2e18507d3cc4323196b3e63ff,0,Dean Takahashi liked it...,Wed Mar 31 12:20:30 -0700 2010,Wed Mar 31 12:20:48 -0700 2010,,,0,0
8842281e1d1347389f2ab93d60773d4d,6652906,4276918357312212384ac6415ceb9159,3,"** spoiler alert ** 
 Hooked me equally as well as the first one, though it was a little slower paced. He definitely had you guessing as to who the killer was! 
 I would have liked it to dive more into the sex trade and it's economics, and not focus so much on Salander and every detail of what she did while on vacation. She definitely is an interesting character though. The math references were just strange though and didn't add much.",Mon Mar 29 15:54:28 -0700 2010,Thu Dec 13 14:57:07 -0800 2012,Thu Apr 08 00:00:00 -0700 2010,Sun Apr 04 00:00:00 -0700 2010,1,0
8842281e1d1347389f2ab93d60773d4d,2429135,efee7a3f620ed640366226caa7b138f0,5,"I haven't stayed up until 5am to finish a book in a while - it felt good. This was a great murder-mystery thriller, and more interesting as it's set in Sweden and deals with journalists, corporations, and hackers. Good stuff!",Mon Mar 15 14:05:04 -0700 2010,Wed Mar 22 11:46:43 -0700 2017,Sun Mar 28 00:00:00 -0700 2010,Sun Mar 21 00:00:00 -0700 2010,13,10
8842281e1d1347389f2ab93d60773d4d,1839361,02166b3002657fc437fd08a6d1e239e7,0,Recommended by game designer Jesse Schell,Mon Mar 15 09:36:40 -0700 2010,Wed Mar 22 11:46:42 -0700 2017,,,0,1
8842281e1d1347389f2ab93d60773d4d,3054673,8603e880c1f5840b7aa90ca0bfcad8c5,0,Recommended by Tim O'Reilly,Mon Mar 08 11:08:15 -0800 2010,Mon Mar 08 11:09:10 -0800 2010,,,0,1
8842281e1d1347389f2ab93d60773d4d,781787,40276f821ce951d301327824f251d476,5,"It was nice to be back in Africa, even for a short time. This was a beautifully written memoir, and a remarkable glimpse into what Africa was like a century ago. I fear the Africa Dinesen described is long gone. 
 I picked this up tainted by having seen the movie first, and was kind of glad and surprised at the differences. The fact that she almost doesn't even mention her husband, who was so prominent in the film, I think would have been strange even to those who hadn't seen the movie. Also the way she described her romances was so proper one wasn't sure for some time if they were friends or something more. 
 The language used to describe the culture in the early 1900's, and the relationship between the Natives and the Europeans, was very interesting. At times you'd read over sentences that just wouldn't fly today, and you'd have to remember this was describing a different time - one where slavery existed, and Kenya was still a British Colony. What was clear however was that Karen Blixen cared deeply for the Native people that she encountered. 
 One thing I found interesting was the legal system the Kikuyu used. Instead of attempting to judge guilt or innocence, they Kikuyu simply demanded payment from the wrong-doer for whatever damages they had done. In the book, the parents of the child who accidentally shoots another child are forced to pay for their childs mistake, even though it was as accident. In todays world, the parents of the shot child would sue the heck out of the parents of the other child, so I suppose in that case the end effect is the same. There are many places where I'm sure this system would break down, and I'd love to discuss it over a few drinks with a lawyer. But I did have to admire the simplicity of it - if you cause another person to have a loss (for whatever reason), you have to make up for it. 
 The novel was full of funny little tidbits, all designed to help you get a sense of the people and the world as she saw it. The Merchant of Venice story (p268) stuck out for me - it was hilarious! Here are the relevant lines: 
 ""But what else could he do?"" I asked , ""when he must not take one drop of blood?"" 
 ""Memsahib"", said Farah, ""he could have used a red-hot knife. That brings out no blood."" 
 ""But"", I said ""he was not allowed to take either more or less than one pound of flesh."" 
 ""And who"", said Farah, ""would have been frightened by that, exactly a Jew? He might have taken little bits at at a time, with a small scale at hand to weight it on, till he had got just one pound. Had the Jew no friends to give him advice?""",Fri Jan 15 16:27:22 -0800 2010,Wed Mar 22 11:46:38 -0700 2017,Mon Mar 22 00:00:00 -0700 2010,Thu Jan 21 00:00:00 -0800 2010,9,3
8842281e1d1347389f2ab93d60773d4d,2767052,248c011811e945eca861b5c31a549291,5,"I cracked and finally picked this up. Very enjoyable quick read - couldn't put it down - it was like crack. 
 I'm a bit bothered by the lack of backstory of how Panem and the Hunger Games come about. It is just kind of explained away in a few paragraphs and we are left to accept this very strange world where teenagers are pitted into an arena each year to kill each other? I was expecting it because I've seen Battle Royale, but I would have appreciated knowing more of the backstory of how the world could have come into such a odd state. 
 I suppose what makes a book like this interesting is thinking about the strategy of it all. The players are going to be statistically encouraged to band together because they will last longer that way, but by definition of course any partnership will be broken, and the drama of how that unfolds is always interesting and full of friendships broken and betrayal. Each character approached the game in their own way. Some banded together in larger coalitions, some were loners initially and banded together later. And some were just loners, like Foxface. A lot depended on your survival skill: could you find food and water on your own? Self-dependence is highly valued - and of course our hero was strong there. 
 All in all, a fun read, but I feel kind of dirty for having read it.",Wed Jan 13 13:38:25 -0800 2010,Wed Mar 22 11:46:36 -0700 2017,Sun Mar 25 00:00:00 -0700 2012,Fri Mar 23 00:00:00 -0700 2012,24,25
8842281e1d1347389f2ab93d60773d4d,27539,b45353478a136de0a3e93077d47b1d6b,0,6 of my smartest friends rated this 4 or higher. Hmmm...,Sun Nov 15 20:28:29 -0800 2009,Sun Nov 15 20:29:10 -0800 2009,,,0,2
8842281e1d1347389f2ab93d60773d4d,2296567,c8abc0f0c7d981709b5d29ac4a2b8ea2,0,Oprah's next bookclub book!,Fri Sep 18 08:55:14 -0700 2009,Fri Sep 18 08:55:33 -0700 2009,,,0,0
8842281e1d1347389f2ab93d60773d4d,6411961,d44b6d28f456dbcc5b1537b4c5572400,3,"** spoiler alert ** 
 Critics aside, Dan Brown can sure write a thriller. I was stuck in an airport with no book and picked this up, and was done with it in 2 days. 
 The first half of the book was really gripping, and promised big things. We were going to learn about the secrets of the Masons, and about the ""ancient wisdom"" that has been lost through the ages. Sounds cool - I wanted to learn more about the ancient wisdom. But the end of the book just fell really flat. The villian was predictable, and we learned nothing about this ancient wisdom. 
 I also have to say that I almost fell out of bed laughing with Dan Brown plugged Twitter at the end of the book. To be fair, he's right - people are excited about Twitter because it (along with many other websites) is helping cause a shift in our society. But I can't help wondering if 5 years from now, when Twitter is MySpace, people will read that and think ""wtf?"".",Wed Sep 16 11:09:03 -0700 2009,Wed Mar 22 11:46:32 -0700 2017,Mon Oct 19 00:00:00 -0700 2009,,3,3
8842281e1d1347389f2ab93d60773d4d,116187,c36dde4203d3cda60d4174b881e127d4,4,"A great read for anyone leading or working in a creative team. Delves into the stories of Xerox PARC, Disney, Bill Clinton's election, Black Mountain College, Skunk Works, and The Manhattan Project. Very interesting to read about all these epic creative groups. 
 I'm not sure I learned anything revolutionary in this book, but it did help drive home some ideas that I keep running across. 
 I think the major takeaway of the book is that great groups need a great purpose. If they believe in the purpose, and a few other things align, then great things can happen. Xerox was out to change the world by introducing the computer. Disney was going to tell stories and inspire imaginations like they've never been told or inspired before. Bill Clinton and his team believed in 
 The characteristics of a Great Group are: 
 * A huge mission. A massive sense of purpose. Great groups think they are on a mission from God. 
 * Superb people. Generalists not specialists. Creative problem solvers. 
 * A strong leader 
 * A leader who believes in the purpose passionately and can inspire others to see it as well. 
 * A leader who knows how to find talent and can recognize it 
 * A leader who can assemble personalities that will mesh 
 * A leader who optimizes the matching of each group member with the thing they are best at and most passionate about. 
 * A leader who shields the team from bureaucracy and fights for them. 
 * A place to call their own. Doesn't have to be nice, but has to be separate from everything else. 
 * An enemy. Great groups are competitive. 
 * Optimism. Optimists accomplish more and are happier. 
 * They get stuff done. Real artists ship. 
 The one criticism I have of the book is that there aren't nearly enough tangible methods presented. But there were a few: 
 * Steve Jobs is known for making Apple into such a strong brand it's almost cultish. One tactic he had for this was hiring evangelists such as Guy Kawasaki whose entire job was to ""keep the Apple cult alive"". 
 * PARC leader Bob Taylor had a good tactic for mediating disagreements - he ""would urge people to move from what he called a Class I disagreement, in which neither party could describe the other's position, to a Class 2 disagreement, in which each side could articulate the others stance."" 
 * At PARC they didn't just interview candidates, but they also required them to give a talk before the entire staff - and field sometimes sharp, probing questions.",Tue Sep 15 11:12:19 -0700 2009,Thu Jun 09 01:52:36 -0700 2011,Thu Jun 09 00:00:00 -0700 2011,Sat May 07 00:00:00 -0700 2011,1,0
8842281e1d1347389f2ab93d60773d4d,77431,274130185397c1a08556ddae91c3ccf1,4,"Great book. Fun to see how Aubrey approaches being a commodore. He really focuses on surrounding himself with the right people, and knowing what they are good at.",Tue Sep 08 00:06:25 -0700 2009,Wed Mar 22 11:46:30 -0700 2017,Tue Feb 09 01:36:06 -0800 2010,Fri Jan 29 12:49:59 -0800 2010,0,0
8842281e1d1347389f2ab93d60773d4d,7661,fc5c2b74043cb5132b5b607c16a68211,3,"A quick read, but I enjoyed the focus on generic engineering - which is a topic that rarely think about. It's full of moral decisions and politics (of course) - but also lots of science. In the end the climax of the book fell short of being interesting, but I felt the substance of the book, along with getting me to think about new things, deserved at least 3 stars.",Wed Aug 12 16:34:06 -0700 2009,Wed Aug 12 16:38:04 -0700 2009,Sun Aug 09 00:00:00 -0700 2009,,0,0
8842281e1d1347389f2ab93d60773d4d,54499,20959fdf09c09810fa1f0097e086eeda,3,"A great finish to the D'Artagnan series - definitely enjoyed it. Ending wasn't what I wanted though, you could tell he was just trying to permanently end the series. It could easily be having seen the movie made me want more drama.",Thu Jul 23 08:09:50 -0700 2009,Mon Aug 10 17:24:46 -0700 2009,Tue Jul 28 00:00:00 -0700 2009,,0,2
8842281e1d1347389f2ab93d60773d4d,6468251,25ab96624a7a5da28a35a907cb5d5574,0,The largest book ever!,Fri Jun 19 12:11:09 -0700 2009,Fri Jun 19 12:11:21 -0700 2009,,,0,4
8842281e1d1347389f2ab93d60773d4d,6150530,936139cec0dc251a606bd3c9eba19f92,5,"A business classic that everyone should read. Explains 20th century and 21st century economics from a big picture perspective. The basic thesis is that while in the physical world (atoms), products have cost and thus companies can afford to give away small amounts of free samples (5%), or give away cheaper loss-leader related products in order to maintain profits. In the digital world things are reversed as products have little to no marginal cost and companies can afford to give away 95% of the product for free and make money on the remaining 5%. 
 My Notes 
 * For physical products free is a marketing tactic. Give away one product to make money on another (cell phones to sell plans, razor blades to sell razors, jello cookbooks to sell jello, etc). This is the concept of a ""loss-leader"", and is the basis of much of 20th century marketing. 
 * Value psychology: things that were once paid have a difficult time going free because people think it must not be as valuable anymore. Things that have always been free can still have a high perceived value. 
 * The Penny-gap: The psychology of a free product versus that of a product costing even one cent is huge. Koppelman says many businesses can't make the leap. Study where truffle is $.15 and kiss is $.01 and 70% choose the truffle, then reduced to .14 and free and now 70% choose the kiss. Free is disposable so we can't make a bad decision by choosing it - it's a psychological thing. 
 * Products in a truly competitive market tend to fall to the marginal cost. A true competitive market was mostly an economic theory as most real economies have inefficiencies (the products are somehow differentiated). However with digital economies we finally have true competitive markets, with marginal costs so close to zero that it's often rounded down. 
 * Reputation and attention economies are other important things that motivate people. Time is money! People will pay for status or to save time in a game, even if they wouldn't pay for the entire thing. There has been an explosion in gaming lately as games become free to play then charge as people play (Habbo Hotel, WOW, Puzzle Pirates, Second Life, Club Pengiun, Runescape, etc) 
 * Giving away your product for free or allowing piracy can be a good thing if you can figure out how to make money from the attention you get as a result. Microsoft would rather people be using pirated versions of Windows & Office than be using a competitor - it establishes them as the market leader and leads to more sales. Bands in China and Brazil give away as many free copies of their album in towns they visit as possible to get everyone to buy a ticket to their concert. 
 * Google is the best example of the above. They make so much on advertising from their main product (search + advertising), that they can afford to hire thousands of engineers to work on dozens and dozens of quality products that don't need to make money, they just need to establish Google more as a brand people use (gmail, google docs, google calendar, google apps, youtube, blogger, google analytics, google ad manager, and many more) 
 I was also fortunate enough to interview Chris Anderson about this book: check it out here.",Tue Jun 09 11:06:25 -0700 2009,Mon Jul 20 15:41:30 -0700 2009,Fri Jul 17 00:00:00 -0700 2009,,5,1
8842281e1d1347389f2ab93d60773d4d,77427,bc805ea66895a08aeda480386509bd65,4,"** spoiler alert ** 
 Great book - I liked it better than the second. I ate up the descriptions of India, and felt Stephen's pain with Diana the whole way. O'Brian really makes you feel like you're learning what it must have been like to have been at sea in an 18th century English ship of the line - a most impressive feat.",Wed Jun 03 18:37:13 -0700 2009,Mon Sep 14 19:10:26 -0700 2009,Mon Sep 14 00:00:00 -0700 2009,,2,2
8842281e1d1347389f2ab93d60773d4d,328854,885927352be80c09139e27cfe693d49c,0,Tim Ferriss digs it http://www.fourhourworkweek.com/blog/...,Mon Jun 01 16:53:21 -0700 2009,Fri Jun 05 12:28:50 -0700 2009,,,0,0
8842281e1d1347389f2ab93d60773d4d,77432,d49eb786ef1d8557b9e6e86bcafd4570,5,"** spoiler alert ** 
 I equally loved book 2, and am definitely hooked. I did feel it took a little while for them to get to sea, but I guess we can't bring in a love interest if we aren't on the land! 
 My favorite thing by far was the Lively, and the descriptions of how fast she is and how much care the crew took keeping her a crack ship. Pride in what you do can be a great motivator. I also loved how Jack made them work the guns against all the batteries for practice.",Tue May 05 18:08:22 -0700 2009,Thu Jun 18 17:56:58 -0700 2009,Thu Jun 18 00:00:00 -0700 2009,,1,0
8842281e1d1347389f2ab93d60773d4d,918095,cc3214b831f1e710fe56b32a346cde25,4,"I started this on audio book but after 14 CD's realized we were missing the last 2, so I just finished it with the hard-copy. The writing cracked me up with how graphic the descriptions of the battles and sex scenes were, but overall I really enjoyed this book. It's a very interesting account of the Seige of Malta, of which I knew very little.",Mon May 04 14:04:46 -0700 2009,Mon May 04 14:10:47 -0700 2009,Mon May 04 00:00:00 -0700 2009,,1,0
8842281e1d1347389f2ab93d60773d4d,177193,50e0193b474e47ee16f8285bbd7596f7,5,"I read a bunch of Bond books in High School and hadn't read one since, so I really enjoyed this one. As I remember a few of them being, it was very different from the movie. Though the main players - Scaramanga, Goodnight, and Felix Leiter - were all still there - but there was no midget! Bond books are simple, yet somehow still very compelling. The way Flemming wrote, Bond seems much more human and susceptible, yet determined and focused him - in the movies he seems more superhuman. I think Daniel Craig's movies are actually bringing that aspect of bond back a little bit. 
 In any event I greatly enjoyed the duel between Scaramanga and Bond.",Thu Apr 16 10:00:17 -0700 2009,Mon Apr 20 10:25:50 -0700 2009,Sun Apr 19 00:00:00 -0700 2009,,0,1
8842281e1d1347389f2ab93d60773d4d,6390320,845d4b11272b41bfdadace4a8c0905d3,5,"My Uncle's new book about LA! I consider myself a dreamer, and it's great to see all the stories of other dreamers.",Thu Apr 09 18:09:25 -0700 2009,Wed Mar 22 11:35:52 -0700 2017,,,2,0
8842281e1d1347389f2ab93d60773d4d,41804,2bcbe2300fe1801197f9bfe1f1c883ba,5,"As an engineer I couldn't help but love this book. It's full of logic games! The 3 rules of robotics are a very rich medium for lots of fun puzzles, and I very much enjoyed reading them. I think the book originally came out in serial form, as it was broken down into short stories or capers. Kind of reminded me of Sherlock Holmes - another favorite of mine. 
 Examining robots also gave a canvas for defining what it is to be human. I loved the robot religion story. Robots with a superiority complexes - but thank goodness for that first law or it would be a Terminator-style story. 
 According to Asimov's predictions, in 2009 the robot revolution should be in full swing. But I don't see a lot of robots around. Anyone have a good prediction on where we are with robots? When will we have pet robots and robot laborers?",Wed Mar 25 10:56:59 -0700 2009,Tue Apr 14 18:23:50 -0700 2009,Wed Apr 08 00:00:00 -0700 2009,,12,2
8842281e1d1347389f2ab93d60773d4d,6277224,c734d63988468a6bc738869708f799e2,0,Saw John Mackey talk about this book and was very inspired by it.,Wed Mar 04 14:10:39 -0800 2009,Fri Jun 05 12:28:48 -0700 2009,,,1,1
8842281e1d1347389f2ab93d60773d4d,3061530,cfec157faa38c2dee2a381f797195d02,4,"A truly heartwarming story of riches to rags - I tore through it on a NY-LA flight. Highly recommended for anyone who works and wonders if they shouldn't be paying more attention to their personal happiness. Some great business anecdotes throw in from the authors experience in a top-tier advertising firm in NYC. But mostly this is a story that makes you question the sanity of giving your whole life to a corporation that can easily discard you when you get older. Definitely highlights the importance of doing what you love - even if its working at a coffee shop! 
 The other interesting bit was the culture of Starbucks. Instead of giving each other orders, employees are taught to ask each other to ""do me a favor"". They are taught to be 100% positive in everything they do, and to constantly positively reinforce their coworkers. Coworkers are actually called Partners, and patrons are Guests. The language we use is so key to setting the right tone! 
 Follow your heart!",Thu Feb 12 14:25:49 -0800 2009,Thu Feb 12 14:28:02 -0800 2009,Thu Feb 12 00:00:00 -0800 2009,,0,0
8842281e1d1347389f2ab93d60773d4d,6337218,1b4190b8f5cbc379020d6af12ee92a2d,3,"** spoiler alert ** 
 Kind of Dan Brown-esque but with a fun geek twist. And the geek in me enjoyed it. Would have given it four stars, but I didn't love the ending. It was a truly interesting premise though: A computer programmer dies of cancer and leaves behind a program that kicks into life when it sees his obituary in the news, and wreaks havoc with some unknown goal in sight. 
 In the first half of the book I had a lot of fun trying to imagine the program that Sobol wrote. It was basically a big logic tree, where each possibly outcome in the real world was accounted for in the program. It would have taken a lot of preparation and attention to detail to go through all the possible outcomes and not missing anything, and one bug could make the whole thing fail. Wouldn't that be embarrassing? I guess Sobol had some good unit tests? 
 In the second half of the book (trying to not give anything away), the AI goes beyond what I think a skilled programmer could do today. Certainly an interesting thought exercise, but playing up a little bit too much on our fear of ""oh my gosh all information is digital now so a hacker could just take out our whole society!"" Many a hacker has stayed up all night with the same thoughts! 
 What I really want to know is where I can get some of those voice projector/sensors? They sound cool!",Fri Feb 06 01:46:05 -0800 2009,Wed Mar 22 11:46:21 -0700 2017,Tue Nov 02 00:00:00 -0700 2010,Mon Oct 18 00:00:00 -0700 2010,5,2
8842281e1d1347389f2ab93d60773d4d,19002,b37c5fdd5393c1a4b7af596279799dc9,2,"I'm a sucker for spy novels, so when someone left this at our bookswap brunch, I zero'd right in on it. I definitely enjoyed it, but didn't think it had much substance. However, it was a perfect novel to relax the mind. 
 I enjoyed the descriptions of East Berlin and West Berlin and the Anarchists and Communists. The descriptions of how the double agents were made was a lot of fun. Being a real spy would not be fun, if you really had to pretend to be in a dead-end job with no ambition. It was definitely interesting to be thrown back into a cold-war novel, though at the end I found it a little boring and I started skimming.",Tue Jan 20 10:37:17 -0800 2009,Tue Jan 20 11:37:47 -0800 2009,Tue Jan 20 00:00:00 -0800 2009,,0,1
8842281e1d1347389f2ab93d60773d4d,77430,28007503b429dc6724da7076ae7306b4,5,"One of the most enjoyable stories I've read in some time. Captain Jack Aubrey was a fascinating character. You just wanted him to succeed - to capture the Spanish vessel, to gain the respect of his men, to gain the respect of the Admiral. 
 The book is set during the Napoleonic Wars, and it was interesting to see all the Kings ships were nothing but glorified pirates, capturing all vessels they could on the open seas. 
 The book also strongly reminded me of my sailing lessons from last summer - I still had to look a lot of words up, but I remembered ones like leeward and abeam. Makes me want to go sailing!",Tue Jan 13 11:12:38 -0800 2009,Wed Mar 22 11:46:19 -0700 2017,Sat May 23 00:00:00 -0700 2009,,5,0
8842281e1d1347389f2ab93d60773d4d,136251,132eab4c9a3724493204cc083e0e2ecc,5,"Loved every minute. So sad there isn't another! 
 I thought JK really made Harry an even stronger archetypal hero - almost in a Paul Maud'Dib from Dune kind of way. He's fighting the ultimate evil, he's brave and takes risks, and believes in himself and doesn't give up despite many hardships. I think JK really did a phenomenal job, as I bet every kid who reads this will have a little bit of hero/Gryffindor in them. 
 The epilogue was lame though. I would have rather seen a '3 months later' epilogue than a '19 years later' one.",Mon Dec 22 10:38:27 -0800 2008,Wed Mar 22 11:46:18 -0700 2017,Sun Jan 02 00:00:00 -0800 2011,,6,3
8842281e1d1347389f2ab93d60773d4d,3228917,962e59d56b37e8a0ebc884799d913590,4,"A great book and worth the read, but like many Gladwellian books, it can be summed up easily. The basic point is that there is no such thing as a true outlier. Success, it seems, is due primarily to hard work and circumstance - brains play little part. 
 Gladwell went through several (fascinating) examples proving his thesis - people such as Bill Gates, Joe Flom at Skadden, Oppenheimer, some failed genius named Chris Langan. All of them had two things in common: they spent over 10,000 hours doing what they did, and they had fortunate circumstances that let them get ahead of everyone else. Bill Gates was smart, but so were lots of other geeks. He had the advantage of being 16 when the computing age came about, and being possibly the only 16 year old in the country with access to a computer - and he spent all his time on it. By the time he hit college he had well over 10,000 hours of computer time and was arguably one of the foremost experts in the country. 
 One of my favorite bits was the music study on page 39 that compared musicians, and ""couldn't find any 'naturals'"" - the skill of each musician at comparable amounts of practice was equal. It's kind of validating to hear this, as many of us have this feeling that there are naturally smarter people out there than us. But apparently this isn't true - and I think my personal experience agrees with this. The harder you work, the better you can do. 
 One other big takeaway was how circumstance can change things. The hockey league study and elementary school studies were fascinating and relevant. Basically kids that are in the older third of their class (or hockey league) have a natural advantage when they're really little. They are the kids who make all-star, and get extra coaching, and because of that they practice more and thus do become better by the time they are older. I was held back in pre-school so I was one of the oldest in my class, and I definitely think it helped me. Hmmm now can I plan my kids to be born to be the oldest?",Mon Nov 10 14:31:41 -0800 2008,Wed Mar 22 11:46:16 -0700 2017,Fri Sep 25 00:00:00 -0700 2009,,5,9
8842281e1d1347389f2ab93d60773d4d,142296,400f536181a8ccf3a0f6b37d3fec14eb,4,"I enjoyed every second of this book. I haven't read a time travel book in a long time, but loved this one, as the descriptions of London in 1812 were very rich. I loved how Lord Byron and other famous poets were running around, and the descriptions of all the beggars were fascinating. Add in some ancient Egyptian magic and you've got a great book! 
 Random sidenote: It's interesting to think that back then poets were the rockstars of the age, as the only form of mass-media was newspapers, so those who mastered the written word could be broadcast much further than any musician or actor. How times have changed!",Sun Oct 19 13:52:40 -0700 2008,Wed Mar 22 11:46:14 -0700 2017,Wed Dec 10 00:00:00 -0800 2008,,6,2
8842281e1d1347389f2ab93d60773d4d,705170,c39bb099422a9d45da1fbed787ac1c38,0,I love California history...,Fri Oct 03 10:15:44 -0700 2008,Wed Mar 22 11:46:13 -0700 2017,,,0,1
8842281e1d1347389f2ab93d60773d4d,76620,9206654986a733bd753753aa0c882813,5,"I read this after hearing from a few people that it was among their all-time favorites. I was almost put off when I saw it was a story about rabbits, originally written as a tale by a father to his children - but I'm glad I wasn't. 
 I found the folk tales about El-ahrairah to be very impressive. The author clearly had a vivid imagination to create so much of the rabbits culture and history. But I think this book was worth reading as it's really a story about survival, leadership, and human nature. 
 Oh and Fiver rocks. And BigWig is the man.",Tue Sep 02 17:03:40 -0700 2008,Wed Dec 14 12:30:43 -0800 2016,Tue May 05 00:00:00 -0700 2015,Sun Apr 19 00:00:00 -0700 2015,30,2
8842281e1d1347389f2ab93d60773d4d,304889,eb8a5303f86f1687f70754c8e7798d96,5,One of my favorite books as a kid!,Fri Aug 15 15:42:27 -0700 2008,Fri Aug 15 15:43:10 -0700 2008,,,1,0
8842281e1d1347389f2ab93d60773d4d,43944,8d32b85cfac9bbea409d09fb62f740af,4,"A great snapshot of history. It's about the experiences of ordinary French people as they flee Paris in 1940 when the Germans are invading. The second part is about after the Germans occupy France, how people in the towns get along with their hosts. 
 I loved the class breakdowns that occur. When the rules of society are no longer being enforced, having money or being a famous writer no longer make you more special than the next person. The descriptions of the characters prejudices, which were mostly based on their class, were really well done. 
 The story of the German officer falling in love with his French host took me a while to get into, but towards the end the emotions they both felt were really well described. You could really feel the how torn they were about it. 
 I went to a bookclub that discussed this book and was surprised to hear the variety of opinions on this book. The most interesting angle to me was: why did she paint such a positive picture of the Germans when she was of Jewish decent (and was indeed later killed in Auschwitz). Some people argued that she didn't yet know of the atrocities. Others thought maybe it was a hedge in case she was caught so she could show how sympathetic she was. And others thought she was just a writer caught up in telling a story. I favor the first and last options :)",Thu Aug 07 13:33:23 -0700 2008,Wed Mar 22 11:46:10 -0700 2017,Mon Sep 22 00:00:00 -0700 2008,,6,3
8842281e1d1347389f2ab93d60773d4d,5183,cbbbb2a825596e25d040278d5f0b2fb1,0,"Oprah is the Queen of bookclubs, and I want to understand how she does it!",Sat Jul 26 09:56:55 -0700 2008,Fri Jun 05 12:28:46 -0700 2009,,,0,1
8842281e1d1347389f2ab93d60773d4d,178186,66c9b63369a1ffd1489c61555531996a,5,"My safari guide gave this to me, saying the author was a friend who had lived a life similar to his own. It's a very well-written memoir style book of a man who is raised among a very proud people called the Maasai in East Africa. By modern standards they live very primitive lives: herding cattle, and living in dirt huts. But some of them are sent to school and enter the modern world, and the juxtaposition of the author's viewpoint on both worlds makes for a great read. 
 One interesting thing I noticed was that one reason the author was able to get so far in life was that as a safari guide back in the day, he met exclusively rich and powerful people as his clients. They were the only ones who could afford it back then! Just goes to show that its all about who you know!",Tue Jul 22 01:54:39 -0700 2008,Wed Mar 22 11:46:09 -0700 2017,Fri Jul 18 00:00:00 -0700 2008,,2,0
8842281e1d1347389f2ab93d60773d4d,49226,31f590c5a88142a3779d3a451ac8a915,4,"I learned a lot about an area of the world I knew very little. The book was a journalistic nonfiction account of Sierra Leone, as opposed to the fictional movie (which I also enjoyed). 
 Key takeaways: 
 - Human beings can be pretty indecent to each other when the economic incentives are right, and when there are no checks on those in charge. The RUF murdered and mutilated thousands. 
 - There is *no* way to verify a diamond is not a conflict diamond. No matter what a diamond seller says, stones are untraceable and black market stones can be added in at any of a dozen of places on the way from the mine to the store. Only stores like DeBeers, who control their own mines and stores, can approach such a guarantee. 
 - The guy who started DeBeers was impressive. He bought up as many mines as he could instead of mining them, and eventually controlled the market. DeBeers has had some shady practices as the worlds biggest diamond buyer and mine owner. 
 - DeBeers has a monopoly on diamonds, and as such can't have more than 3 executives in the US at any time or they will be arrested for prosecution by the SEC. 
 - DeBeers has a stockpile of diamonds in London worth billions. Selling it would flood the market. 
 - In late 2001, a Washington Post reporter broke a story that Osama Bin Laden had been buying conflict diamonds from Sierra Leone for a the past year to convert his money to a liquid form. This was in preparation for Sept 11, as he knew the US would seize his funds after the attack. Its very likely the scheme worked, and conflict diamonds are what is funding him today.",Mon Jun 16 11:11:54 -0700 2008,Mon Aug 11 11:36:35 -0700 2008,Sun Aug 10 00:00:00 -0700 2008,,3,2
8842281e1d1347389f2ab93d60773d4d,26899,ae43a8df9adb1b294ea729bb48c6dfd1,4,"I read this on a plane, and dogeared about 10 of the recipes for later inspection. Those people on the edge of Rails move fast, and this was a great way to keep on top of things. Not to mention it looks like it will save a ton of time, as it solves a lot of common problems for you!",Thu Jun 12 11:22:44 -0700 2008,Wed Mar 22 11:46:08 -0700 2017,Sun Jul 20 00:00:00 -0700 2008,,1,0
8842281e1d1347389f2ab93d60773d4d,34497,43828b41e8099f892cfee80a8244684a,3,"This should be 3.5 stars. I really enjoyed it, but found it all kind of random and leading nowhere. That being said, it was very imaginative and entertaining. Hrun the Barbarian was one of my favorites, as was anything the Luggage did.",Tue Jun 03 16:42:44 -0700 2008,Fri Dec 27 07:55:24 -0800 2013,Mon Nov 10 00:00:00 -0800 2008,,2,2
8842281e1d1347389f2ab93d60773d4d,1998185,03870aee7f8b9031d57ee6a0b84a5c16,0,Saw a talk by Clay at BookExpo - good stuff!,Thu May 29 16:53:13 -0700 2008,Fri Jun 05 12:28:46 -0700 2009,,,0,0
8842281e1d1347389f2ab93d60773d4d,2118114,0721c24a4dc5f2f23274f03161b738d8,4,"Great book. Quick read, and you learn about about psychology that you can apply to life or business. 
 A few notes: 
 - All about first impressions. First impressions can sway our opinion of something for years to come regardless of subsequent performance. 
 - Labels matter. If you label someone as a higher performer, top of class, leader, having command potential, etc - it will translate into them actually having it. My high school motto was Principes Non Homines (leaders not men) - now I know why they thought that would work. 
 - When we brand or label people they take on the characteristics of the diagnosis. 
 - People are easily swayed when other people they deal with are decent or nice or fair to them. You enjoy a restaurant 10 times more if the waiter is really nice, regardless of the food (the product). Same goes for any service or business relationship. 
 - Heightened adrenaline levels lead to higher levels of romantic interest 
 - We have ""two engines"" running in our brain that don't operate simultaneously. So we usually approach things from either an altruistic perspective or a self-interested one. Money (self-interest) is not always the best motivator - sometimes pride (in your country, your city, what you do) will inspire people much more.",Tue May 27 19:44:21 -0700 2008,Fri Aug 29 09:36:41 -0700 2008,Fri Aug 29 00:00:00 -0700 2008,,8,0
8842281e1d1347389f2ab93d60773d4d,347610,3ad125e05e9d9d594d77b0bdeacb1c87,4,"Very fascinating take on how Leopold was able to obtain a colony many times bigger than Belgium with pure politics, and maintain it with forced slavery and mercenaries. 
 There are lots of business lessons to be learned from Leopold: 
 - Perception is reality. The reality was forced slavery, and unspeakable cruelty by Leopold's agents. But in Europe Leopold told over and over the story that he was a humanitarian, and had the best interests of the Congo people in mind. 
 - You can control reality. Leopold wined and dined, and even bribed anyone with the ability to hurt the perception he spun of the Congo. Harder to do today, but not impossible. For instance a web startup just has to get cozy with Arrington and funding is around the corner. Leopold wasn't a king - he was a master at PR. 
 - History is written by the victors. Most published accounts of the era came from Leopold or his agents. Thus most people had no idea what was happening. I've seen this in current times: an authoritative article by a prominent newspaper that gets things wrong - then for people later researching the subject it becomes a source, and the myth builds. Thats what good PR can do! 
 - Economic incentive without proper checks can result in just about anybody becoming corrupt. Lots of ""good"" people in the book did unspeakable things to the natives for the sake of meeting their quota of ivory or rubber, or because they were ordered to. Similar stories have been told of American soldiers in Vietnam. In my view this pretty much proves man is neither inherently good or evil, but is entirely motivated by peer pressure and/or money. Joseph Conrad captured this well in Heart of Darkness",Sat May 24 11:31:56 -0700 2008,Tue Jul 22 01:52:48 -0700 2008,Sun Jul 13 00:00:00 -0700 2008,,1,0
8842281e1d1347389f2ab93d60773d4d,1010966,1f0e7e0e2d6b046ce0efa97a756da3da,4,"I heard this book described as interesting but a little dry, so I was fully planning on just skimming a lot. But I ended up reading almost the whole thing! I have two biases though: one was I was in Africa at the time I read it, and the other is my grandfather did a lot of hunting in Africa in the 1960's, so I could almost picture him hanging out with the wild characters in the book. 
 What I loved were all the stories of hunts and the pioneer type hunters that led them. Numerous maulings and close calls dealing with all sorts of animals. Surprisingly, the most dangerous animals in Africa are (in order): Buffalo, Elephant, Leopard, Lion, Rhino. Unless you wound the Lion then he's #1. Don't mess with Simba.",Thu Apr 24 18:48:35 -0700 2008,Wed Mar 22 11:46:06 -0700 2017,Fri Jul 18 00:00:00 -0700 2008,,0,0
8842281e1d1347389f2ab93d60773d4d,595069,881aa81467f212071a09f2897de963e2,5,"""Dr Livingstone, I presume!"" 
 That phrase was buried in my mind somewhere. It was familiar, yet I knew not how nor who this Livingstone person was. This book explained it, and was very entertaining in the process. Highly recommended if you ever travel to East Africa. 
 A friend recently wrote an interesting piece about how the types of creative people that rise to be famous have changed over the years. Livingstone was an explorer in the mid-1800's, and was a Michael Jordan of England. He explored much of Africa, often being the only white man in the expedition. He abhorred slavery, which was then rampant, and fought against it. His quest was to find the source of the Nile river, which evidently was a big thing back then (today we just keep looking for 'dark matter' and other such stuff). 
 But the most interesting part of the book to me was that the reason we know that famous phrase, is that its an early example of newspaper sensationalism. The New York Observer paid a reporter (Stanley) to take ridiculously large and expensive expedition into the middle of Africa that lasted for years, just to be able to have the exclusive on the story. But it was worth it: millions of Americans were entertained for years by the articles on Stanley's quest. And England wasn't happy its superstar was found by an American either, a fact not lost on the Observer.",Thu Apr 24 18:39:03 -0700 2008,Tue Jul 22 01:21:21 -0700 2008,Tue Jul 01 00:00:00 -0700 2008,,4,0
8842281e1d1347389f2ab93d60773d4d,14497,b8e08587ce1592d69548d0f644cb9893,4,"** spoiler alert ** 
 Just finished this and have to say I really enjoyed it. I was kind of worried the plot wasn't going anywhere for much of it, but the writing was really good and drew me in. 
 For much of the book I thought the main character (Richard) was too weak of a character for me to like much, but I liked how he grew in confidence towards the end. I think anytime one undertake's an adventure or a journey like that you grow so much. You have to get out there and fail a few times to have the confidence to know how to succeed! 
 I also have to say I loved Mister Croup and Mister Vandemar. Their dialogue and interaction was hilarious. It really reminded me of Mister Wint and Mister Kidd from James Bond's Diamonds are Forever.",Thu Mar 27 17:53:06 -0700 2008,Wed Mar 22 11:46:03 -0700 2017,Tue Oct 28 00:00:00 -0700 2008,,6,1
8842281e1d1347389f2ab93d60773d4d,1536419,7a3c545836cd4301ea90750fa8b1213c,4,"I got an advanced copy of this and tore through it last weekend. It was a memoir style account of desert warfare in world war 2, and a fascinating and realistic account of what it was like. A little heavier on logistics (names/places/etc) in a few places than I would have liked, but that did make it seem very real. 
 I loved the descriptions of Rommel's tank tactics: ""tied in forces will hold and forces in the air will run"". It was also interesting to note that most of the special ops were doing recon - which today would be done via satellites. 
 My generation has never lived through a world war, and reading this really brought to light the fact that a war of that magnitude really changes a society. Everyone fights from famous rugby stars to oxford scholars to high school teachers. The only take-away is that war is fucked up and I hope we never have to do it again. But if we go by history...",Wed Mar 26 10:14:10 -0700 2008,Fri Apr 04 13:17:04 -0700 2008,Fri Apr 04 00:00:00 -0700 2008,,2,0
8842281e1d1347389f2ab93d60773d4d,1003378,b6feac3156da12e4b80a02e30281c0e9,4,Be one with the club,Mon Mar 17 08:51:43 -0700 2008,Mon Mar 17 08:52:43 -0700 2008,Sun Jun 01 00:00:00 -0700 2003,,0,0
8842281e1d1347389f2ab93d60773d4d,77566,cedb8b21ea6ad95b05fa3868e05488e6,5,"Seven amazing stories. Each one you think can't possibly top the last, and then it does. We never really get to understand what is up with the Time Tombs - guess I have to keep reading. But the strength of each of these stories is worth it. One of the best books I've read in a while.",Wed Mar 12 16:37:16 -0700 2008,Wed Mar 22 11:46:03 -0700 2017,Fri Oct 19 00:00:00 -0700 2012,Wed Sep 19 00:00:00 -0700 2012,4,2
8842281e1d1347389f2ab93d60773d4d,2875137,40ed7857cd7bd0cabde43b965fb353b4,0,Jeff recommends it - and learning about good design is a must for any website architect.,Fri Feb 22 14:09:52 -0800 2008,Fri Jun 05 12:28:46 -0700 2009,,,0,0
8842281e1d1347389f2ab93d60773d4d,361459,74638316d011da5d0fec178abd8efaa0,4,Highly recommended if you are curious about Manic-depressive disease. A fascinating and even very well written insight from a woman who is both a Psychiatrist who treats it and suffers from it. She was very brave and very poetic in writing this book.,Thu Feb 07 10:34:45 -0800 2008,Wed Mar 22 11:35:32 -0700 2017,Wed Feb 13 00:00:00 -0800 2008,,9,0
8842281e1d1347389f2ab93d60773d4d,897461,91e06a861712ad5a654f7c9829423049,5,"An epic book - loved it, and wish I had found it before now. It does start a bit slow, but then really picks up. It's the story of a young man in 1905ish who graduates from Harvard and then is sent by his rich uncle to be the consul to the made up country of Islandia, which is closed to trade with the outside world. 
 Islandia is described so clearly you could almost believe it wasn't a made up country. You can feel it's beauty, it's pureness, and it's culure, coming through the pages. 
 Many of us went through idealistic phases in our 20's, and John Lang is no exception. He is trying to decide what will make him happy: Islandia, or a life in New York as a businessman. He is also searching for love, and seems to have a crush on every Islandian woman he meets! 
 Wright does an amazing job of describing what the Islandian culture is like. They are largely farmers: they work in the field all day, and their land provides what they need to eat and money to buy the rest. They don't have to work super hard, and have plenty of time for leisure. Their society closed and smaller, so people are very decent to each other. There aren't very many towns or central social hubs, so socializing is often accomplished by staying as a guest in someones farm house as you are traveling through the country, and you can do that totally unannounced. 
 Islandia is a utopia of sorts - they believe that progress in their culture will not lead to improving their lives. It is an interesting question - does technological progress actually end up making our lives better? Technology is supposed to improve the quality of our lives. We have better medicines, cleaner cities, we can communicate instantly around the world, and travel on cars and trains and planes. 
 But we lack the notion of a ""home"" that spans across generations or even multiple family units. Cousins and uncles and grandparents are only seen several times a year during family parties and holidays. In a sense, our society has shifted from being family centric to friend centric, as friends are the people we hang out with socially in the cities, where most of us live. This gives us often a richer variety of people and ideas to interact with, but the the connections are often not as close, and that is sad.",Wed Feb 06 20:42:04 -0800 2008,Wed Mar 22 11:46:00 -0700 2017,Mon Mar 07 00:00:00 -0800 2011,Wed Jan 26 00:00:00 -0800 2011,7,0
8842281e1d1347389f2ab93d60773d4d,10365,b953295db05c923943006688ec81fbcb,5,Loved this book.,Thu Jan 03 10:24:16 -0800 2008,Wed Mar 22 11:45:57 -0700 2017,Fri Apr 01 00:00:00 -0800 1988,,0,0
8842281e1d1347389f2ab93d60773d4d,23801,8795ae08b992f92492800d673e089bde,0,http://venturehacks.com/articles/barg...,Wed Jan 02 15:49:39 -0800 2008,Sat Nov 17 13:13:16 -0800 2012,,,0,0
8842281e1d1347389f2ab93d60773d4d,18122,9a8c81912b6bf7f4091323a8093a94c8,4,"** spoiler alert ** 
 I absolutely loved the first book, but didn't think the series finished as strong as I would have liked. 
 Too many plot holes and things that didn't make sense. Maybe it was because it's supposed to be a children's book, but I didn't like things like how the harpies were so easily convince to change sides, how God's #2 is easily tricked by a little flirting, how Lyra & Will can suddenly easily lose their Daemons, and how two kids making love can save the universe. 
 On the other hand the book did make you think, and I suppose religious ideas are probably best challenged in a children's book :) I did like the Dante's Inferno-esque description of the world of the dead, and Pullman's description of angels and their roles was brilliant. Also, the descriptions of how things evolved differently in different worlds was very interesting - particularly the Mulefa's world and the descriptions of the Gallivespians. I'm usually not a tragedy fan, but I did think Lyra & Will being separated at the end was a romantic and appropriate ending.",Wed Dec 26 17:21:26 -0800 2007,Wed Mar 22 11:45:55 -0700 2017,Tue Jan 01 00:00:00 -0800 2008,,0,0
8842281e1d1347389f2ab93d60773d4d,341532,8799c3fdeeb2dd60b1f5582ed4b5c483,0,Goodreads is hiring - so I wanted to read up :),Wed Dec 12 00:55:14 -0800 2007,Fri Jun 05 12:28:45 -0700 2009,,,0,0
8842281e1d1347389f2ab93d60773d4d,119322,111b958d9d8b5132be5e0c63399d1839,5,"Loved every second, and didn't want it to end, so I had to find a book store and buy the next two! Its a Harry Potter reading level and similar type fantasy story, but sometimes thats what you need on a long flight to NYC for the holidays! 
 I think as a child we all daydreamed about alternate worlds, so I love how thats the basis for the book. Thinking about all the permutations of how things could turn out differently is kinda fun :) I think if I had a Daemon I would hope she'd settle on being a lynx.",Mon Dec 10 21:02:24 -0800 2007,Wed Mar 22 11:45:52 -0700 2017,Sat Dec 01 00:00:00 -0800 2007,,4,2
8842281e1d1347389f2ab93d60773d4d,1953,70c420b9b26d869a1ef8548b20a9edeb,4,On loan to Diana Sonn,Wed Dec 05 12:25:38 -0800 2007,Wed Mar 22 11:45:51 -0700 2017,,,2,0
8842281e1d1347389f2ab93d60773d4d,764832,06d682143eaec46479d69fba46d5b95d,0,"I just had the pleasure of meeting Carl Schramm, and am looking forward to reading this book!",Thu Nov 15 10:18:54 -0800 2007,Fri Jun 05 12:28:45 -0700 2009,,,0,0
8842281e1d1347389f2ab93d60773d4d,368593,aa5063f4f59efb80f26992a3f3344a8f,5,"I found this book on a recommendation from a good friend, and if it wasn't for that I might have put it down right away, because the tone is very markety, and the author makes a lot of big claims with little substance. 
 That being said, the author must be a smart guy because there is a lot of good stuff in this book. 
 Big Takeaways 
 1. Most of us have the idea that we are supposed to work until we are 60, then retire and live the good life. Tim does a great job pointing out how backwards that idea is, and gives lots of suggestions for how to change your life to accommodate. He calls those who have done so the ""New Rich"", as they are rich in life - which is not related to being rich in dollars. 
 2. Take 'mini-retirements' throughout your life instead of planning to retire at the end of your life (which I probably wouldn't do anyways). This means every 5 years take a year off to go on a big adventure. Tim's point is you don't need to be rich to do this, and gives a lot of advice on how to go about it. I don't think he'll convince too many people, but it does sound like he's starting to have a following. 
 3. Be a business owner - not a business runner. One gives you lots of free time - the other consumes your life (which I can currently attest to :) 
 4. Time is your most valuable asset. Tim gives a lot of good tips for time management - which aren't unique, but every time you read them helps you. The ones that stuck out for me were: 
 - only check email 3 times a day at set intervals 
 - outsource everything you can to 3rd parties (like a virtual concierge in India who works for $5/hr) 
 - batch activities like paying bills for max efficiency 
 - give employees autonomous rules/guidelines 
 - avoid meetings whenever possible - use emails instead (works wonders) 
 5. Try to start businesses that can be completely outsourced after you've set them up, so they run on auto-pilot. The author did it with a nutrient company - I'm dubious on this one though. 
 6. 80/20 rule. 80% of your revenue probably comes from 20% of your customers. You can save a lot of time and make more money by focusing where it matters - on the 20%. This applies to most things in life, and although I've read it before it was a good refresher. 
 7. Reach out to important people. Don't be afraid to reach out to important/famous people for advice. They are often more accessible than you think. Tim had good tips for this - like always uses phone's and not emails. 
 8. Avoid excessive information: too much information input can overload you, so avoid reading news on subjects that don't relate to what you do. If something important happens in the world you will hear about it - or its good conversation when you meet with a friend (""whats new in the world?"")",Wed Oct 24 09:33:02 -0700 2007,Wed Mar 22 11:45:48 -0700 2017,Tue Jan 01 00:00:00 -0800 2008,,76,4
8842281e1d1347389f2ab93d60773d4d,52357,cd8f2fdfc17234b555ac662601f0e777,3,I would hate to have to see the movie without having read it first...,Tue Sep 25 01:10:09 -0700 2007,Wed Mar 22 11:35:19 -0700 2017,,,0,0
8842281e1d1347389f2ab93d60773d4d,760025,f8bdbc812d3f377db276f9fb3fe2cddb,5,"Its old, but its a classic. I was told it's part of the curriculum for Harvard Business school. If you are creating a product or a brand, this is a MUST READ. 
 Biggest takeaway: you want to create a new category and dominate it. So don't be the 7th biggest social network, be the #1 book focused social network. 
 People can only remember the top 3 things in any given category. It's a fun exercise actually, start to think of products and try to name as many brands as you can. Oftentimes you can only get to a few!",Mon Sep 17 19:15:23 -0700 2007,Wed Mar 22 11:45:46 -0700 2017,Tue Nov 01 00:00:00 -0800 2005,,0,0
8842281e1d1347389f2ab93d60773d4d,279556,b516c9301b6fe2401ac35c13b6a8ee67,3,Loved learning about Morgan and Jay and the rest. Very slow and dry and I gave up halfway as it was just taking too long. This book needs to be cut down by about 2/3.,Mon Sep 17 19:14:48 -0700 2007,Thu Sep 15 11:41:09 -0700 2011,Wed Sep 15 00:00:00 -0700 2010,Mon Sep 15 00:00:00 -0700 2008,0,3
8842281e1d1347389f2ab93d60773d4d,1903879,7cfb3580261e53e59b92ba75ff655879,4,Took this to Spain. Not for the budget traveler.,Mon Sep 17 19:14:47 -0700 2007,Tue Dec 17 20:00:42 -0800 2013,Thu Jun 01 00:00:00 -0700 2006,,0,0
8842281e1d1347389f2ab93d60773d4d,235559,fd8391d439380bff5beb1fb1dac4d903,4,Took this to Korea. Any book that can help someone who speaks no Korean get around gets my vote.,Mon Sep 17 19:14:43 -0700 2007,Mon Sep 17 19:28:21 -0700 2007,Tue Feb 01 00:00:00 -0800 2005,,0,0
8842281e1d1347389f2ab93d60773d4d,1903878,918a9968bd4f8e5b223f38c1680429a7,4,"In the year 2000, shortly after graduation, I became a software engineer. A scant year later, I needed glasses for the first time ever. I hated this, and bought this book to try to fight it. I've found the lessons in it invaluable. I have no idea if they've really made a difference, although my feeling is I'd have a stronger prescription by now if I didn't do them. I wish I could a/b test that!",Mon Sep 17 19:14:42 -0700 2007,Mon Sep 17 19:30:37 -0700 2007,Thu Mar 01 00:00:00 -0800 2001,,2,1
8842281e1d1347389f2ab93d60773d4d,108905,1ff5d74ba378c699afea33d2b4db0c79,4,"After reading The Wealthy Barber, I figured I could use some more concrete advice on my financial affairs. This book was a good starting place - nothing revolutionary, but pointed you in the right direction.",Mon Sep 17 19:14:27 -0700 2007,Mon Sep 17 19:35:49 -0700 2007,Wed Aug 01 00:00:00 -0700 2001,,0,0
8842281e1d1347389f2ab93d60773d4d,8714,83f9e0ea8bebe997c5933c6853b8a462,4,"Ok I must admit first I only saw the movie, so not sure if the book has a lot more info or not. But I thought I'd review it all the same. Gore, like all skilled politicians, is clearly a very good communicator. I came into the documentary very wary, having heard rumors about alternative motives, political agendas, etc. It might still be true. My main criticism with it was the lack of scientific 'proof'. We saw a lot compelling graphs, but didn't hear their sources or meet respected scientists who back them. Gore clearly isn't a journalist. 
 But despite all that, Gore has given us a lot of good food for thought on a subject that *definitely* matters a lot. So kudos to him! Now I just have to do some more learning - any recommendations?",Tue Aug 14 11:53:25 -0700 2007,Tue Aug 14 11:58:55 -0700 2007,Wed Aug 01 00:00:00 -0700 2007,,0,0
8842281e1d1347389f2ab93d60773d4d,685418,a32849dcc996321c735f73323dcdf024,0,Kareems top 10. Similar to delivering happines,Wed Aug 08 10:35:52 -0700 2007,Fri Feb 03 14:38:10 -0800 2012,,,1,0
8842281e1d1347389f2ab93d60773d4d,128029,172eea9d13272fc7ae6c34ca356496bc,5,"I'm not sure if I love Khaled's characters (see my review of The Kite Runner), but the man can tell a story. I think all Americans need to read this book, as it helps to understand and sympathize with what the people in Afghanistan have gone through. Particularly interesting as the book spans 30+ years and paints a very graphic picture of how Afghanistan changed in that time. From Russian communists to warlords to the Taliban to US Army, there have been no shortage of invaders and wars, and victims. Khaled leaves out little of the misery and death, but also focuses on how life invariably always finds a way. 
 So a little sad, but I liked it. I think the thing I liked most was that I've read so few books about that area of the world, and now I feel like I've gotten to know it, just a tiny bit.",Tue Aug 07 10:37:11 -0700 2007,Wed Mar 22 11:45:43 -0700 2017,Sat Dec 01 00:00:00 -0800 2007,,15,7
8842281e1d1347389f2ab93d60773d4d,960,7184b51fe965872484f2ae188adc9830,4,"A quick read, and probably better than The Da Vinci Code.",Tue Jul 24 12:10:20 -0700 2007,Wed Mar 22 11:45:41 -0700 2017,Mon Aug 01 00:00:00 -0700 2005,,0,2
8842281e1d1347389f2ab93d60773d4d,129549,bc4d59614e465fd1eb7eec5a2aa67aa6,1,"Read this while recovering from surgery. I wanted something mindless since I was doped up, and this certainly qualified.",Wed Jul 18 11:19:39 -0700 2007,Wed Jul 18 11:20:30 -0700 2007,Sat Jul 01 00:00:00 -0700 2006,,0,0
8842281e1d1347389f2ab93d60773d4d,34975,8ae498e2857642968f8f9e5f97c1caad,0,On recommendation from Gerald Chamales,Sat Jul 14 14:09:22 -0700 2007,Fri Jun 05 12:28:45 -0700 2009,,,1,0
8842281e1d1347389f2ab93d60773d4d,1004,c5b60f0cd880665d076be6d018165069,5,"This is the best self help book any entrepreneur could ever read. Perhaps the only one they need to. Truly transformative. I have it on audio too and listen to it at the gym often. 
 Napoleon Hill was tasked by Andrew Carnegie to write a book on what made a successful person succeed, and he spent 20 years researching and interviewing every great name of the day (Ford, Woolworth, Edison, etc), plus lots of people who failed (because you have to know what doesn't work too). This book is the result. 
 It basically hammers home a single point, over and over again. Success comes from knowing what you want to achieve and having a burning desire to achieve it. 
 ""The starting point of all achievements is desire. Keep this constantly in mind. Weak desire brings weak results, just as a small fire makes a small amount of heat.""",Sat Jul 14 14:05:59 -0700 2007,Tue Dec 31 04:25:02 -0800 2013,Wed Jul 25 13:55:38 -0700 2012,,54,5
8842281e1d1347389f2ab93d60773d4d,155981,faa83e087cbe111b9bd1645a52eb91d6,0,On recommendation from Gerald Chamales,Sat Jul 14 14:04:12 -0700 2007,Fri Jun 05 12:28:45 -0700 2009,,,0,0
8842281e1d1347389f2ab93d60773d4d,41506,12600fa04671b8a4cc520983650d7677,0,On recommendation from Gerald Chamales,Sat Jul 14 13:50:25 -0700 2007,Fri Jun 05 12:28:45 -0700 2009,,,0,0
8842281e1d1347389f2ab93d60773d4d,1119327,bcf43f8f69ff759f39a6ef19c6e196e6,3,"A quick read, but somewhat inspirational",Wed Jul 11 20:43:28 -0700 2007,Wed Jul 11 20:43:28 -0700 2007,Sun May 01 00:00:00 -0700 2005,,1,0
8842281e1d1347389f2ab93d60773d4d,350,50b8b2d287a53eccb43bea4c2ba13d28,5,"I really enjoyed this book. The concept of a man who had grown up on Mars and never seen another human until he was in his twenties is such a fun idea - and a rich canvas. Watching Mike try to grok humans gave a Heinlein great opportunities to point out some of our faults - and our advantages. 
 I think my favorite part of this book is the word 'grok'. I would bet that there are deep discussions over the true meaning of this word - but I will contend that its closest meaning in English is 'to be enlightened about something'. If you grok God you have reached enlightenment. If you grok music you truly understand in the way that Mozart understood it. If you grok another person you love them. If you grok programming then you truly love and are really good at programming - that, and you're also a probably a pretty big nerd for using a word like 'grok' :) I used it in front of my girlfriend and she still hasn't forgiven me, since I had to explain that it was ""a Martian word""! 
 One thing that I grokked (yes I'm going to keep using it dammit) after finishing this book is that it is kind of a 60's manifesto for free love. I wasn't alive in the 60's, but given everything I know about the 60's from movies, books, etc it seemed that my grokking was right.",Fri Jun 08 15:46:43 -0700 2007,Wed Mar 22 11:45:31 -0700 2017,Sat May 17 00:00:00 -0700 2008,,48,0
8842281e1d1347389f2ab93d60773d4d,22328,4e5edecc347415c8c3eede01ba7c2e6e,4,"Great book. A sci-fi classic. The fact that Gibson wrote this in 1984 is very impressive, as he makes many predictions that seem like they are coming true (was that a prediction?).",Tue Jun 05 19:16:00 -0700 2007,Mon Jan 23 12:48:25 -0800 2012,Sat Sep 01 00:00:00 -0700 2007,,4,2
8842281e1d1347389f2ab93d60773d4d,97782,8539f45d16343bcde6730287aee9f80e,0,"Stephen King recommended it, and it sounds good! 
 [http://www.nytimes.com/2007/06/03/boo...]",Tue Jun 05 10:52:54 -0700 2007,Wed Mar 22 11:45:30 -0700 2017,,,0,0
8842281e1d1347389f2ab93d60773d4d,588146,3baf013861135c4a3b24bf4a92f7b388,3,"I had trouble getting into this book. Its very dense, and there's a lot of talk about anarchy that went right over my head. I guess back in the 1800's Anarchists were the terrorists of the day. 
 (spoiler alert) 
 That being said, I did enjoy the buildup of the death of Verloc. In fact, his death, plus that of Stevie's, plus the ridiculousness of the whole bomb plot were so out there I wonder if they weren't meant as satire. The 10 page build-up to killing Verloc was golden though.",Mon May 28 22:57:50 -0700 2007,Sun Jun 10 18:36:38 -0700 2007,Fri Jun 01 00:00:00 -0700 2007,,0,0
8842281e1d1347389f2ab93d60773d4d,151,daab5f2752243787e471e2ac01bf12fc,0,"Well if Melanie says its her BBE, I gotta check it out...",Mon May 14 12:55:56 -0700 2007,Sat Jan 07 11:40:38 -0800 2017,,,1,2
8842281e1d1347389f2ab93d60773d4d,517266,7df28910ac7fcfcdc698e45aa4392073,4,"My college textbook, and first real programming language.",Fri Apr 13 11:13:59 -0700 2007,Fri Apr 13 11:15:07 -0700 2007,Mon Sep 01 00:00:00 -0700 1997,,0,0
8842281e1d1347389f2ab93d60773d4d,629604,4ad8d0cac2f817bec417c1ae1f1fe9fb,4,If you deal with any concurrency issues in Java this is a must - as is anything by Doug Lea,Fri Apr 13 11:09:36 -0700 2007,Fri Apr 13 11:10:34 -0700 2007,Mon Jul 01 00:00:00 -0700 2002,,0,0
8842281e1d1347389f2ab93d60773d4d,86630,11ee8d4a9a1f97cbf5407d8c018a6a26,4,I used to write all my scripts in perl - until I found ruby. A great language.,Fri Apr 13 11:07:53 -0700 2007,Fri Apr 13 11:08:52 -0700 2007,Fri Dec 01 00:00:00 -0800 2000,,0,0
8842281e1d1347389f2ab93d60773d4d,231264,9bfeb32b0cf8d6aa81416968a7213067,4,How I learned Java - my first language after college.,Fri Apr 13 11:06:56 -0700 2007,Sun Apr 17 10:55:21 -0700 2011,Fri Sep 01 00:00:00 -0700 2000,,0,1
8842281e1d1347389f2ab93d60773d4d,85009,919641a00b607161b8cae062f60b6c03,4,The classic computer science book.,Fri Apr 13 11:05:54 -0700 2007,Fri Apr 13 11:06:25 -0700 2007,Fri Aug 01 00:00:00 -0700 2003,,1,0
8842281e1d1347389f2ab93d60773d4d,629566,98f49eefd8164909a2b72d43d7f9bc16,3,My reference manual of old,Fri Apr 13 11:04:54 -0700 2007,Fri Apr 13 11:05:13 -0700 2007,,,0,0
8842281e1d1347389f2ab93d60773d4d,14366,0680dc3f8aadd7f726c7486ec7701846,4,I *loved* this book when I was little.,Thu Apr 12 12:07:41 -0700 2007,Wed Mar 22 11:45:24 -0700 2017,,,3,8
8842281e1d1347389f2ab93d60773d4d,18646,854200c9784c19f19ee0a058238e19ff,5,Great book about Galileo from the perspective of his daughter.,Mon Apr 09 21:38:21 -0700 2007,Mon Apr 09 21:39:36 -0700 2007,Mon Sep 01 00:00:00 -0700 2003,,0,0
8842281e1d1347389f2ab93d60773d4d,115471,6c72e06248b3622d66937fcb5fa0a89c,0,"I had the pleasure of meeting Paul Conrad, and he is a real character.",Wed Mar 21 15:31:05 -0700 2007,Fri Jun 05 12:28:50 -0700 2009,,,0,0
8842281e1d1347389f2ab93d60773d4d,5494321,fc7e34c5de5f962a51232edfbac6c53c,4,"Recommended in Stanford Magazine and by Guy Kawasaki. 
 A very useful book about the growth mindset. Essentially, the book makes a case that those people who look at everything they do in life as a learning opportunity are much more successful. 
 I think where this comes into play most often is when we face a setback, or a failure. Whether thats getting rejected from something (a job, a team, etc), messing up at work, having your boss yell at you, losing at something, getting laid off, making a bad bet, etc - most of us have many setbacks in our lives. How we deal with those is incredibly important. If we let the setback define us, we might think we aren't talented after all, and lose confidence. If on the other hand, we look at it as something we can learn from, we improve as a person. 
 I came at the book as it was recommended to me as being good for parents. My daughter is only 1.6 years, but already she is learning fast. The book recommends praising our children's efforts, instead of their results. Telling them they are ""amazing"", and ""smart"" is so easy to do, but if you do that their whole lives they won't succeed when they get to the real world. What you want is to encourage a learning attitude. This quote sums it up: 
 ""So what should we say when children complete a task--say, math problems--quickly and perfectly? Should we deny them the praise they have earned? Yes. When this happens, I say, ""Whoops. I guess that was too easy. I apologize for wasting your time. Let's do something you can really learn from!"" 
 Looking at life as a constant challenge is fun. And you can't fail at a personal challenge! Here is a great mental imagery technique the book mentioned when you are doing something you are bad at: 
 ""Picture your brain forming new connections as you meet the challenge and learn. Keep on going."" 
 Another interesting bit was how people at the top of their game can get caught up in a fixed mindset. You see this in sports all the team - the champion team from last year thinks they can cruise through this year, doesn't work hard, and suddenly they are losing a lot. It's so hard to maintain the edge. John Wooden puts it best: 
 ""I believe ability can get you to the top,"" says coach John Wooden, ""but it takes character to keep you there.... It's so easy to ... begin thinking you can just 'turn it on' automatically, without proper preparation. It takes real character to keep working as hard or even harder once you're there. When you read about an athlete or team that wins over and over and over, remind yourself, 'More than ability, they have character.'""",Mon Mar 19 15:06:46 -0700 2007,Thu Jul 31 05:26:28 -0700 2014,Sat Dec 01 00:00:00 -0800 2012,Wed Oct 24 00:00:00 -0700 2012,29,4
8842281e1d1347389f2ab93d60773d4d,18455,45b5934248075276ad650b3cac6ae1d6,3,Only book that the movie had nothing to do with other than the name. A very interesting story nonetheless!,Fri Mar 09 10:44:33 -0800 2007,Tue Jan 15 03:50:20 -0800 2013,Mon Aug 01 00:00:00 -0700 1994,,0,0
8842281e1d1347389f2ab93d60773d4d,191669,6cd3a96944d3ab1c3482bc3f25bbf5a7,3,"A very interesting and very French perspective on the Google Book Search project and digitization in general. Jeanneney basically makes the point that there are certain dangers for France and Europe since Google, which is an American company, has undertaken the monumental task of digitizing a great deal of the world's knowledge. His worry is that Google will prioritize in the digitization queue primarily books in english, as well books that are most pertinent to American culture. Now since human knowledge is little more than the sum of our written history, this unfair digitization has the potential in coming years to cause damage to cultures that aren't represented in it. 
 Jeanneney is (very wisely actually) trying to create an uproar around the issue in order to rally support in the EU around creating and funding a European digitization project. He even presents all the possibilities: 1. government funding 2. create their own search engine 3. do it open source wikipedia style. 
 I sympathize and even understand Jeanneney's perspective (although did I mention it was very French?:). But what was most interesting to me was that I realized how lucky I am to live in a country where Capitalism is at work. What Jeanneney is so desperate to accomplish in Europe has happened in America not magically or by chance, but because of incentive. In Freakonomics I think the author said something like ""economics is the study of incentives"". And Google is evidently has incentive to scan a whole lotta books. 
 One last thought. At the end Jeanneney finally gets to the interesting part, and wonders what to do with this cultural wealth of 1's and 0's once its been created. He says: ""Here again, the government, taking care not to stifle imagination or inhibit civic efforts, must be the driving force."" Talk about lack of incentive. I wonder who will be better at figuring out a good way to organize and search all the worlds data: Google, or the EU? My money is on Larry and Sergey all the way.",Tue Feb 27 02:15:02 -0800 2007,Thu Jul 31 02:04:06 -0700 2014,Thu Feb 01 00:00:00 -0800 2007,,1,0
8842281e1d1347389f2ab93d60773d4d,54812,e035f12621c6daba1b719ea742369696,3,"The sequel to Lonesome Dove. I enjoyed the first one more, but this one was also a good read.",Mon Feb 19 18:42:50 -0800 2007,Mon Feb 19 18:43:40 -0800 2007,Sun Aug 01 00:00:00 -0700 2004,,0,0
8842281e1d1347389f2ab93d60773d4d,256008,233ad4b2dd916bb1bdc9f73842a3c2c9,4,"Despite having a name that sounds like its a chic-book, this was a pretty sweet western novel. Thoroughly enjoyed it.",Mon Feb 19 18:38:18 -0800 2007,Thu Jul 31 01:20:00 -0700 2014,Sun Aug 01 00:00:00 -0700 2004,,7,7
8842281e1d1347389f2ab93d60773d4d,98233,9caf46a73c698a9111a3283fe44b75e2,5,"Loved every second of this book. Each chapter is a different story of a startup founder. I read it slowly so it wouldn't end, and read many chapters twice. My biggest take was that most founders didn't necessarily know what they were doing - or even that they were on to something big. But they were all determined to start a company - that was the only thing they all had in common. 
 Here are some good quotes from the book: 
 ""I'd say determination is the single most important quality in a startup founder. If the founders I spoke with were superhuman in any way, it was in their perseverance."" 
 -- Jessica Livingston (the author) 
 ""I see way too many people give up in the startup world. They just give up too easily. Recruiting is a classic example. I don't even hear the first ""no"" that somebody says. When they say, ""No, I'm not interested"", I think ""Now it's a real challenge. Now's when the tough part begins."" It's hard to identify talent, but great people don't look for jobs, great people are sold on jobs. And if they're sold they're going to say no at first. You have to win them over."" 
 -- Joe Kraus (founder of Excite) 
 ""Ultimately, you cannot accomplish something completely on your own. You really need to develop a network of people who win when you win."" 
 -- Ray Ozzie (Founder of Groove Networks, Chief Architect of Microsoft) 
 ""My philosophy on these types of companies - consumer-based Internet companies - is that you don't need to worry about the business model initially. If you get users, then everything else follows. Basically any technology can be copied, any concept can be copied. In my opinion, what makes one of these companies valuable is the users. That can't be copied"" 
 -- Mark Fletcher (Founder of eGroups and Bloglines) 
 ""I am not a hunter, never have fired a gun, but I'm told that if you want to shoot a duck, you have to shoot where the duck is going to be, not where the duck is. It's the same with introducing technology: if you're only focused on the market today, by the time you introduce your solution to that problem, there'll probably be several others already entrenched."" 
 -- Charles Geschke (Founder of Adobe Systems) 
 ""The biggest thrill is frankly not the financial success, it's the ability to have an impact. Because we're both engineers at heart and that's every engineer's dream - to build something that millions of people will use."" 
 -- Charles Geschke (Founder of Adobe Systems) 
 ""Most programmers don't think about the user experience. They get a spec book, and they say, ""Well, I'm going to meet this spec to make the customer happy."" That's not really enough; you have to make something good for the user if you want to call yourself an engineer."" 
 -- Philip Greenspun (Founder of ArsDigita) 
 ""People don't like to write. It's hard. The people who were really good software engineers were usually great writers; they had tremendous ability to organize their thoughts and communicate. The people who were sort of average-quality programmers and had trouble thinking about the larger picture were the ones who couldn't write."" 
 -- Philip Greenspun (Founder of ArsDigita) 
 ""Things never work out right the first time. You've always got to do it two or three times to get it right. And things always go wrong. So persistence is the key to success. I had seen that in my career. I had seen that in computer design projects. I had seen that through my whole life. And so that word is the best single advice I can give to entrepreneurs. The key to success, if you had to sum it up in one, is persistence."" 
 -- Ron Gruner (Founder of Alliant Computer Systems and Shareholder.com) 
 ""I'd just keep thinking, keep trying to find the language and find new employees, trying to meet the VC who would understand my vision and back me. I met with 43 VCs."" 
 -- James Currier (Founder of Tickle.com)",Tue Feb 13 15:06:00 -0800 2007,Wed Mar 22 11:45:18 -0700 2017,Wed Aug 01 00:00:00 -0700 2007,,16,3
8842281e1d1347389f2ab93d60773d4d,66406,80a09fb75c693a67b392a484eac59d51,4,"A very interesting WW2 book that chronicles how a gang of street orphans fought the nazis. I love to hear different perspectives, so this was very enjoyable.",Fri Feb 09 18:27:09 -0800 2007,Wed Mar 22 11:45:16 -0700 2017,Thu Jul 01 00:00:00 -0700 2004,,0,0
8842281e1d1347389f2ab93d60773d4d,75004,ffc70acdffb6889d26d61ae6b0a2c142,4,Sundeep read the ebook & liked it. http://gettingreal.37signals.com/toc.php,Wed Feb 07 09:45:22 -0800 2007,Wed Mar 22 11:45:15 -0700 2017,,,0,0
8842281e1d1347389f2ab93d60773d4d,17214,6ec0d301aab8636dc52e28a77b440ea1,4,"Sometimes you just need a quick fun book. I read this over Easter weekend, and loved every second. I loved the movie too, but the book was better. 
 This book really wasn't intellectual, but it did make one interesting point. In the book you can only vote if you have gone through and graduated from military training. This prevents the uneducated and uncommitted citizens from voting. While this is a bit extreme, I might be of the opinion that there should be some more barriers to voting (like a standardized test). Otherwise our elections end up being a marketing contest. Name recognition is huge in marketing - would W have won otherwise? Would Hilary have a chance?",Wed Feb 07 09:07:25 -0800 2007,Thu Jul 31 00:49:50 -0700 2014,Sun Apr 01 00:00:00 -0700 2007,,3,3
8842281e1d1347389f2ab93d60773d4d,43244,9973a6548483762751bea065c210ed1a,5,"A *great* book for anyone who wants to understan mysql better and how to tune it. I particularly liked it because it started at the basics with a conceptual overview, then dived into details. There are probably even more details it didn't go into, so I'll start looking for the next book. But this one was invaluable.",Tue Jan 30 10:42:07 -0800 2007,Wed Mar 22 11:45:14 -0700 2017,Thu Mar 01 00:00:00 -0800 2007,,1,4
8842281e1d1347389f2ab93d60773d4d,40958,95f44e8c3883e3bc6769f4b14cdb2a35,4,Evan & James recommend it..,Tue Jan 30 10:40:04 -0800 2007,Wed Mar 22 11:45:12 -0700 2017,,,0,3
8842281e1d1347389f2ab93d60773d4d,912,11d5241ce7d3189be64a5f418a05628a,4,"I loved this book because it was a simple intro to buying real estate, much as The Wealthy Barber was a simple intro to personal finance. 
 I remember one of my favorite parts was where he examines the statement by many people that shows that the stock market has beaten the real estate annually in a historical comparison. Kiyosacki pointed out though that if you look at return on your money real estate wins hands down because you only have to put in 10% of your own money. So if you buy a 100K house with 10K, borrowing the 90K, and it appreciates to 105K after a year - you've got a 50% return.",Sun Jan 28 11:05:16 -0800 2007,Sun Jan 28 11:13:18 -0800 2007,Fri Oct 01 00:00:00 -0700 2004,,3,0
8842281e1d1347389f2ab93d60773d4d,41793,2a22e6360a230bf82bcb7cd06f905dfe,0,"I love Paul Graham's online essays, so I bought this...",Thu Jan 25 12:04:35 -0800 2007,Fri Jun 05 12:28:49 -0700 2009,,,0,0
8842281e1d1347389f2ab93d60773d4d,41786,7c02baebdaf014904b3ed5c916a9627f,4,"Joel's a windows coder - but a smart one. Its actually interesting to hear about that side of things, as usually I'm just turning my nose up at it :) A good read for any programmer.",Thu Jan 25 12:02:37 -0800 2007,Thu Jul 31 00:38:49 -0700 2014,,,2,0
8842281e1d1347389f2ab93d60773d4d,41716,01bc90f2bcee73bca978539e49cde876,3,I actually enjoyed this book - a great beach read. Then I saw the movie - except for Penelope it was awful...,Thu Jan 25 11:08:59 -0800 2007,Thu Jan 25 11:10:22 -0800 2007,Tue Aug 01 00:00:00 -0700 2006,,0,1
8842281e1d1347389f2ab93d60773d4d,41653,1ffc6cae781333c90b96d11cc0c14d04,3,"Inspiring profiles of 7 great businessmen: Andrew Carnegie, Thomas J. Watson, George Eastman, Robert Noyce, Charles Revson, Sam Walton, and Henry Ford. The author is an HBS professor.",Wed Jan 24 20:31:21 -0800 2007,Wed Jan 24 20:34:43 -0800 2007,Wed May 01 00:00:00 -0700 2002,,0,0
8842281e1d1347389f2ab93d60773d4d,41643,19657073df8d1e4937ded1f9a0b7a7f8,4,"I picked this up in a Library in Big Sur, expecting to learn about Bill Gates, and instead found it was about the history of the PC industry. A fascinating history, and still a very relevant read, even though the history stops at 1995. There have been just a few developments since then!",Wed Jan 24 20:25:31 -0800 2007,Wed Jan 24 20:27:40 -0800 2007,Thu Aug 01 00:00:00 -0700 2002,,0,0
8842281e1d1347389f2ab93d60773d4d,41619,4b9ddf377a95848305ece20647d9ada8,4,I remember this being full of sage business stuff. Bill Gates computes...,Wed Jan 24 20:17:20 -0800 2007,Wed Jan 24 20:20:10 -0800 2007,Sat Mar 01 00:00:00 -0800 2003,,0,0
8842281e1d1347389f2ab93d60773d4d,259028,fb4acc8a30bac6bf1414a03303d43c26,0,"If steve recommends it, it must be good!",Thu Jan 18 11:09:48 -0800 2007,Mon Mar 09 00:38:30 -0700 2015,,,2,2
8842281e1d1347389f2ab93d60773d4d,37609,c7908aa61c703223935640dc1fd8064a,3,Listened to this on the way back from Mammoth. A great story full of Pirates & Arabs & Africa - worthy of any road trip.,Wed Jan 17 23:54:08 -0800 2007,Wed Mar 22 11:45:09 -0700 2017,Mon Jan 01 00:00:00 -0800 2007,,0,2
8842281e1d1347389f2ab93d60773d4d,38300,9bb7dbe43d7c85369780517249c15dbe,5,"I read this after I went fly fishing for the first time, and it was pure gold. A fantastic story.",Wed Jan 17 21:21:03 -0800 2007,Sat Mar 29 09:39:51 -0700 2014,Sat Apr 01 00:00:00 -0800 1995,,3,0
8842281e1d1347389f2ab93d60773d4d,32349,99478bd0339bf3b2eef6f47205bd2e71,4,"I read this in Australia, and remember being very inspired by it. Its a great story, and one of the first books I ever read that dealt with the spiritual side of things. There seems to be some controversy around it now (see amazon reviews) - but I don't know why...",Wed Jan 17 17:22:28 -0800 2007,Wed Jan 17 17:24:12 -0800 2007,Wed Jul 01 00:00:00 -0700 1998,,0,0
8842281e1d1347389f2ab93d60773d4d,2262,ce35c70b5286b77252b84ab8cea72689,5,I think this was kind of a summary/follow up to the other two.,Fri Jan 12 12:11:34 -0800 2007,Wed Mar 22 11:45:06 -0700 2017,Sat Apr 01 00:00:00 -0800 2000,,0,0
8842281e1d1347389f2ab93d60773d4d,2256,2b946cb3be8b7ec4acd0b08bad4d8a9b,4,"Not quite as good as the first, but still worth it. He gets more in the weird stuff in this one...",Fri Jan 12 12:10:20 -0800 2007,Fri Jan 12 12:11:04 -0800 2007,Sat Apr 01 00:00:00 -0800 2000,,0,0
8842281e1d1347389f2ab93d60773d4d,8907702,061608d343d8eedaf7069adb3b542c65,5,"I first read this after college when my father gave it to me as a graduation gift. I almost didn't read it, but was very glad I did as it was very impactful on me, and I think helped shape me into the person I am today. I recently decided to re-read it after a meditation teacher was talking about it - and was glad to discover that it's just as relevant to my life now as it was before. It's a book I can easily see myself re-reading every 5-10 years. 
 The book is a story about how to be mindful and live a happy, aware life - coached in the story of young Berkeley gymnast who meets an old man - who he names Socrates - at a gas station. Socrates becomes his coach and mentor - and teaches him that his goals in life were all wrong. 
 If there is a motto of the book it's this quote, which I've had on my wall since I first read this book: 
 ""There are no ordinary moments!"" 
 The way of the peaceful warrior is to appreciate every moment, regardless of how dull or ordinary it may seem. To live in the now. Once you become aware of this, it's kind of amazing how much of our time we don't spend in the current moment - instead worrying about the past or the future. Our minds are swimming with the thoughts and worries of our lives, and we lack the easy ability to just be present. As Socrates said: 
 My mind is like a pond without ripples. Your mind is full of waves because you feel separated from, and often threatened by, an unplanned, unwelcome occurrence. Your mind is like a pond into which someone has just dropped a boulder!"" 
 The best way to live in the present moment is to learn to meditate. Meditation teaches you to become aware when the mind wanders, and that awareness is a muscle that like all muscles, needs constant exercise or it becomes diminished. What I liked about the book was it discusses where meditation can go - and how one can be meditating constantly. In fact, it's not really meditation, but the art of focusing the mind that feels so good and fulfilling to us. This is why sports are so great - you are forced to focus your mind 100% on what you are doing, and distracting thoughts fade to the background. That ability to focus is calming, and appealing. I like how the book explains that using gymnastics. 
 ""Silence is the warrior's art -- and meditation is his sword. With it, you'll cut through your illusions. But understand this: the sword's usefulness depends upon the swordsman. If you don't know how to use the weapon properly, it can become a dangerous, deluding, or useless tool. Meditation can initially help you to relax. You may put your 'sword' on display, proudly show it to friends. The gleam of this sword distracts many meditators until they abandon it to seek other esoteric techniques."" 
 But I liked how the book goes much deeper than meditation. There were cool bits about breathing properly, monitoring your internal organs, massage, having the mindset of a child, and eating healthily. 
 ""The pleasure from eating, Dan, is more than the taste of the food and the feeling of a full belly. Learn to enjoy the entire process -- the hunger beforehand, the careful preparation, setting an attractive table, chewing, breathing, smelling, tasting, swallowing, and the feeling of lightness and energy after the meal. You can even enjoy the full and easy elimination of the food after it's digested. When you pay attention to all elements of the process, you'll begin to appreciate simple meals."" 
 Highly recommended.",Fri Jan 12 12:07:56 -0800 2007,Fri Jan 12 12:07:56 -0800 2007,Mon Feb 15 00:00:00 -0800 2016,Sat Feb 06 00:00:00 -0800 2016,33,3
8842281e1d1347389f2ab93d60773d4d,5358,ac6bab36534499b76423d2826a7a7d97,4,One of my favorites from Grisham. The movie was good to (but of course not as good as the book),Fri Jan 12 10:26:14 -0800 2007,Wed Mar 22 11:45:04 -0700 2017,Sat Jul 01 00:00:00 -0700 1995,,1,0
8842281e1d1347389f2ab93d60773d4d,32475,823aeca1780cb8b1aa4dfe179ddcb230,0,"Joel on software blogged about it, and it appeals to the geek in me... anyone else know anything about it? 
 http://www.joelonsoftware.com/items/2...",Tue Jan 09 17:05:31 -0800 2007,Fri Jun 05 12:28:49 -0700 2009,,,0,1
8842281e1d1347389f2ab93d60773d4d,31139,c3b4b8d5d36487da230ab6fc1f2e8f6e,4,Now I'm a certified scuba diver!,Mon Jan 08 00:30:16 -0800 2007,Wed Mar 22 11:45:03 -0700 2017,Mon Jan 01 00:00:00 -0800 2007,,0,1
8842281e1d1347389f2ab93d60773d4d,9624,6f80a2d200ada2943262ea1eadbee079,5,If elizabeth and nico both give it 5 stars its gotta be good...,Fri Dec 29 10:59:10 -0800 2006,Wed Mar 22 11:45:01 -0700 2017,,,0,4
8842281e1d1347389f2ab93d60773d4d,19743,d7772e57399e4111e4ccb064c974d566,5,"Another book by my uncle! I picked this up one afternoon at my other uncle's house, and spent several hours learning about the history of the company. Fascinating stuff. It has been my dream since I was little to have a Porche - hopefully someday I will!",Wed Dec 27 20:04:36 -0800 2006,Thu Jul 31 00:34:10 -0700 2014,Tue Aug 01 00:00:00 -0700 2006,,0,0
8842281e1d1347389f2ab93d60773d4d,19764,20c4532a573b2ba43f1aa882245b33dd,4,"A sweet coffee table book written by my uncle! He's an amazing photographer, and has done quite a few books.",Wed Dec 27 20:02:30 -0800 2006,Wed Dec 27 20:17:00 -0800 2006,Wed Dec 01 00:00:00 -0800 2004,,0,0
8842281e1d1347389f2ab93d60773d4d,19691,1c24a04d5ea897eb9f69d64c3e22cf06,4,I went through a big Tom Clancy phase when I was younger. I think I read them all. This was one of the best though (the move was even good). I feel like I got a really good grasp of cold war politics by reading all these books... lol.,Wed Dec 27 19:47:28 -0800 2006,Wed Dec 27 19:49:38 -0800 2006,Tue Aug 01 00:00:00 -0700 1995,,4,0
8842281e1d1347389f2ab93d60773d4d,19543,191081e3eba11eef62a8bfe3cc523f90,5,"I didn't want to add any children's books - but this one was just too cool... 
 Update: Saw the movie - the book was much better!",Wed Dec 27 14:19:48 -0800 2006,Wed Mar 22 11:44:58 -0700 2017,Wed Jun 01 00:00:00 -0700 1983,,17,3
8842281e1d1347389f2ab93d60773d4d,19494,3ce7575fd5436a5aeeb184d16be06e04,5,"I haven't read a good spy novel in a while - and this was a great one. Truly well written, and an amazing story given how short the book is. I tore through it in one day! 
 It really dove into what it's like to be in the spy world. A world where, as Le Carre mentions several times in the novel, the only rule is to do what's best for your country. When you play that kind of game morals are thrown out the window. Murder, traitorism, disloyalty - are all ok in the name of great good. And operatives who live in this world have a hard time ""coming in from the cold"" - as did Laemas. 
 The description of how Laemas had to go to personally go to pieces in order to get thrown in jail and get recruited by the Germans was impressive. He had to basically pretend to become an alcoholic, start sucking at his job, ostracize all his friends and anyone he met, and hit total rock bottom, until he was thrown in jail. That's impressive. Not something I think most people could do - which is why the Spy world is such and interesting one. 
 The issue of the unmorality of the spy world was Liz (Laemas' love interest)'s main issue with the events. But Laemas was hardened to it and still looked at it from the greater good angle - though people were killed in the end it was a win for London, after all. It was interesting that the last lines of the novel had him thinking about some kids he almost ran over in his car once: as though he wanted to get back to that place where normal rules applied.",Wed Dec 27 10:59:21 -0800 2006,Wed Mar 22 11:44:57 -0700 2017,Sat Sep 04 00:00:00 -0700 2010,Fri Sep 03 00:00:00 -0700 2010,3,4
8842281e1d1347389f2ab93d60773d4d,4395,f9b251305bbb955c3045ed50e9084503,3,"Maybe it was just not a good time, but I couldn't get through it... I loved Of Mice And Men though.",Mon Dec 25 12:33:57 -0800 2006,Wed Mar 22 11:44:56 -0700 2017,,,2,5
8842281e1d1347389f2ab93d60773d4d,7745,02581eb848dbe77be90565294dae2084,3,"I think from this book i learned what tripping on some serious shit must be like. If are masochistic, you might like it (but it might be dangerous).",Mon Dec 25 12:28:06 -0800 2006,Mon Dec 25 12:29:55 -0800 2006,Sat Jul 01 00:00:00 -0700 2000,,0,0
8842281e1d1347389f2ab93d60773d4d,4380,d1b4a8ee74df4e5d3e828c0bb4ab10a8,5,I remember liking it in high school...,Mon Dec 25 12:27:10 -0800 2006,Wed Mar 22 11:44:56 -0700 2017,Thu May 01 00:00:00 -0700 1997,,8,0
8842281e1d1347389f2ab93d60773d4d,17372,51a5d24542ac284c1a748c0899ab3d0c,0,My financial advisor recommends it. I think its a primer in index fund investing over managed fund investing,Fri Dec 22 08:54:56 -0800 2006,Fri Dec 22 08:55:44 -0800 2006,,,0,0
8842281e1d1347389f2ab93d60773d4d,13528,1c9ab7e03c2a1297b1bb519a01f7ac1f,0,I liked his other one - anyone know about this one?,Tue Dec 19 13:46:51 -0800 2006,Fri Jun 05 12:28:49 -0700 2009,,,0,0
8842281e1d1347389f2ab93d60773d4d,2052,8b08f156b1fc6708aa7dceff1a000ab4,5,"A classic LA detective novel - loved it. The opening paragraph says it all: 
 ""It was about eleven o'clock in the morning, mid-october, with the sun not shining, and a look of hard rain in the clearness of the foothills. I was wearing my powder-blue shirt, tie and display handkerchief, black brogues, black wool socks with dark blue clocks on them. I was neat, clean, shaved and sober, and didn't care who knew it. I was everything the well-dressed private detective ought to be. I was calling on four million dollars.""",Mon Dec 18 11:10:25 -0800 2006,Wed Mar 22 11:44:51 -0700 2017,Tue May 01 00:00:00 -0700 2007,,3,2
8842281e1d1347389f2ab93d60773d4d,320,e4b8a7b15d49974ccf3696053189267c,4,"** spoiler alert ** 
 This book may as well have been called One Hundred Years of Inbreeding And Human Drama. It was basically a story about a small town where the gene pool is so small that everyone marries their relations, and it seems like life spirals more and more downward and out of control over 100 years. I really enjoyed the authors ability to bring these crazy characters to life, and explain the story behind how each one's quirks strange behavior. The book started out really strong, stagnated a bit for me 2/3 of the way in, but I loved the ending. 
 I also thought the inclusion of magical elements throughout the story was an interesting and fun twist. Melquiades's scrolls, the floating priest, etc. According to Wikipedia this is called ""magical realism"". Thinking about all the movies and TV shows being produced now, it seems that this is a common plot element nowadays!",Sun Dec 17 15:11:00 -0800 2006,Wed Mar 22 11:44:51 -0700 2017,Fri Mar 27 00:00:00 -0700 2009,,6,2
8842281e1d1347389f2ab93d60773d4d,3359,524f9a8de4467da6b1a2a55ec26cc664,0,"My aunt recommdended this to me ages ago - and now that I see two other friends like it, I should read it..",Sun Dec 17 15:08:00 -0800 2006,Fri Jun 05 12:28:49 -0700 2009,,,1,2
8842281e1d1347389f2ab93d60773d4d,4671,6875930d3c9657b5b14a2fd11a4836b5,5,"I read this classic twice in high school. Its hard to like books you read in high school, but this one stood out - couldn't tell you why anymore :)",Sun Dec 17 15:05:04 -0800 2006,Wed Mar 22 11:44:48 -0700 2017,Mon Apr 01 00:00:00 -0800 1996,,8,1
8842281e1d1347389f2ab93d60773d4d,7190,61e56b93debc7ef829ce707afedf93db,5,Man I wish I hadn't read this yet so I could enjoy it again.,Sun Dec 17 14:53:42 -0800 2006,Wed Mar 22 11:44:46 -0700 2017,Thu Jun 01 00:00:00 -0700 2006,,3,0
8842281e1d1347389f2ab93d60773d4d,5544,04cd788781a9a23f2b42ba50334ecd61,5,"This book was a pure delight. The subtitle ""Adventures of a Curious Character"" is spot-on. Feynman gave an amazingly human and honest view into his philosophy and take on life, thought a series of stories. 
 One thing that struck me most deeply was his passion for learning new things. You would think a world-famous Physicist would just be passionate for Physics - but Feynman was curious about everything he saw. He dabbled in art and was successful enough to have a show, he joined a Brazilian Bongo group and competed with them, he hung out in Vegas until he grokked gambling, he spent time in strip bars in Arizona until he figured out how to pick up women, he cracked safes in Los Alamos for fun - the list goes on! My take: you should have your passions - but you should also have your hobbies. I think I need a new hobby :) 
 I really enjoyed his lessons learned from observing the Brazilian educational system. He noted that many of the students were simply memorizing words and formulas and had no understanding of the concepts they applied to. I think this is not a unique problem in education. 
 Another lesson learned from Feynman's studies of science is to never take any data for granted. Always always question the sources. Whenever Feynman did an experiment he would re-generate many of the numbers on his own - even if they had been published in other places. For many things we are (and not just in science) standing on the shoulders of giants. The easiest way to be led astray is if those results were never right to begin with. 
 I think Feynman was in his heart a true educator and scientist, with real integrity. And I think it drove him nuts how many important decisions are made using unscientific principles. This book was a light-hearted attempt to point that out - not to mention, a very entertaining read.",Sun Dec 17 14:44:14 -0800 2006,Wed Mar 22 11:44:43 -0700 2017,Tue May 13 00:00:00 -0700 2008,,77,7
8842281e1d1347389f2ab93d60773d4d,10853,472db61dc28798137dec736a3a0a77fd,4,"Almost every surfer I know has recommended this, so I finally read it. I've never really found a surf book I liked, but this was closest. I'm not sure if the author and I would have been surf buddies (he's 50, a longboarder, picks fights, and used to run drugs), but he's definitely a great story-teller. And his adventures traveling from Mexico to Costa Rica are a trip. He does a great job weaving in stories from his younger days, stories of his pot smuggling days, and stories of his journey to make a very good beach read. I loved hearing the stories of all the people he meets - half the expats down south are 'on the run' - and have great stories :) 
 Aside from the good storytelling I felt there was depressing undertone to the book, as if the author was never quite satisfied with his life regardless of what happened to him. This makes sense I suppose given he's kinda having a midlife crisis - but it didn't amp me up with enthusiasm for life. But on the positive side, it did gave me a strong thirst to explore central america soon - and to go surfing :)",Sun Dec 17 14:28:32 -0800 2006,Tue Jan 09 09:37:07 -0800 2007,Mon Jan 01 00:00:00 -0800 2007,,0,0
8842281e1d1347389f2ab93d60773d4d,10959,8f7463f1f34c782de6eecfdc9b4cd51e,0,A friend of Elizabeth's I met at a party said its a great primer to understanding philosophy...,Sun Dec 17 14:27:30 -0800 2006,Thu Jul 31 00:32:08 -0700 2014,,,2,1
8842281e1d1347389f2ab93d60773d4d,10147,087fdd02a253be8e0f0a52f55ab527bc,5,"This book was pure Gold - it was impossible to put down, and its clear to see why its a classic. Watching Holmes apply his methods to each case and unravel it to the eternaly baffled Watson was entertaining and even inspiring. I only wish I was as smart as Sherlock. I actually think we can all learn a lot from Sherlock - even if he is fictional :) 
 Some other interesting things I learned: 
 - sherlock only says 'elementary' once 
 - sherlock does cocaine when bored in between cases . I guess it wasn't such a big deal back then? 
 - one caper delved into the history of the Mormons, which was very interesting",Thu Dec 14 12:12:25 -0800 2006,Tue Jan 11 03:40:31 -0800 2011,Fri Dec 01 00:00:00 -0800 2006,,0,1
8842281e1d1347389f2ab93d60773d4d,10148,6f0142519843375ef009dbea043099d2,4,"The second volume of the masterful Sherlock Holmes. The first was probably better, but this was a very good read as well. I have all the respect for Sir Arthur Conan Doyle, as he really makes you believe in Holmes' genius. 
 One interesting tidbit is that he killed Holmes off at the end of the last book, because he thought he was ""obscuring my higher work"". Ironic since none of his other work has any popularity. Due to popular demand, Holmes returned 20 years later. 
 A great quote: 
 ""I have serious thoughts of writing a small monograph upon the uese of dogs in the work of the detective ... A dog reflects the family life. Whoever saw a frisky dog in a gloomy family, or a sad dog in a happy one? Snarling people have snarling dogs, dangerous people have dangerous ones. And their passing moods may reflect the passing moods of others."" 
 so true!",Thu Dec 14 12:08:33 -0800 2006,Fri Mar 09 11:39:00 -0800 2007,Thu Feb 01 00:00:00 -0800 2007,,0,0
8842281e1d1347389f2ab93d60773d4d,10146,7ce3001fcfa73666c5ca54b3c25aa4e1,3,"Most stuff in this book I already knew (90%). But hearing it in a cohesive story is a great way to fodder new ideas - if you wanna think about the internet and where its going, its a great primer - and a quick read too. 
 Hearing the the Goto/Overture story was interesting. While it sounds obvious, its an impressive insight by Bill Gross that traffic with an intent (ie search traffic) is worth more than random traffic, and that if you played arbitrage in the middle you could make a lot of money. I like it when people can do math :) 
 I didn't know Google started in a garage. I learned more about Google's battle to stop SEO spammers. They usually change their algorithm to do this, which of course ends up screwing over legit businesses too - these legit businesses actually name each algorithm change like they were hurricanes - 'Florida' was when Google changed their algorithm on nov 14, 2003.",Thu Dec 14 12:06:00 -0800 2006,Tue Jan 09 09:04:40 -0800 2007,Fri Dec 01 00:00:00 -0800 2006,,1,0
8842281e1d1347389f2ab93d60773d4d,9345,b44d3458f1835a19175925510e0b2a05,0,"The LA Times did a story about this book & it sounded interesting: [http://www.latimes.com/news/local/la-...] 
 An excerpt: 
 The former president also asserted that pro-Israel lobbyists have stifled open debate in this country on the Israeli-Palestinian situation. ""It's impossible for any candidate for Congress to make a statement like 'I favor balanced support of Israel and Palestine,' "" he said.",Tue Dec 12 10:47:59 -0800 2006,Fri Jun 05 12:28:49 -0700 2009,,,0,0
8842281e1d1347389f2ab93d60773d4d,9339,17b75b9417ce481acb2fdbd87da3da23,3,"I read this in college in my 'spiritual book' phase, and despite its cheesy name remember rather liking it. Its basicaly an intro to Buddhism.",Tue Dec 12 10:36:56 -0800 2006,Tue Dec 12 10:39:11 -0800 2006,Tue Dec 01 00:00:00 -0800 1998,,0,0
8842281e1d1347389f2ab93d60773d4d,7667,e6d524e3b18632c5399c5fae2bf619fc,3,A great book to read on an airplane.,Sat Dec 09 13:31:16 -0800 2006,Sat Dec 09 13:31:16 -0800 2006,,,0,0
8842281e1d1347389f2ab93d60773d4d,901,285a193d199341b0be521e0b8d0168e7,5,"I read this in high school, and it was one of my favorite's at the time. I just re-read it as the movie is out, and was glad to see it's still one of my favorites. Ender is pretty much just badass. The military strategy and leadership is actually one of my favorite things about this book. 
 The notion that Ender was set apart from the other kids as an intentional tactic to make him into a leader was always fascinating to me. In many ways I can relate to it. Ender's story is one of leadership, and leaders often have to balance empathy with big picture priorities. His older brother was too harsh and lacked empathy - but Ender is the perfect balance. 
 One of the key ways Ender keeps winning is by being aggressive and proactive, rather than reactive. Both with the bullies, in war games, and with the buggers, he takes them out before they have the chance to take him out: 
 ""Knocking him down won the first fight. I wanted to win all the next ones, too. So they'd leave me alone."" 
 ""When it comes down to it, though, the real decision is inevitable: If one of us has to be destroyed, let's make damn sure we're the ones alive at the end. Our genes won't let us decide any other way. Nature can't evolve a species that hasn't a will to survive. Individuals might be bred to sacrifice themselves, but the race as a whole can never decide to cease to exist. So if we can we'll kill every last one of the buggers, and if they can they'll kill every last one of us."" 
 I didn't fully understand the point of the plot line about Enders brother and sister becoming net celebrities. I mean it was cool, but this cartoon summarizes it well: http://xkcd.com/635/ 
 What I like about this book is that Ender is pushed to his limits to improve himself, which shows a raw side of humanity. It makes you think. Here is a quote which I think encapsulates that well: 
 ""There is no teacher but the enemy. No one but the enemy will tell you what the enemy is going to do. No one but the enemy will ever teach you how to destroy and conquer. Only the enemy shows you where you are weak. Only the enemy tells you where he is strong. And the only rules of the game are what you can do to him and what you can stop him from doing to you.""",Sat Dec 09 13:16:45 -0800 2006,Wed Jan 25 16:54:12 -0800 2017,Sat Nov 23 00:00:00 -0800 2013,,19,4
8842281e1d1347389f2ab93d60773d4d,7126,95bb020134fd58186a01a1313ee24b77,5,One of my all-time favorites. The ultimate revenge story. One fascinating aspect to think about was that back in the day this novel appeared as a series of articles in the newspaper in France...,Fri Dec 08 12:09:25 -0800 2006,Wed Mar 22 11:44:40 -0700 2017,Mon Mar 01 00:00:00 -0800 2004,,4,0
8842281e1d1347389f2ab93d60773d4d,3758,13d94c434b60a1c8bea41a0b5a51f49e,5,"After seeing the movie (i liked it), and needing a fun read for a vacation, this was perfect. Like Jacques, I loved the explanation of Baccarat. My mental image of Vesper Lynd in the book is much prettier than the actress from the movie. Fleming's Bond is much more of a connoisseur than the movie Bond, and he takes great care in describing all the details of the things he enjoys - particularly his cigarettes, his food, his wine, and his car.",Thu Dec 07 20:20:43 -0800 2006,Wed Mar 22 11:44:37 -0700 2017,Mon Jan 01 00:00:00 -0800 2007,,2,2
8842281e1d1347389f2ab93d60773d4d,5592,320faec14be78ee1200a5282f595dcea,0,"Again - elizabeth got this for free at work, sounded interesting - if anyone knows anything about it let me know",Thu Dec 07 17:13:31 -0800 2006,Fri Jun 05 12:28:49 -0700 2009,,,0,1
8842281e1d1347389f2ab93d60773d4d,3876,9f564f4f75c48c299db5fce9ff5f6e0b,5,I read this while backpacking through Europe after college. It was a fascinating insight into the Spanish culture - anyone going there should definitely read this.,Thu Dec 07 17:09:18 -0800 2006,Wed Mar 22 11:44:35 -0700 2017,Sat Jul 01 00:00:00 -0700 2000,,2,1
8842281e1d1347389f2ab93d60773d4d,4648,cdef62ddd4dbc38dd55c600a8f6e3712,4,"I read this while on vacation in Spain. If you've already read The Sun Also Rises, this is a must-read while in Spain. You get a great sense of the history of the fascinating bullfighting culture.",Thu Dec 07 17:04:59 -0800 2006,Thu Dec 07 17:09:03 -0800 2006,Thu Jun 01 00:00:00 -0700 2006,,0,0
8842281e1d1347389f2ab93d60773d4d,5579,2394fbdfffaf92f2b1f00d8bd5c51a9b,0,"I wanted to go on a health kick once, read all the reviews on amazon, and bought this. I read the first chapter, and it was informative (yet dry). Haven't touched it since...",Thu Dec 07 16:55:52 -0800 2006,Thu Dec 07 16:57:49 -0800 2006,,,0,0
8842281e1d1347389f2ab93d60773d4d,5559,0d9543139645a2057164e3fa84349052,3,"Nothing revolutionary about this book, but interesting to hear Jack's story from his own mouth. GE is famous for the way it handles its employee reviews, trimming the fat & promoting the best each year.",Thu Dec 07 16:46:26 -0800 2006,Thu Dec 07 16:48:46 -0800 2006,Wed Sep 01 00:00:00 -0700 2004,,0,0
8842281e1d1347389f2ab93d60773d4d,5558,3c01b327de615dc96910130797da1224,0,elizabeth got this for free at work... anyone heard anything about it?,Thu Dec 07 16:43:16 -0800 2006,Fri Jun 05 12:28:49 -0700 2009,,,0,0
8842281e1d1347389f2ab93d60773d4d,4248,6e91fb10572e42b196a24cba990ddf6c,4,"I know this book is supposed to be evil as its horribly inaccurate, but I had a lot of fun reading it, so I'm still giving it 4 stars. (sorry jacques)",Thu Dec 07 11:00:16 -0800 2006,Thu Dec 07 11:01:45 -0800 2006,,,12,0
8842281e1d1347389f2ab93d60773d4d,4099,8033d2f3c1e90bf468e0f7f6a92f450b,5,"This was a great book for programmers to read. It had a lot of very general, yet very useful advice for programmers. I loved the broken window theory of programming. Malcolm Gladwell argues the same theory cured New York's crime wave in the 90's in Blink",Tue Dec 05 21:51:20 -0800 2006,Fri Oct 08 22:03:50 -0700 2010,Tue Jun 01 00:00:00 -0700 2004,,2,0
8842281e1d1347389f2ab93d60773d4d,3750,fccc8d34514f3c4af22da78c87daa6a4,4,"I'm a huge james bond fan. Always have been. I read a bunch of the books back in high school, but missed this one. I love the books as much as the movies. Fleming brings the character to life in a very different way from the movies - more human, more vulnerable. Plus the its always interesting to see the differences between the plot of the movie and the book. In this one for instance, there was no space station, no Jaws, no plot to populate the planet with a super-race. But there was the millionaire Drax with an evil plan - you can count on that :)",Tue Dec 05 14:28:10 -0800 2006,Thu Jul 31 00:30:41 -0700 2014,Wed Nov 01 00:00:00 -0800 2006,,0,0
8842281e1d1347389f2ab93d60773d4d,3646,f2e2cf77a7651cfc6981630d15ddf56d,0,"Om recommends it: http://gigaom.com/2006/11/30/profit-f... 
 Ryan Sarver @twitter recommends it highly.",Fri Dec 01 15:35:05 -0800 2006,Wed Sep 14 10:36:55 -0700 2011,,,0,0
8842281e1d1347389f2ab93d60773d4d,2674,606cb82ec292d7a1833460f03b60ae90,5,"My old CEO and mentor (James Currier) gave me this book for christmas after I first started work at his company. He said they handed it out at HBS and it was a simple but very powerful intro to managing your finances. And it was. So forget Personal Finance For Dummies (which I also read) - start with this. 
 Personal finance is something that isn't taught in school, but is incredibly important - and the basics aren't very hard. I found this book invaluable as a young software engineer, when I was making a salary and didn't know how to invest it, and I would recommend it for anyone in their 20's. Even if all it does is get you to start to think about compound interest and what starting to save can do for you - that's *huge*.",Mon Nov 20 10:07:12 -0800 2006,Wed Mar 22 11:44:31 -0700 2017,Tue Jan 01 00:00:00 -0800 2002,,1,0
8842281e1d1347389f2ab93d60773d4d,3388,10708cc2198f107080ac688ea7d9c352,5,I loved this book. I agree with Elizabeth - the movie wasn't close. Something about Nicholas Cage trying to do an italian accent?,Tue Nov 14 10:57:05 -0800 2006,Wed Mar 22 11:44:29 -0700 2017,Thu May 01 00:00:00 -0700 2003,,4,0
8842281e1d1347389f2ab93d60773d4d,1202,8458284a7dcf85d90b3c55bd6b4523d4,4,I loved the abortion cured crime theory.,Mon Nov 13 12:31:32 -0800 2006,Wed Mar 22 11:44:28 -0700 2017,Thu Jun 01 00:00:00 -0700 2006,,6,2
8842281e1d1347389f2ab93d60773d4d,3368,d082289e6bc1f026d5e078a46db9142d,4,"My old roommate Michael gave me this - its kinda 1999 but totally relevant, and a great starter to learn about web UI.",Mon Nov 13 12:25:56 -0800 2006,Mon Nov 13 12:26:47 -0800 2006,Tue Feb 01 00:00:00 -0800 2005,,2,0
8842281e1d1347389f2ab93d60773d4d,2748,e5b891f372880fc0243c6cd7d120a262,4,"About fads: ""language is such technology"" 
 This book is a fascinating look into early 90's software culture. When Microsoft and Bill ruled the world, and silicon valley was just gaining momentum. 
 Its amazing the changes the ""information superhighway"" brought us! I think Social Networking is born from the lack of geeks (those who make software) having a life in the 90's. These geeks, bogged down in technology (internet, cell phones, email, dvd's, movies, tv shows), found a way to socialize within the parameters of the technology. Then it caught on with others. Hello online dating. Hello friendster.",Mon Nov 13 12:24:25 -0800 2006,Wed Mar 22 11:44:26 -0700 2017,Wed Nov 01 00:00:00 -0800 2006,,2,0
8842281e1d1347389f2ab93d60773d4d,3353,4de6c326d4002b54328f7de1374bc5a3,0,If selly says so...,Sun Nov 12 16:46:27 -0800 2006,Fri Jun 05 12:28:49 -0700 2009,,,0,0
8842281e1d1347389f2ab93d60773d4d,122,fe863cd2474e96f1275fab45af96fc42,5,One of my top 5 favorites. Read this at the deeper/figuring your life out moments - it will give you strength and inspiration.,Thu Nov 02 17:27:14 -0800 2006,Wed Mar 22 11:44:25 -0700 2017,Tue Jan 01 00:00:00 -0800 2002,,7,0
8842281e1d1347389f2ab93d60773d4d,2552,5e0276065ff1802519bbc54cfddb8dec,4,Listened it on tape on a road trip... thoroughly enjoyed it!,Wed Oct 18 10:56:09 -0700 2006,Wed Mar 22 11:44:23 -0700 2017,Tue Mar 01 00:00:00 -0800 2005,,0,0
8842281e1d1347389f2ab93d60773d4d,2612,745e17f4ee923640039d88a161cc62b3,4,"Really good book. It read like a bestseller (quick read), but had a lot of substance to stop and make you think. 
 three Rules of the tipping point: the law of the few, the stickyness factor, the power of context. 
 Law of the Few (people who influence): 
 - Connectors: super connectors (eg Paul Revere). William Dawes had the same mission as Paul Revere the same night but we haven't heard of him b/c Paul Revere was a super-connector & knew who to rouse. 
 - Mavens: A Maven is a person who has information on a lot of different products or prices or places. This person likes to initiate discussions with consumers and respond to requests. They like to be helpers in the marketplace. 
 - Salesmen: people with the skills of persuasion. Good at reading people entering into ""conversational harmony"" with them. Facial gestures (nods, smiles, frowns) are key indicators. Emotional Mimicry. Studies showed Peter Jennings viewers voted Republican b/c he unconsciously smiled more while covering Reagan. 
 Stickyness Factor 
 - Sesame street succeeded b/c it learned to make TV sticky. It did a TON of testing with focus groups of kids to increase stickyness (how much kids remembered) of each show. They would cut scenes that didn't hold attention until each show 
 was good. 
 - Blues Clues did even more testing and discovered that kids love repetition - it plays the same show 5 times in a row and kids love it. 
 - make the message personal to make it memorable 
 The Power of Context 
 - Broken window theory. NYC cleaned up its crime epidemic by cleaning off the graffiti from its subways. 
 - Often to change human behavior you have to change the context the problem is presented in. 
 - Stanford Prison Experiment by Zimbardo proved that context matters. 
 - law of 150: a person can't 'know' more than 150 people, so companies usually start to fail at that point. Gore-Tex breaks up a company into 2 once it hits 150, because they've found things work better that way.",Tue Oct 17 11:19:56 -0700 2006,Wed Mar 22 11:44:22 -0700 2017,Sun Oct 01 00:00:00 -0700 2006,,95,4
8842281e1d1347389f2ab93d60773d4d,2603,543ecaa53a042c3c21dc784c252fbcbf,0,"My old roommate had this, and I've been rather missing it since I moved out...",Tue Oct 17 11:02:45 -0700 2006,Tue Oct 17 11:03:15 -0700 2006,,,0,0
8842281e1d1347389f2ab93d60773d4d,2574,af143357e4a8e863f459dca61ae59eb5,5,"Interesting Tidbits 
 - Three forces need to create the long tail: 
 1. democratize production: give average people the ability to create quality content (movies, music, blogs) 
 2. democratize distribution: technology to aggregate *all* the content in a genre (Amazon, Netflix, iTunes) 
 3. Connect Supply and Demand: filters to help people find the niche's they are interested in (Google, recommendations, best-seller lists) 
 - One quarter of Amazon's sales come from books outside its top 100,000 titles. Thus having a long tail adds ~33% to your bottom line. 
 - Ranking bestsellers across niche's genre's gives little value. Filters to rank items must be applied within each niche to become relevant. Goodreads could improve here. 
 - As the number of niche's increases, the ability of people to consume more content within the genre increases. This depends on the genre, but it gives me hope that we can increase the number of people who read through Goodreads, by creating better filters to connect readers of various niche's. 
 - each year 200,000 books are published in english, and fewer than 20,000 make it into a bookstore. Only 2% of the books published in 2004 sold more than 5000 copies, and can be considered profitable. 
 - There is another factor that determines why people create content, other than money: reputation. 
 - Ebay has 60 million active users",Tue Oct 17 10:52:39 -0700 2006,Tue Oct 09 13:33:01 -0700 2007,Sat Sep 01 00:00:00 -0700 2007,,15,1
8842281e1d1347389f2ab93d60773d4d,2512,c3b6eee31447c629d8c38edc3b719908,0,"If Jacques says its his one of his all-time favorites, then I gotta read it!",Tue Oct 17 10:30:46 -0700 2006,Thu Jul 31 00:30:30 -0700 2014,,,1,0
8842281e1d1347389f2ab93d60773d4d,2140,e5fee34865badbea2ff418774313cfa1,4,"A must read - really interesting stories about how people process things unconsciously. 
 - for instance, you can't hide your feeling about race from your unconscious - take the Race Test (http://www.understandingprejudice.org...). It said I (and 13% of test-takers) have a 'moderate automatic preference for European American compared to African American'. It also said 48% of test-takers have a ""Strong automatic preference for White people"" - crazy! 
 - I loved the bit about President Warren Harding (http://en.wikipedia.org/wiki/Warren_H...), who - according to the author, basically got elected because he ""looked presidential"". I firmly believe looks matter - hey after all I do live in CA where we have the Governator...",Mon Oct 16 16:52:43 -0700 2006,Thu Jul 31 00:30:28 -0700 2014,Sun Oct 01 00:00:00 -0700 2006,,11,0
8842281e1d1347389f2ab93d60773d4d,2265,05df1f61c4f6b764a61f0126958a8514,5,"I read this right after my dad passed away from cancer. Lance was a hero of my dad's for some time, but I'd never seen his autobiography until I found it on my dad's shelf. Lance's drive to survive and win against all odds is an inspiration to anyone, but especially to cancer survivors & their family. It really helped me get through a difficult time, and inspired me to start doing triathlons with Team In Training (a great organization which helps benefit cancer victims). 
 Oh - and Lance is the shit :)",Sun Oct 15 15:29:34 -0700 2006,Thu Jul 31 00:30:28 -0700 2014,Sat Jun 01 00:00:00 -0700 2002,,5,2
8842281e1d1347389f2ab93d60773d4d,1843,8eceb6d16ebfa80171d90156bd8a0a94,3,"I remember reading this on Greg's recommendation. It was pretty good overall, just had lots of parts where the author felt it necessary to devote entire pages to decriptions of nature. But to get a glimpse of the life of a surf-bum its a pretty good read. Paints a much different picture than Spicoli...",Fri Oct 13 15:20:02 -0700 2006,Wed Mar 22 11:44:20 -0700 2017,,,0,1
8842281e1d1347389f2ab93d60773d4d,1893,5347a776a1703b823ce029d68ae98275,5,"** spoiler alert ** 
 So the other day Elizabeth and I are in the book store and she saw this book, and said she really wanted me to read it. In horror at the thought of reading what I thought was a 'chick book', i immediately countered that she would then have to read one of my favorites: Dune. She agreed! 
 So I read it, and I have to admit, it was good - damn good. Even though there was a serious lack of any gratuitous violence, I tore through it in several days. Austen is an amazing writer, and has a particular talent for explaining her characters deep motivations (or prejudices) in a few defining sentences. 
 I think my favorite part of it is the unwinding of Elizabeths' prejudices against Mr Darcy. It is done so slowly and artfully and believably that the reader is completely pulled into the story. 
 It is a definite period piece - here are a few funny observations: 
 - Nobody in the book had a job - they all earned income from their estates 
 - Since nobody had jobs they spent all day gossiping 
 - People were judged not by what they did for a living but what family they were from and how they behaved in society. Completely different from today! 
 - Dating was much tougher back then. You needed at least 10 dates to get anywhere, and you probably had to marry in order to go all the way. 
 Jokes aside, this is a classic, and I highly recommend it for any guy or girl.",Tue Oct 10 19:08:05 -0700 2006,Sun Feb 19 02:04:48 -0800 2017,Sun Oct 01 00:00:00 -0700 2006,,155,4
8842281e1d1347389f2ab93d60773d4d,816,09ca609e689da68adf06c0fbee73da0b,5,"Just re-read this for the first time, and it's still one of my favorites. This book is geek-heaven: cryptography, world war II, code-breaking, nazi gold, and modern day internet beginnings all tied together in one masterful story. 
 It also was largely lost on me, and I suspect many of my generation, that the second world war was won - or at least greatly accelerated - in great part due to the fact that we had cracked the German and Japanese codes. Learning more about the efforts of Bletchley Park, and Dr Alan Turing and huffduff and cribs, etc was fascinating. 
 I think the funniest part of the book is the page where Stephenson actually graphs out how productive Waterhouse is when he has recently had sex (very productive) and when he hasn't (not very productive). 
 The code-breaking and cryptography is not stuff I know a ton about, as modern day programmers largely don't have to worry about that stuff, but it's a good reminder to think about, as we don't have it on our brains nearly enough. Avi & Randy's paranoia and tendency to encrypt everything from their hard drives to their emails may be overkill, on the other hand, it also may be wise. I remember getting email from people who used public/private keys to encrypt their email before, but not in the last 5 years. Maybe we should request that Gmail Labs add that! 
 If there was a theme to this book, it's that cryptography is everything. It defined the second world war, and it also defines the modern internet. Information is king - not large caches of gold.",Wed Sep 27 10:20:00 -0700 2006,Wed Dec 21 13:44:58 -0800 2016,Tue Dec 29 00:00:00 -0800 2009,,2,3
8842281e1d1347389f2ab93d60773d4d,1633,44caa4a4410ceaf7a748e72dc065d767,4,Read about it in a blog: http://www.43folders.com/2004/09/08/g...,Thu Sep 14 22:55:41 -0700 2006,Wed Mar 22 11:44:18 -0700 2017,,,2,0
8842281e1d1347389f2ab93d60773d4d,874,3aad81b2428ada2f1f13286cd582ccd8,5,"A really well written book that takes you into the far away world of Afghanistan. Highly recommend it. 
 I loved this book, but I must say that one of the things that perhaps made it so emotional was that the main character was such a pansey it made it hard to like him.",Mon Sep 11 10:38:46 -0700 2006,Wed Mar 22 11:44:17 -0700 2017,Sat Apr 01 00:00:00 -0800 2006,,11,2
8842281e1d1347389f2ab93d60773d4d,857,3f1843416b017c0c91caf8d788a3da51,4,Great book for some CSS best practices.,Wed Sep 06 14:41:00 -0700 2006,Wed Sep 06 14:41:41 -0700 2006,,,0,0
8842281e1d1347389f2ab93d60773d4d,856,349f482c262e05cf5576c588cd69cfb8,3,"A fascanating history of the NY Times. Interesting tidbits were: 
 - The family was Jewish but so afraid of being dubbed a Jewish paper that they barely covered the holocaust - most stories about the mass graves were buried on page 7 and didn't mention the fact that the victims were mostly Jews. 
 - Adolf Ochs, the first of the family to own the times, bought it completely on borrowed money. He was so in debt it took him 20 years to truly own it. That guy had some large cojones... 
 - The author really played up the stiff competition each generation for publishership. Seems as the the names (ie Arthur Sulzberger) always won..",Wed Sep 06 09:32:21 -0700 2006,Wed Sep 06 09:38:30 -0700 2006,,,0,0
8842281e1d1347389f2ab93d60773d4d,840,ea1f1f95c0f3270d53c25ab03038e3a1,5,Fantastic book on design and UI,Tue Sep 05 23:56:33 -0700 2006,Tue Sep 05 23:57:22 -0700 2006,,,1,0
8842281e1d1347389f2ab93d60773d4d,835,73506af7652236d4bcfd1a3fc5b426eb,4,"This is the only poker book I read, but it came very highly recommended and it didn't disappoint. It helped me transition from a total newbie to an above average newbie. I especially liked all the example hands in the book - helped a lot!",Tue Sep 05 19:47:42 -0700 2006,Tue Sep 05 19:47:42 -0700 2006,,,0,0
8842281e1d1347389f2ab93d60773d4d,830,ae83b6910a6b2fa571745915af5b1a89,4,"A really interesting novel that takes place in the future in a world where some people live in the metaverse (aka digital universe/internet) more than the real world. I don't remember it so well now but I do remember there being some really interesting tie-ins to ancient sumarian computers. 
 That plus any book with a protagonist named Hiro Protagonist who wields badass japanese swords is just badass. 
 Note: the MetaVerse is current being built now here: http://secondlife.com",Mon Sep 04 12:05:38 -0700 2006,Thu May 08 11:43:24 -0700 2014,,,6,0
8842281e1d1347389f2ab93d60773d4d,828,e7de97065e3fb383fe642e0e99896142,2,"Neal Stephenson is one of my favorite authors (snow crash, cryptonomicon), but he didn't deliver in this one. Maybe because it was co-authored. The premise was interesting, and the first half of the book was actually pretty good, but then it just skipped ahead and I didn't love the ending...",Mon Sep 04 12:05:05 -0700 2006,Wed Feb 25 01:53:34 -0800 2009,Fri Sep 01 00:00:00 -0700 2006,,1,0
8842281e1d1347389f2ab93d60773d4d,1022863,36aa8e00ce8032cba6afd6094550feae,5,"When people ask me what my favorite book is, Dune is always my answer. Words cannot even do justice to what an epic tale this is. We learn about spirituality, human nature, politics, religion, and the making of a hero. 
 I loved the spiritual aspects of the book the best. The philosophies and practices and Pranu Bindu training of the Bene Gesserit that Paul learns and builds upon. The Bene Gesserit believe in a training regiment that results in a superior human being - one with every sense as refined as possible. This means a focus on learning, on controlling emotion, on controlling your body. 
 My absolute favorite quote from Dune is the Bene Gesserit litany against fear: 
 ""I must not fear. Fear is the mind-killer. Fear is the little-death that brings total obliteration. I will face my fear. I will permit it to pass over me and through me. And when it has gone past I will turn the inner eye to see its path. Where the fear has gone there will be nothing. Only I will remain."" 
 The litany is meant to be recited when you are in a moment of fear, and as I first read Dune 20 years ago, I've employed it many times. After Paul employs it when he is fighting Jamis, the affect on him is described as ""a cool bath washing over him. He felt muscles untie themselves, become poised and ready."" I have read a lot about people who perform at high levels - whether it be in athletics or business, and success is all about getting into that zen state where you have a clear, focused mind. Fear is the biggest thing that can cloud one's mind - usually fear of failure, but there are other forms too. While this Litany won't always eliminate it, I've felt it to be useful to recognize the fear and call it out for what it is. 
 There is also a focus in the book on being able to read people by paying attention to the minutia. In many crucial scenes we see Paul and Jessica and others employing this skill, using not only their eyes, but reading the tone of what a person says, what their body language or actions say, and more. Imagine the poker player I could be if I learned these skills! 
 ""If you rely only on your eyes, your other senses weaken."" 
 It's interesting to me that so many science fiction novels contemplate a future with AI (aka post-singularity). In Dune, the Butlerian Jihad was the human rebellion to rid itself of AI or ""thinking machines"". They are now banned, and in their place we have Mentats, who are humans with processing powers far greater than any thinking machine. It's unclear to the software engineer in me how exactly that could be without some sort of physical manipulation (insertion of massive amounts of transistors, for instance), but the affect is pretty cool, we get Spock-esque beings who analyze everything extremely logically, and are great at political planning ""feints within feints within feints"". 
 There was a lot in the book about leadership. It started with Paul first learning about it from his Father, and also from the Bene Gesserit. This quote stood out to me: 
 ""She asked me to tell her what it is to rule,"" Paul said. ""And I said that one commands. And she said I had some unlearning to do."" She hit a mark there right enough, Hawat thought. He nodded for Paul to continue. ""She said a ruler must learn to persuade and not to compel. She said he must lay the best coffee hearth to attract the finest men."" 
 Later as he grows into a leader himself, Paul learns that the most essential ingredient to be a leader is to lead people to a worthy goal. 
 ""It was another of the essential ingredients that she felt her son needed: people with a goal. Such people would be easy to imbue with fervor and fanaticism. They could be wielded like a sword to win back Paul's place for him."" 
 Much has been made in modern reviews of Dune of the fact that it's clearly a statement about oil and the Middle East. The book even admits the Fremen are of Sunni descent, and many words they use (Jinn, Jihad, etc) are Arabic. I'm not sure I understand all the undertones, but one thing that was clear was about control of the worlds most precious commodity: ""The people who can destroy a thing, they control it."" I hope we are closing in on the end of the days when oil controls so much, but we aren't there yet. In the meantime, we had best beware of any future Harkonnen's.",Tue Aug 29 11:45:04 -0700 2006,Wed Jan 25 14:15:32 -0800 2017,Sat May 11 00:00:00 -0700 2013,Mon May 06 00:00:00 -0700 2013,68,14
8842281e1d1347389f2ab93d60773d4d,6,d9f27b90095cd32ba1ec2a604e705e66,5,"This is the best harry potter book so far, followed closely by book 6.",Tue Aug 29 11:20:10 -0700 2006,Wed Mar 22 11:44:11 -0700 2017,,,4,3
8842281e1d1347389f2ab93d60773d4d,2,85073a6ebd880836667f4414c8523012,5,"After the first read, this book is the worst one in the Harry Potter series. Characters are not as likeable as they are in the other books. However, I recently reread it (after reading book 6), and found it to be a very good read.",Tue Aug 29 11:20:05 -0700 2006,Wed Mar 22 11:44:09 -0700 2017,,,6,2
8842281e1d1347389f2ab93d60773d4d,21,3959283374c0e92a4bf58eac35dedba1,5,"A fascinating history of science. Ever curious how everything we know about the world came to be - read this! I loved reading about what old greats like Darwin thought about the world - they were all right about most things, but also very wrong about some things - makes you wonder how much we are wrong about today! 
 Another interesting piece was how many of the world's prominent scientists had the time to do their research because they came from rich families. Very different from todays notion of 'trust funders'.",Sat Aug 19 20:01:34 -0700 2006,Wed Mar 22 11:43:59 -0700 2017,,,46,3
72fb0d0087d28c832f15776b0d936598,800780,1ee42604ead1e1f86281fd866da96107,4,"This book is, so many times over, a true story. Culleton does not hold back in her descriptions of the horrors these women faced. However, from true stories I've heard, it is not even close to as horrible as it gets. The way native people have been treated in this country (and elsewhere) is shameful. The trickledown effect of residential schooling and prejudice has scarred our history (and is sadly, still perpetuated) and so many seem unaware. Those that say this book has an agenda... well, it certainly should. 
 The author, in my opinion, successfully wrote on the issue of generational pain without making it seem as though she was ""making excuses"" (a common complaint I hear from prejudice types). The two little girls grew up in an unstable home, had their lives torn apart, and faced hardships throughout their lives. I particularly identified with Cheryl who tried desperately to turn her pain into positive action and struggled so deeply. 
 The other themes she explores include cultural identity, skin colour, addiction, family... She also explores the question of personal strength which I think is something universal. 
 The style of the writing is not the type that usually draws me in, but the story itself needs to be heard. It felt, to me, like April's real voice. Some might say it's too ""simplistic"" but I don't think every fictional book needs to sound like poetry to resonate.",Wed Apr 27 11:26:25 -0700 2016,Wed Apr 27 11:40:14 -0700 2016,,,0,0
72fb0d0087d28c832f15776b0d936598,30868,d9251d3ae18ac76dc5e36a442c0b4da3,4,"This is foremost, a book about people. Taylor begins as a somewhat naive young woman who has dreams bigger than her reality. Reading through Taylor's perspective made me feel nostalgic for my younger years where there seemed to be so many possibilities. I really love how the author explores common character types without bordering too much on stereotyping; these are real people we have probably all met at least once. 
 I've read that some felt Taylor was too changeable. I want to humbly point out that many girls her age... are. In that in-between stage from adolescence to true adulthood, I think it's easy to struggle to find your voice. But the progression in her thinking felt very believable to me. 
 I think it's important to understand Kingsolver's style. She has a way of seamlessly interweaving fantasy elements into stories that make you feel almost like you're hearing a story by word of mouth (how many people spin tales when they tell a story that happened to a ""friend of a friend""). That to me creates a sense of intimacy with the story and characters. 
 At first, I was expecting an entirely realistic tale and kept asking ""why didn't Taylor call the police? why didn't she report the abuse?"" But. That wouldn't make a very good story, now would it? ;) To be fair, I agree with some reviews that say this combination of VERY intense themes (child abuse, immigration, racism, etc) with unrealistic elements/heartwarming emotions can be a bit disarming. I felt a little unsettled reading of Turtle's abuse and the rest of the book didn't have such an intense tone, but I feel that is realistic. Often, horrific things happen, and life just goes on. But keeping an open mind, I do think this was a good book, to put it simply. I was rooting for Taylor and of course, for Turtle.",Wed Apr 27 11:12:11 -0700 2016,Wed Apr 27 11:23:55 -0700 2016,,,0,0
72fb0d0087d28c832f15776b0d936598,2088385,0b50179ddaf4e50a74abf2a7a1ce6998,5,"An amazing book. At times very difficult to read, as it should be. Written in first person, it draws you into the life of Aminata; the harrowing experiences she faced as a child thrust into slavery and many further heartaches. But it is not simply a tale of sorrow; it offers inspiration through her bravery and strength as she manages to make peace with her life in her later years. I felt a great deal of compassion for her, not simply on a base level, but as though she were a friend. It's historically educational as well. I feel like the reason this book is so popular is that it truly has ""something for everyone"" in way of genre. I cannot imagine this story not drawing compassion; one would have to be heartless.",Fri Nov 08 21:23:24 -0800 2013,Wed Mar 09 12:45:22 -0800 2016,,,0,0
72fb0d0087d28c832f15776b0d936598,18767539,1ae7def716670fca1084e61da812c096,5,"I greatly enjoyed this book. From a mistreated child who worked far too hard for a little boy to a wild hearted teen who hated to follow the rules, Alfie grew into a hard working young man. He writes his story in a way that inspires compassion without pity. The book draws you into life in the times he grew up in. I found myself cheering for him when he accomplished success and love. I would really like to read more about his life after!",Fri Nov 08 20:40:29 -0800 2013,Fri Nov 08 20:42:39 -0800 2013,,,0,0
72fb0d0087d28c832f15776b0d936598,18466898,2c10ee780b2c6937e2ddb7afab6944b4,1,"My heart goes out to Georgia for what she experienced with the loss of her child, but this was just not well written at all. It came off as a whiny, self absorbed child ranting in a journal. In serious need of editing, to say the least. I feel like her whiny demeanour could do more harm than good in trying to gain compassion for those who have struggled. 
 She is very defensive of herself and makes a lot of excuses for smoking and getting pregnant in a less than healthy situation to bring an infant into. 
 Her childhood was certainly difficult but she talks about it like she has the worst life in the world. Of course pain is not measurable, but I feel like this girl is making a lot of excuses for her own lack of self control. While insensitive and his motives questionable, there are certainly worse villains than her step-father. I'm glad that it does not seem that he acted on his perverted intentions, if he did have them. And if he does not, he needs serious schooling on what is appropriate parent behavior, creepy. 
 I'm just not sure what the point of this book is, really. To encourage kids not to follow in her foot steps? To get pity? I don't know.",Fri Nov 08 20:27:21 -0800 2013,Fri Nov 08 20:31:28 -0800 2013,,,1,0
72fb0d0087d28c832f15776b0d936598,11339934,eeefce898a17b30972f989f2ac40b6ea,1,"I always feel badly leaving a poor rating because I know how much work (and often passion and bits of your soul) goes into writing. But I would not be honest if I said I enjoyed this read. To be even more honest, I did not finish it and merely skimmed. 
 I love anything that incorporates Shakespeare and that was clever, but the main issue that turned me off is the 12 Step focus. I feel like it was almost an advertisement for the 12 Step programs. Perhaps someone who has been through one may feel differently about it though. I felt as though it took away from the story and from the main character herself. 
 I just grew tired of hearing about it, really. I feel like the story would have been great by itself but the 12 Step took away the focus.",Fri Nov 08 20:24:05 -0800 2013,Fri Nov 08 20:26:37 -0800 2013,,,1,0
72fb0d0087d28c832f15776b0d936598,17939501,719711cc71eec0bb54d2d97322c0e11b,5,"It is very hard to believe this is all true, but I'll take the author's word for it! 
 I've always had an open mind toward women who choose to work in this trade and a lot of compassion. I feel that often there is desperation in making the choice to sell your body, as shown by this story. 
 I feel like the story at times aimed to be ""sexy"" rather than ""sexual"", if that makes sense. I feel that took away from the biographical focus and edged on erotica. However, it didn't effect my overall opinion greatly. I couldn't put it down and not because of licentious reasons, but simply because I wanted to know what happened next in this woman's life!",Fri Nov 08 20:17:30 -0800 2013,Fri Nov 08 20:22:59 -0800 2013,,,0,0
72fb0d0087d28c832f15776b0d936598,15706923,6a870a66f732183b60214d57fa553093,2,"Ehhhhhh. 
 Really nothing to rave about. It was not poorly written in terms of style or technical aspects. The story was not particularly interesting and I feel it is a bit overdone. It does not stand out from other vampire fiction to me. The ""romance"" happened far too quickly, in my opinion. I would expect vampires who have lived so long to be a little harder to get in the sack, but... Even for a short story, it was short. 
 I feel like the author is capable of more. I would like to see a longer story from her. :)",Fri Nov 08 20:14:53 -0800 2013,Fri Nov 08 20:16:50 -0800 2013,,,0,0
72fb0d0087d28c832f15776b0d936598,11950752,69f804de3ee123daf68a02b14a348bbe,3,"I enjoyed this book! There were some editing errors, as mentioned by other reviewers, but I don't feel that is a reason to completely toss a book. It was a free download but I feel it is worth keeping an eye out for future works. 
 I did figure out the mystery pretty early on but I still wanted to find out what happened. I really enjoyed the main character Alex and his daughter; their relationship was very sweet. 
 I hope this isn't too much of a spoiler, but... This is one of many books lately I've found that includes mistreatment of children and I certainly haven't been seeking that plot line out! I feel like it was a bit unnecessary and there could have been a multitude of other reasons for the ""villain""'s actions. Other than that, good mystery/crime thriller.",Fri Nov 08 20:08:27 -0800 2013,Fri Nov 08 20:12:53 -0800 2013,,,0,0
72fb0d0087d28c832f15776b0d936598,614739,7ab0b7b1fcc3401f53e5f80e9a4d972c,3,"A little predictable but it was a very gripping read. It caused my stomach to turn and my heart to race at moments, so I feel that means it's a successful story! I feel that it was not extremely realistic in some facets such as a man being allowed to just take in a child from the streets without mention of social services involvement and people just accepting this. 
 This is something I've noticed lately about the mystery/fiction genre that applies to this book. Sometimes too much disturbing detail was offered. I find the subject of child abuse needs to be handled sensitively. Tragically, this is something that occurs far too commonly in ""real life"". The average person is not educated on how to handle the details of such a tragic occurrence (as someone involved in social work or police work may be, for example) and I feel it could be upsetting to many readers, even those who may have experienced it. Of course, reading a book with this subject matter is ""reader beware"" but I feel as though it could be included in a less graphic manner.",Fri Nov 08 20:03:31 -0800 2013,Wed Apr 27 11:42:59 -0700 2016,,,0,0
72fb0d0087d28c832f15776b0d936598,7840190,f73a70f64564d4a8f4cfb2d2e9d5836f,4,"Enjoyable read! I liked that Connie is not a typical cold-hearted, sexy, perfect, genius, vampire hunter. She's like a real person with flaws and weaknesses and fears. 
 I really enjoyed the style of writing. I'm not usually a big fan of first person perspective, but I feel the author used a great balance of dialogue, descriptive text, and the character's ""voice"" really shone through without being too colloquial. 
 Vampire fiction is a tricky subject these days as it's becoming so common, but I feel like this book was unique enough to stand out. I can't wait to read more!",Fri Nov 08 19:57:47 -0800 2013,Fri Nov 08 20:01:41 -0800 2013,,,0,0
72fb0d0087d28c832f15776b0d936598,18284532,953943761521423da70c7897aa27e47a,4,"The story begins with a young boy and his friends witnessing a tragic accident - or so it seems. There is a very high chance that this boy and his friends may have caused it by a childish mistake. A magician is wrongfully imprisoned for the death of his partner and vows to take revenge on the children who were truly to blame. 
 Fast forward to the present time. The children have grown and gone on with their lives. The story that unfolds seeks to shed light on what truly happened as well as what happens when the magician begins to hunt them down. 
 I struggled to finish the story. It was not that the story wasn't well written, but I found myself not caring so much what happened. The characters were somewhat stereotypes and I did not find myself attached to any of them. I feel it may be a matter of personal resonance; for some, this may not matter. I found it a little hard to follow at times and to remember who was who. In my opinion, this could have been resolved by a better relationship with the characters.",Fri Nov 08 19:48:17 -0800 2013,Fri Nov 08 19:56:25 -0800 2013,,,1,0
72fb0d0087d28c832f15776b0d936598,15463724,547aeff3c7ee5b4a39a93cd2a720b001,4,"There are definitely too many books lately with the theme of a woman going up into an isolated cabin to escape a break up... BUT! I don't think this book should be discredited for that. 
 It was enjoyable. The mystery was not predictable. The style of writing captured the essence of the story.",Wed Oct 30 11:19:32 -0700 2013,Wed Oct 30 11:20:53 -0700 2013,,,0,0
72fb0d0087d28c832f15776b0d936598,160495,89be7b7eb552bcdf3024fceaf366988e,5,I really enjoyed this book! It's fun but not mindless. The characters were likeable. The mystery was captivating. I can't see what else you could want from a light fiction! :),Wed Oct 30 11:17:58 -0700 2013,Wed Oct 30 11:18:31 -0700 2013,,,0,0
72fb0d0087d28c832f15776b0d936598,1373245,07286d47f51f6a99a642c114ad798918,2,"Basically... I agree with the other reviewer who said it had far too much going on. I understand wanting to portray real tragedies in life like child abuse and murder, but I feel like so much in one book is exhausting and mentally trying. I'm not sure of the purpose of the author. I feel like these topics are popping up FAR too frequently in mystery fiction these days. It's sad enough it exists in reality, I don't want to read about it all the time... especially when the synopsis didn't explain.",Wed Oct 30 11:15:03 -0700 2013,Wed Oct 30 11:16:42 -0700 2013,,,0,0
72fb0d0087d28c832f15776b0d936598,2718668,768e4a82b89e36055706857e9268b8e9,5,I really enjoyed this book! Chick lit with brains. I can't say much more other than it was a great read.,Wed Oct 30 11:13:28 -0700 2013,Wed Oct 30 11:14:16 -0700 2013,,,0,0
72fb0d0087d28c832f15776b0d936598,15750710,a3786ea0f1327d00c61a448504a845a3,3,"It was definitely well-written, don't get me wrong. I wanted to know what happened next, so it was a successful story. But I feel... and I'm not sure how else to word this... but the character Mae was two-dimensional, almost an idealized version of a woman created by the author instead of a real person. Her actions did not seem fitting to her childhood. I feel like the abuse was portrayed almost in a stereotypical way to invoke emotions but fell short. It felt to me too gimmicky, which I think is wrong for the subject matter.",Wed Oct 30 11:11:12 -0700 2013,Wed Oct 30 11:13:02 -0700 2013,,,0,0
72fb0d0087d28c832f15776b0d936598,18306845,d4d57fb58be64655b0374ed864a7be40,2,"Keeping in mind I'm someone who has watched movies such as Martyrs and can watch/read crime scene details while keeping a straight head... 
 This book was far too disturbing. Basically it felt like the authors wrote these stories merely for shock value. It included things like graphic cannibalism, sexually gratifying murder, pedophila, and extreme perversion all around. Particularly the stories by ""B.C Lawson"" disturbed me and made me wonder if he is actually a perverted serial killer. And who wants their work of fiction to create that worry... 
 There were a few stories that stood out from the rest as actually quite well-written. As it's a collection, I can't paint all authors included with the same brush. But I feel it's almost unfortunate for those few authors who have talent and didn't just spew out filth to be included with the rest.",Wed Oct 30 11:00:12 -0700 2013,Wed Oct 30 11:06:45 -0700 2013,Tue Jan 01 00:00:00 -0800 2013,,0,0
72fb0d0087d28c832f15776b0d936598,9577969,8c3b9a195db8930c2a05ae1c63033db8,2,"I have to be honest, not a fan of this book. It was not that the writing was poor, but it really did feel like a ploy to force religion down my throat. It's set up like a horror novella, but ends up feeling like a sermon. It felt very rushed to me. I did like the main character and feel there is potential, but I feel the author needs to explore either genre more fully; either religious fiction OR horror. Or, find a way to successfully cross over that fans of either genre would both enjoy.",Wed Oct 30 10:55:58 -0700 2013,Wed Oct 30 10:58:18 -0700 2013,Sun Sep 01 00:00:00 -0700 2013,,0,0
72fb0d0087d28c832f15776b0d936598,377916,48471cedfe3e5882f039e7839e247aab,4,"Very well written. The characters were multi-dimensional and the story was captivating. The one negative aspect of the book, to me, was the subject matter was quite upsetting and graphic. I felt there were, at times, too many details offered. 
 However, it captured my attention fully and was very hard to put down. Lots of twists and turns, not predictable at all.",Wed Oct 30 10:53:05 -0700 2013,Wed Oct 30 10:55:24 -0700 2013,Sun Sep 01 00:00:00 -0700 2013,,0,0
ab2923b738ea3082f5f3efcbbfacb218,2187,8e3d0aa72c1d74216e5ff5ad7b8c2bbe,5,"Overall I really loved this book. The writing was fabulous, the topic very interesting and an imaginative journey. I was so interested in Cal/Callie's journey that I'd get frustrated a bit when it veered away to another time, but of course all the content was necessary, more so than in many large scope books.",Sat Jul 19 08:05:52 -0700 2014,Tue Aug 12 06:38:25 -0700 2014,Mon Aug 11 00:00:00 -0700 2014,Sat Jul 19 00:00:00 -0700 2014,0,0
ab2923b738ea3082f5f3efcbbfacb218,6948436,5b7b273a5d2200a4b3056629256437d0,5,"Loved almost everything about this book, and those things I loved less didn't diminish it enough to keep it from the five stars, a level that I rate very few books!",Thu Jun 05 09:32:48 -0700 2014,Sat Jul 19 08:04:12 -0700 2014,Sun Jun 15 00:00:00 -0700 2014,Thu Jun 05 00:00:00 -0700 2014,0,0
ab2923b738ea3082f5f3efcbbfacb218,19501,27088395afa2a7316f60f798736277b9,4,"really liked this, as much for the travel as for the insights.",Mon Mar 17 15:33:52 -0700 2008,Fri Aug 17 05:33:52 -0700 2012,Thu Mar 10 00:00:00 -0800 2011,,0,0
d986f354a045ffb91234e4af4d1b12fd,81227,413b4693c1f81a41147506f970a3bea3,3,"forgot I had read this until I started again, so I am trying to start keeping track. We'll see. 
 I remember it being interesting. 
 But not enough to re-read to go to the book group meeting for which I started reading it. :)",Sat Jun 16 16:35:25 -0700 2012,Sat Jun 16 16:36:46 -0700 2012,,,0,0
7504b2aee1ecb5b2872d3da381c6c91e,20758175,b389c839ec61a660b82197a22290cdf2,3,Easy read but very predictable!,Thu Jun 30 18:12:51 -0700 2016,Sun Jul 24 05:43:16 -0700 2016,Sun Jul 24 05:43:16 -0700 2016,Thu Jun 30 00:00:00 -0700 2016,0,0
7504b2aee1ecb5b2872d3da381c6c91e,835203,5eaf708db41c6cee71795915c29f4286,2,The only positive thing I can say about this book is that it was short!! So...didn't waste much time on this.,Sun Mar 06 06:41:04 -0800 2016,Mon Mar 07 11:53:15 -0800 2016,Mon Mar 07 11:53:15 -0800 2016,Sun Mar 06 00:00:00 -0800 2016,0,0
7504b2aee1ecb5b2872d3da381c6c91e,2761356,77ecec100fdb475116e9cd75a77dc00d,2,Eh...a lil harlequin romance anyone?,Tue Aug 04 19:56:33 -0700 2015,Fri Aug 07 18:54:15 -0700 2015,Fri Aug 07 00:00:00 -0700 2015,Tue Aug 04 00:00:00 -0700 2015,0,0
7504b2aee1ecb5b2872d3da381c6c91e,23302416,84c0936a0f9868f38e75d2f9a5cb761e,5,I read this book because my fifth grade son was required to for school. I'm so glad I did! I experienced a range of emotions & just loved it. Glad these middle schoolers are being exposed to the topics discussed in the book.,Wed Jan 21 18:40:59 -0800 2015,Wed Oct 26 03:44:13 -0700 2016,,,0,0
7504b2aee1ecb5b2872d3da381c6c91e,15507958,63ff74279e46b247cb1754313b160006,4,I finished reading this days ago and cant get this out of my head. It is heart wrenching to see myself in a situation like this.,Wed Sep 10 19:33:44 -0700 2014,Sun Sep 21 19:03:38 -0700 2014,Sun Sep 21 00:00:00 -0700 2014,Wed Sep 10 00:00:00 -0700 2014,0,0
7504b2aee1ecb5b2872d3da381c6c91e,6218281,feb2a36a0e27cdd87821939da275ba28,4,Very entertaining & a quick read,Tue Mar 12 10:51:20 -0700 2013,Sun Mar 17 15:41:38 -0700 2013,Sun Mar 17 15:41:38 -0700 2013,Tue Mar 12 00:00:00 -0700 2013,0,0
7504b2aee1ecb5b2872d3da381c6c91e,71979,272fda8e8711b85e75324372941150bb,1,Very difficult to get through. Don't waste your time on this one!,Fri Jan 25 20:22:06 -0800 2013,Mon Jan 28 19:39:59 -0800 2013,Mon Jan 28 19:38:47 -0800 2013,Fri Jan 25 00:00:00 -0800 2013,0,0
7504b2aee1ecb5b2872d3da381c6c91e,6115138,f3690dfee6ca22772a60c19ca1a636f8,3,Quick easy read. Predictable thriller with very graphic details,Fri Dec 28 20:10:03 -0800 2012,Sun Dec 30 17:35:16 -0800 2012,Sun Dec 30 00:00:00 -0800 2012,Fri Dec 28 00:00:00 -0800 2012,0,0
f8a89075dc6de14857561522e729f82c,18053080,785c8db878f4009da9741dea51f641da,4,"Though the book started out slow and only started to get interesting towards page 100, overall, it was worth the read.",Sat Jan 11 17:58:41 -0800 2014,Tue Dec 02 11:43:07 -0800 2014,Sat Apr 12 00:00:00 -0700 2014,Fri Apr 11 00:00:00 -0700 2014,0,0
f8a89075dc6de14857561522e729f82c,17202780,e5d7bba15092c9af7fc0a89c24dc9021,1,"This book was horrible. I really don't know how anyone said they enjoyed this book. It took me almost a week to read it as I couldn't get past the dialog. Don't waste your 99 cents on buying this book. Everything was generic at best, you know who is the one one lurking in the shadows and killing all the girls. 
 One word for the book - boring!",Thu Apr 25 07:14:03 -0700 2013,Sat May 25 21:30:42 -0700 2013,Sat May 25 00:00:00 -0700 2013,Sun May 19 00:00:00 -0700 2013,0,0
f8a89075dc6de14857561522e729f82c,17383543,34dc3c45d07e82718b05e73167259aef,2,"*Update - 10/27/13* - After some sleep, I thinking about Allegiant overall without the influence of other reviews, I changed my rating to a 2 which is deserved. 
 I know that no author is going to please the masses. I had given the first 2 books 5 stars. My ratings were well deserved. Allegiant was written with very little action, jumping on the train one time, which we learn later in the book it is controlled by people in the city and slows down. Blowing up a hole in a wall is not the action a reader wanted, we wanted to see Divergent action. 
 I cried with the ending and hoped that the book would have ended differently. No author can keep all the characters. Different plots and bland characters bent on power or revenge make up this book. 
 Sometimes authors produce gold and fail to live up the standards of their readers. Veronica spun gold twice and couldn't do it for a third time. 
 10/27/13 Review 
 I really wanted to give the book 2 stars but I chose 3 as it did get interesting around chapter 40, but it also felt really drawn out. Allegiant was nothing like Divergent and Insurgent. I read both Divergent and Insurgent 2x. I struggled getting through with Allegiant. For me, I didn't have much of a stronghold to keep reading. A lot of other readers, myself included, felt the first 2 books could have finished the series. I felt a few times that Veronica was grasping on a ending. I still don't see why the book took 18 months to be published. The mix of chapters from Tris to Four was confusing. Four didn't seem to have his character personality as he did in the prior books. Gone Girl did the character transitions from chapter to chapter much smoother. Several times I found myself wondering who's prospective I was reading from. Not to give anything away, read the book if you want to see how the series ends. Don't read the book if you want a complete spin off of the first 2 books and being placed in a Maze Runner setting.",Sun Apr 21 19:42:28 -0700 2013,Fri Aug 15 07:55:01 -0700 2014,Sat Oct 26 00:00:00 -0700 2013,Fri Oct 25 00:00:00 -0700 2013,0,0
f8a89075dc6de14857561522e729f82c,17183734,d27adfd2eec3cddb66954e87cf9ab197,5,"** spoiler alert ** 
 So many people have said you will laugh and cry reading this book and that's exactly what I did. The Edge of Never did start off slow but give it sometime, the story gets better and better. The last 50 pages you will need tissues. 
 I can't wait to see the 2nd book in Andrews POV. 
 I cried and cried after I read Andrew's letter to Camryn. The letter was moving and how he could never tell her about how much he loved her. If you don't want to know what the letter says, don't read any further. 
 ************************************* 
 Andrew's Letter 
 Dear Camryn, 
 I never wanted it to be this way. I wanted to tell you these things myself, but I was afraid. I was afraid that if I told you out loud that I love you, that what we had together would die with me. The truth is that I knew in Kansas that you were the one. I've loved you since that day when I first looked up into your eyes as you glared down at me from over the top of that bus seat. Maybe I didn't know it then, but I knew something had happened to me in that moment and I could never let you go. 
 I have never lived the way I lived during my short time with you. For the first time in my life, I've felt whole, alive, free. You were the missing piece of my soul, the breath in my lungs, the blood in my veins. I think that if past lives are real then we have been lovers in ever single one of them. I've known you for a short time, but I feel like I've known you forever. 
 I want you to know that even in death I'' always remember you. I'll always love you. I wish that things could've turned out differently. I thought of you many nights on the road. I stared up at the ceiling in the motels and pictured what our life might be like together if I have lived. I even got all mushy and thought of you in a wedding dress and even with a mini me in your belly. You know, I always heard that sex is great when you're pregnant. ;-) 
 But I'm sorry that I had to leave you, Camryn. I'm so sorry...I wish the story of Orpheus and Eurydice was real because then you could come to the Underworld and sing me back into your life. I wouldn't look back. I wouldn't fuck it up like Orpheus did. 
 I'm so sorry, baby... 
 I want you to promise me that you'll stay strong and beautiful and sweet and caring. I want you to be happy and find someone who will love you as much as I did. I want you to get married and have babies and live your life. Just remember to always be yourself and don't be afraid to speak your mind or to dream out loud. 
 I hope you'll never forget me. 
 One more thing: don't feel bad for not telling me that you loved me. You didn't need to say it. I knew all along that you did. 
 Love Always, 
 Andrew Parrish",Wed Feb 06 15:33:29 -0800 2013,Fri Mar 01 09:35:14 -0800 2013,Fri Feb 15 00:00:00 -0800 2013,Wed Feb 13 00:00:00 -0800 2013,0,0
f8a89075dc6de14857561522e729f82c,16651458,d8d6b590780256fef7ae4a9550fe3e0d,5,"This is a moving, heartbreaking, view into a life of an obese 16 year old boy in high school. Don't let the name ""butter"" cause you to overlook reading this book. You see the life of butter from his eyes, how he interacts with his mom and dad, how his so called friends view him, and how his true friend participates in his life. 
 It really doesn't matter how old you are, this book brings to life the struggles of childhood, high school, a healthy lifestyle, how others affect ones life, and how one sees themselves in the eyes of everyone around them.",Fri Jan 11 11:42:42 -0800 2013,Fri Mar 01 09:31:01 -0800 2013,Mon Jan 14 00:00:00 -0800 2013,Sat Jan 12 00:00:00 -0800 2013,0,0
f8a89075dc6de14857561522e729f82c,10782699,972ce1267de0213e3032c685386890e6,5,"I never thought I would enjoy a zombie books with a mix of romance. Amy wrote a beautiful book that is fast paced with a smooth transaction that leaves the reader not wanting to put the book down. This is not a ""eat brains"" type of zombie series. It is more about the lives of people who became undead and how they now live their lives with a mix of love. I wish I would have read this book much sooner, than waiting for over a year after adding the series to my ever growing book list.",Tue Oct 30 21:32:34 -0700 2012,Fri May 02 09:20:56 -0700 2014,Thu May 01 00:00:00 -0700 2014,Tue Apr 29 00:00:00 -0700 2014,0,0
47d4a49ae9ee68ae78d891b3a259b695,10280642,9cb5c30fbe36b7d6e048fe026f53e683,5,"excellent! exciting plot, diverse characters, and a satisfying ending.",Mon Jun 04 18:57:53 -0700 2012,Mon Jun 04 20:12:45 -0700 2012,Sat May 19 00:00:00 -0700 2012,,0,0
704eb93a316aff687a93d5215882eb21,24817626,60b52493d265d335f8a6d2d1d0461200,3,"Didn't hold a candle to TKAM, kind of blah and boring.",Wed Dec 28 08:44:26 -0800 2016,Wed Dec 28 08:45:05 -0800 2016,,Mon Aug 15 00:00:00 -0700 2016,0,0
704eb93a316aff687a93d5215882eb21,40173,a3ad66f010da5f03044ba83d8f5baf68,4,"Hilarious! :) 
 Listened as an audio book, great car ride companion!",Fri Jul 26 10:28:31 -0700 2013,Sun Jan 19 12:55:08 -0800 2014,Tue Nov 19 00:00:00 -0800 2013,Fri Jul 26 00:00:00 -0700 2013,0,0
704eb93a316aff687a93d5215882eb21,16130307,84382c64d20eba588c19445c50d44872,1,Boring. Couldn't even finish it. Blah.,Fri Jul 26 10:18:21 -0700 2013,Sun Aug 23 21:30:55 -0700 2015,Tue Nov 19 00:00:00 -0800 2013,Fri Jul 26 00:00:00 -0700 2013,0,0
704eb93a316aff687a93d5215882eb21,16299,4acf48ff8919ab236f4a104e3f0502dc,5,"By far one of my favorite books of all time. I haven't read this in a few years and I forgot how addictive and thrilling this book is. Keeps you guessing until the very end. Such an easy read and so well written, I can never put it down!!",Wed Mar 13 12:54:26 -0700 2013,Sun Oct 16 13:04:54 -0700 2016,Sun Oct 16 13:04:54 -0700 2016,Tue Oct 11 00:00:00 -0700 2016,0,0
704eb93a316aff687a93d5215882eb21,7260188,21063e8930ec28bc54e76f932aa30ce1,5,"What a great ending to the trilogy!! The second book was better than the first, but this one was still awesome!! I do wish she tied up a little more loose ends, but at the same time I think it was all that needed to be said about a few of them. Great stuff.",Fri Jul 20 14:00:41 -0700 2012,Sun Aug 23 20:49:02 -0700 2015,Fri Apr 12 00:00:00 -0700 2013,Fri Apr 05 00:00:00 -0700 2013,0,0
704eb93a316aff687a93d5215882eb21,6148028,a19c6c44a40a88c8ff825f40118a9c7c,5,LOVED IT!!,Fri Jul 20 14:00:39 -0700 2012,Sun Aug 23 20:49:06 -0700 2015,Thu Mar 14 00:00:00 -0700 2013,Wed Mar 06 00:00:00 -0800 2013,0,0
704eb93a316aff687a93d5215882eb21,2767052,c52e231744768e9d7f939d1cbeb87666,5,"Exciting, fun, entertaining! :)",Fri Jul 20 13:59:12 -0700 2012,Sun Aug 23 20:49:13 -0700 2015,Sat Feb 18 00:00:00 -0800 2012,,0,0
06316bec7a49286f1f98d5acce24f923,1007501,a6ec1f0a015837545e2fec534a44dcc0,4,"This is THE book to read about the fascinating unsolved murder of William Desmond Taylor. It's very well research. It's easy to see how meticulous Giroux was in his writing. While it does present some solutions as more likely than others, what I liked best about it is that it presented the facts and wasn't colored by a bias toward any one solution (unlike ""A Cast of Killers""). Despite being so well researched and unbiased, it still ends up as engrossing as any novel.",Wed Jun 06 09:42:25 -0700 2012,Wed Jun 06 09:45:27 -0700 2012,,,0,0
06316bec7a49286f1f98d5acce24f923,50725,e6b415141f974ae4087c62f88fe092a9,1,"After reading I finished I Capture the Castle, Nancy Mitford was recommended as an author who wrote magically romantic stories. I was so disappointed by this book, especially after finding out that Mitford was buddies with one of my all time favorites, Evelyn Waugh. That connection, and the recommendation off of I Capture the Castle, had me expecting something more than the stale, perfunctory writing of this by the numbers account of a piece of cardboard of a character. It's a basic, flat account of an uninteresting story. It also takes WAY too long to realize who the story is actually about. It actually takes the narrator saying ""This is Laura's story"" for that to be apparent.",Tue Jun 05 09:46:23 -0700 2012,Wed Jun 06 09:52:37 -0700 2012,,,0,1
06316bec7a49286f1f98d5acce24f923,457930,eb1ea982ea68a99ba372164913236f2c,1,"The unsolved murder of William Desmond Taylor is one of the most fascinating stories from Hollywood's history. Unfortunately, A Cast of Killers does it little justice. It's easily the worst of the books I've read about the murder. It's very sloppy. Photos are mismarked, the research is poor. It reads more like a sensationalized version of events from a trashy gossip magazine. It also settles on one of the least likely solutions to the case and presents it as fact with very little evidence. Read ""A Deed of Death"" instead.",Tue Jun 05 09:45:20 -0700 2012,Wed Jun 06 09:41:09 -0700 2012,,,0,0
06316bec7a49286f1f98d5acce24f923,426025,45fe12f3d05ea285252a76ef116ecf05,5,"Oh man, this story. All Faulkner novels contain some level of disturbing content, but it's spread over a novel length story, so it's not so instantly repulsive. But in his short story A Rose for Emily, it's all there, condensed into the few pages the story takes up. There are moments where you think you might see where the story is going, but think ""No way. That's too weird."" But the that's exactly where it goes. I love it.",Mon Jun 04 19:07:40 -0700 2012,Wed Jun 06 10:00:20 -0700 2012,,,1,0
012515e5802b2e0f42915118c90fa04b,13206828,1d5b64fe0408bb5e1824d14631ccb5ee,5,LET'S JUST SAY I AM SO THANKFUL I HAVE THE NEXT BOOK BESIDE ME,Sat Sep 23 08:39:21 -0700 2017,Sat Sep 30 11:30:46 -0700 2017,Thu Sep 28 16:51:17 -0700 2017,Sun Sep 24 00:00:00 -0700 2017,0,0
012515e5802b2e0f42915118c90fa04b,13206900,9de8dc1b8fa869233251e2a6eb783552,4,I can't believe it's over dY~C/,Sat Sep 23 08:39:03 -0700 2017,Sat Oct 07 18:02:29 -0700 2017,Sat Oct 07 00:00:00 -0700 2017,Thu Sep 28 00:00:00 -0700 2017,0,0
012515e5802b2e0f42915118c90fa04b,13206760,1fc0c08b3224b734b51996989ce52344,5,"I didn't know if I would enjoy the book being so focussed on new characters, but MAN it was done so well",Wed Sep 20 04:51:35 -0700 2017,Sat Sep 30 11:30:43 -0700 2017,Sun Sep 24 14:08:38 -0700 2017,Thu Sep 21 00:00:00 -0700 2017,0,0
012515e5802b2e0f42915118c90fa04b,18658071,6ab2888fabae6d54a9483156a35bd319,2,It just... Didn't really make any logical sense,Tue Sep 12 12:08:09 -0700 2017,Fri Sep 15 15:13:10 -0700 2017,Fri Sep 15 15:13:10 -0700 2017,Mon Sep 11 00:00:00 -0700 2017,0,0
012515e5802b2e0f42915118c90fa04b,29275562,69539632d9918511b948fa18c87d48a4,5,I liked it much more than the first one to be honest. And the ending had me emotional - when I didn't think I would be. Pretty good book :),Sat Aug 26 20:20:14 -0700 2017,Sat Sep 30 11:31:47 -0700 2017,Tue Sep 05 00:00:00 -0700 2017,Fri Sep 01 00:00:00 -0700 2017,0,0
012515e5802b2e0f42915118c90fa04b,25174926,5b3aac1958a1db10b48da6e6e529ec7f,5,Such a good end and wrap-up to such a loved series. I waited for four years for this book. I was not disappointed. And I may seriously never get tired of Gabriel,Sat Nov 26 13:55:37 -0800 2016,Sat Sep 30 11:30:56 -0700 2017,Thu Aug 31 00:00:00 -0700 2017,Tue Aug 29 00:00:00 -0700 2017,0,0
012515e5802b2e0f42915118c90fa04b,3227063,624e11e52283ad514e3d16d197949233,4,WELL THAT WAS AN INTERESTING EPILOGUE,Mon Dec 14 19:44:45 -0800 2015,Sun Jan 10 14:14:10 -0800 2016,Sun Jan 10 14:14:10 -0800 2016,Sun Dec 27 00:00:00 -0800 2015,2,0
012515e5802b2e0f42915118c90fa04b,38447,90f8183053f0237378c68d38fd03a1de,3,"Excuse me? That ending? What do I make of that?!? So many questions. 
 Basically the book's premise was greAt, just I had issues getting into the book as I don't exactly like Atwood's writing style and how much she jumped about. But after getting into it, it got better. 
 but, SO MANY QUESTIONS!!",Mon Dec 14 19:03:50 -0800 2015,Mon Dec 14 19:10:50 -0800 2015,Mon Dec 14 00:00:00 -0800 2015,,1,0
012515e5802b2e0f42915118c90fa04b,25174916,066fdaff37947953750a8b1407afe48f,5,"Okay so can I just say I finished this book in two weekdays, while working and being a full time engineering student. that's how much it gripped me 
 So good. And I ship it so much. But also.... More paranormal Focus again please... It feels like it's kinda getting lost(decision wise... Was any progress actually made?) 
 Also REALLY glad it didn't end on a cliffhanger. It was a nice end :) hopefully it can last me another year 
 All I know is - please get me the next book. And quick",Mon Sep 07 20:10:28 -0700 2015,Sat Sep 30 11:31:37 -0700 2017,Fri Nov 25 00:00:00 -0800 2016,Thu Nov 24 00:00:00 -0800 2016,3,0
012515e5802b2e0f42915118c90fa04b,2802316,c4c2068c9e87c2f9f51cabb5c09163ee,4,I literally cannot deal with my heart right now,Sun Apr 26 11:20:17 -0700 2015,Wed Dec 16 18:55:00 -0800 2015,Tue Apr 28 00:00:00 -0700 2015,,0,0
012515e5802b2e0f42915118c90fa04b,9593913,61f67f77d2605022de5cf746e13d31c2,3,"The ending felt really abrupt. I feel like there were a lot of loose ends and no closure. Like you can't end Hana's story like that. Or Tack's. Or Raven's. What about Lena's family? I know the end of books leaves you to think up your own kind of future, but I felt like some people's stories needed to be extended, or at least come back to!! (Cough Tack's and Raven's... Like excuse me? That was abrupt and there was NO point to it?) 
 Basically I feel like the author threw in some plot twists that made no sense, threw in a ""romantic ending"" that was abrupt and random, and then ended it because she didn't know what to say.",Sun Mar 22 19:38:32 -0700 2015,Mon Mar 30 15:36:12 -0700 2015,Mon Mar 30 15:36:12 -0700 2015,Sun Mar 22 00:00:00 -0700 2015,0,3
012515e5802b2e0f42915118c90fa04b,15747422,83dbad99ee78d0c40ab49c7ff55fec97,3,"That ending... I thought there would be another chapter, not the end of the book!",Mon Dec 22 11:13:10 -0800 2014,Tue Dec 15 19:39:32 -0800 2015,Thu Dec 25 16:31:54 -0800 2014,Mon Dec 22 00:00:00 -0800 2014,0,0
012515e5802b2e0f42915118c90fa04b,23006161,6ab630bacdb2452c062bc814256bc2f9,4,"ARGH. 
 Literally. I thought this would be the book where it would F.I.N.A.L.L.Y. happen but nope! 
 I'm gonna to punch a wall. A brick wall. With lots of bricks. 
 This book kinda overplayed the whole triangle. And Gabriel... I get Armstrong is making subtle moves with him as it is his character but really 3 books?!? I was happy with it lasting one, even two, but three is kinda pushing it. 
 But man I'm instead to see how see plays the next two books I just wish I didn't have to wait for them D: 
 BUT MY SHIPPPPPPPPPPPPPPPPPPPPPPPPP",Mon Dec 08 16:42:30 -0800 2014,Tue Dec 15 19:38:05 -0800 2015,Sun Sep 06 19:57:05 -0700 2015,Sun Sep 06 00:00:00 -0700 2015,2,2
012515e5802b2e0f42915118c90fa04b,9462815,a99a5a35d2592795791ebe3e49c57b99,2,Wow I lost it on the last page. Yay for happy crying,Sat Nov 08 08:59:14 -0800 2014,Wed Dec 16 18:54:40 -0800 2015,Mon Nov 10 12:46:36 -0800 2014,Sat Nov 08 00:00:00 -0800 2014,0,0
012515e5802b2e0f42915118c90fa04b,26074181,c79dd0093c7d13b6843d1c8050eb7231,3,"*Minor spoilers* 
 Okay... Listen... I love this series a LOT. But... This book felt... Incomplete? Kinda? It was very predictable, and I know romance stories are GENERALLY predictable but this one felt... More so. And it felt... Very very surface. I don't know how to describe it but none of the characters really felt like they developed, and nothing was dove into that deeply. She just fell in love with him like that? She can just decide all that at the end like that? What? It felt like nothing was developed and everything was just throw out there like ""sure"" 
 I don't know. It just felt like decisions were made randomly and out of the blue and never truly developed",Mon Sep 15 12:58:52 -0700 2014,Wed Nov 30 18:15:32 -0800 2016,Wed Nov 30 00:00:00 -0800 2016,Wed Nov 30 00:00:00 -0800 2016,0,0
012515e5802b2e0f42915118c90fa04b,20572939,812febaa143162ed49152547ff7a3e08,5,"There was sobbing. Quite a lot. 
 The last few chapters were a mess of emotions. I was sobbing, then completely over joyed, then horrified, more sobbing, shocked, even more tears, and then at the end a pile of happy tears. 
 Truly enjoyed this series. Though I have to admit Maxon was infuriating sometimes and some parts seemed over done by the end, those things shaped the book into what it was. And in the end I can't complain :) though those last chapters were a shock!",Sun Sep 14 12:55:35 -0700 2014,Tue Dec 15 19:38:35 -0800 2015,Mon Sep 15 16:52:15 -0700 2014,Sun Sep 14 00:00:00 -0700 2014,0,0
012515e5802b2e0f42915118c90fa04b,18398797,ee2da3f18a9d036cd1b67d182daf9072,4,"Gabriel. I mean I love the way this story is. No love at first sight, slow, but stringing us along in the romance department, and a strong female lead who can be stupid at times, but is still pretty great. 
 But Gabriel. If you don't like anything else about this series read it for Gabriel. He's my favourite character by far, and just the way he's developed and the more you learn about him... ugh. 
 (I'M ROOTING FOR THIS ROMANCE AND I SHALL NEVER STOP, but I love the fact it's been 2 books and is still slowly developing; its so different than so many other books coming out lately) 
 But seriously.. Next book please (I couldibihg barely survive a weeks wait for visions how can I last a year for the next?)",Tue Aug 19 11:03:41 -0700 2014,Tue Dec 15 19:38:47 -0800 2015,Thu Aug 28 00:00:00 -0700 2014,Wed Aug 27 00:00:00 -0700 2014,0,0
012515e5802b2e0f42915118c90fa04b,17331295,899ba09ca35a6447324d64be3a5fcf5a,4,It really should've ended with more.. Action. That's all I'm saying,Fri Aug 08 20:22:21 -0700 2014,Thu Aug 28 14:57:23 -0700 2014,Sat Aug 09 00:00:00 -0700 2014,,0,0
012515e5802b2e0f42915118c90fa04b,7631105,1c275d11804f2e731094337249d1bb50,4,"I have to admit... This book was amazing for a sequel 
 It was really confusing throughout most of the book until we started getting some answers but totally worth the read... And I completely like this ending more than the maze runner!",Sun Apr 13 11:40:18 -0700 2014,Tue Apr 15 20:40:06 -0700 2014,Tue Apr 15 20:38:51 -0700 2014,Sun Apr 13 00:00:00 -0700 2014,0,0
012515e5802b2e0f42915118c90fa04b,13188676,540daa321648be66f867791b5a1aa85f,5,I CANT EVEN EXPRESS MY EMOTIONS OH GEEZ I LOVE THE ENDING IM CRYING OH WARNER,Tue Feb 04 19:05:36 -0800 2014,Mon Feb 17 16:46:11 -0800 2014,Fri Feb 07 22:22:17 -0800 2014,Fri Feb 07 00:00:00 -0800 2014,0,0
012515e5802b2e0f42915118c90fa04b,13623150,70ebc0d4940def9bbaa54c029bb2b8a0,5,Oh Warner...,Tue Feb 04 11:17:42 -0800 2014,Tue Feb 04 18:47:15 -0800 2014,Tue Feb 04 00:00:00 -0800 2014,Tue Feb 04 00:00:00 -0800 2014,0,0
012515e5802b2e0f42915118c90fa04b,13104080,528000001d6705f260ac8c7a58327018,5,Warner. I need more Warner this second. That's all.,Tue Feb 04 11:16:40 -0800 2014,Fri Feb 07 12:17:31 -0800 2014,Fri Feb 07 12:17:31 -0800 2014,Thu Feb 06 00:00:00 -0800 2014,0,0
012515e5802b2e0f42915118c90fa04b,11505797,c8b11d7690734382b8a7bf7a2c58274b,4,"I mean it was good ya, just not used to there not being lots of action, and no giant battle at the end... 
 And to be completely honest, it felt like 4 books stuffed into one. 
 I mean ya I liked it, just not used to this type of book",Wed Jan 29 11:10:02 -0800 2014,Mon Feb 10 16:08:21 -0800 2014,Mon Feb 10 00:00:00 -0800 2014,Sun Feb 09 00:00:00 -0800 2014,0,0
012515e5802b2e0f42915118c90fa04b,13508069,5b12c5a78b6c7d41c601555bbf8a088f,5,"I just... I can't. I completely can't. 
 Those last 10 pages I was bawling. Bawling my eyes out. Let's just say I got the pages wet... But Kaylee went through hell, literal hell, and she FINALLY got her happy ending and I cannot be happier. 
 Kaylee and Tod... and Nash... and everyone... You dang well deserve your happy ending.",Sun Jan 05 10:58:13 -0800 2014,Thu Jan 09 14:37:21 -0800 2014,Thu Jan 09 14:37:21 -0800 2014,Wed Jan 08 00:00:00 -0800 2014,1,0
012515e5802b2e0f42915118c90fa04b,8803932,21c41d209d0e13c55a73c5208f11f952,5,"When I read that ending I was crying, then shaking, then screaming, failing, in shock, I'm more shock, and then I died a death of extreme happiness... I can't believe that all happened and In what, less than 5 pages? 
 I'm still shaking.",Sat Jan 04 17:14:18 -0800 2014,Sat Jan 04 18:24:10 -0800 2014,Sat Jan 04 00:00:00 -0800 2014,Sat Jan 04 00:00:00 -0800 2014,1,0
012515e5802b2e0f42915118c90fa04b,11454587,b3881c3c1c9e0993e5d4f14971d914ac,5,Sigh. Archer. I love you so much.,Mon Dec 02 18:31:04 -0800 2013,Tue Dec 03 17:12:05 -0800 2013,Tue Dec 03 00:00:00 -0800 2013,Mon Dec 02 00:00:00 -0800 2013,0,0
012515e5802b2e0f42915118c90fa04b,8428064,e7f30678c2914943337b694c79139361,5,I can't.,Sat Nov 30 23:45:41 -0800 2013,Wed Dec 16 18:49:59 -0800 2015,Mon Dec 02 00:00:00 -0800 2013,,0,0
012515e5802b2e0f42915118c90fa04b,10429045,642d0b0449fb10ab6832364aae7b65f9,5,"This book was really good! Like, it went by super fast and before I knew it I was at the last 10 pages already... I literally wasn't bored for a minute. 
 Only thing that bugged me was there was a lot of metaphors that drove me crazy something like JUST SAY WHAT YOURE TRYING TO SAY. 
 But it was amazing... I love Adam and I don't want to love Warner but I definitely feel like it's gonna happen... 
 Be warned, you'll pretty much want to read this is one sitting",Sun Mar 10 22:30:31 -0700 2013,Tue Feb 04 11:28:01 -0800 2014,Tue Feb 04 11:28:01 -0800 2014,Tue Feb 04 00:00:00 -0800 2014,0,0
012515e5802b2e0f42915118c90fa04b,11870085,2d168b79681a01dfecb6031ccfd6c04c,4,"So.. well I know everyone's obsessed with this book but I don't know why - I didn't seem to feel it or really get into it... idk. 
 Maybe it's my supernatural addiction right now? 
 Anyways... yes it was good... I just wouldn't put it on my favourites list... 
 *queue attacking fangirls*",Sun Mar 10 22:08:22 -0700 2013,Sat Jan 04 20:24:51 -0800 2014,Mon Sep 02 07:45:25 -0700 2013,,1,0
012515e5802b2e0f42915118c90fa04b,15861491,6902b0e48c7e0e2c622dbacf9f598d2e,4,Can I just say... Those last like 20 pages were full of twists and turns like I'm still not sure what just happened...,Mon Feb 11 14:15:29 -0800 2013,Mon Sep 30 20:05:09 -0700 2013,Mon Sep 30 00:00:00 -0700 2013,Fri Sep 27 00:00:00 -0700 2013,0,0
012515e5802b2e0f42915118c90fa04b,10616322,2f296889f8684c453b2aa9f6e0018cf9,4,I can't even begin. I'm stuck in a pit of emotions too deep.,Wed Feb 06 18:45:24 -0800 2013,Thu Oct 24 19:03:21 -0700 2013,Thu Oct 24 00:00:00 -0700 2013,Wed Oct 23 00:00:00 -0700 2013,1,0
012515e5802b2e0f42915118c90fa04b,15745371,f02fa7174c65a1c43d52e16b8d244cc8,5,"OMG. SO. I totally thought taken at dusk was the end.... THEN WHISPERS AT MOONRISE APPEARED. AND OMG I JUST FINISHED IT AND I LEARN, THERES A FIFTH, CHOSEN AT NIGHTFALL. 
 FINALE. OMG I CANT BELIEVE THE SERIES IS GONNA END.... THIS BOOK BETTER BE A-M-A-Z-I-N-G. 
 And is it just me or is she brunette now? 
 And Kylie... PICK LUCAS. OR DEREK.... I LOVE LUCAS BUT DEREKS PROBABLY BETTER.. 
 ...Brunett better be in this book or I will cry. Literally. 
 APRIL 30TH COME FASTERRRRRRRRRRRRR.",Thu Dec 27 02:30:06 -0800 2012,Tue Aug 20 16:22:11 -0700 2013,Sun Jun 09 14:00:16 -0700 2013,Wed Jun 05 00:00:00 -0700 2013,1,0
012515e5802b2e0f42915118c90fa04b,14743784,fb171944dde5179fe4a4e2877920b16e,4,The ending was kinda dumb... And I'm so mad the author _____... GR!,Tue Oct 16 17:54:50 -0700 2012,Wed Sep 24 04:26:57 -0700 2014,Wed Sep 24 04:26:57 -0700 2014,Sun Sep 21 00:00:00 -0700 2014,0,0
012515e5802b2e0f42915118c90fa04b,7791997,c9a66d31a94b44c73ba67a88870d5e45,4,"This book is amazing...... Its so confusing at times but trust me, so worth the read :)",Mon Oct 01 16:01:24 -0700 2012,Wed Dec 16 18:59:24 -0800 2015,,,0,0
012515e5802b2e0f42915118c90fa04b,11563110,3a0875329475be058a7e6603ae11dc08,5,Still a sucker for romance,Mon Sep 17 13:41:09 -0700 2012,Sat Sep 30 11:35:51 -0700 2017,Thu Sep 20 00:00:00 -0700 2012,,0,0
012515e5802b2e0f42915118c90fa04b,5287473,036b9c7000bb1048147381721a660ba8,5,"I recommend this to everyone. 
 No seriously 
 Go read it 
 Now",Thu Jun 07 13:06:53 -0700 2012,Sat Jan 25 17:01:24 -0800 2014,Sun Dec 01 00:00:00 -0800 2013,,0,7
012515e5802b2e0f42915118c90fa04b,6581511,45caf2d13f9c4ad4dbcf929a4242d8a9,2,"AHHHHH ENDING WAS SO UNEXPECTED D: for me at least.... :) basically durning whole book i was on the edge of my seat, just wondering what would happen next! i think its the best out of the series :)",Mon Jun 04 19:50:04 -0700 2012,Sun Aug 03 12:04:01 -0700 2014,Mon Jun 11 16:31:16 -0700 2012,Mon Jun 04 00:00:00 -0700 2012,0,0
012515e5802b2e0f42915118c90fa04b,11864728,30ac79a151c1544ab7fdb1cc2dcf27de,5,"OMG..... i loved darkest powers... felt it ended to soon 
 then i heard bout the darkness rising, and heard something bout chloe and friends being in it.... 
 so i read the gathering..... and got majorly disappointed. 
 then, the day the calling came out i read it.... IT WAS WAY BETTER. AND OMG THE ENDING. THE ENDING. I WAS JUST DYING WHEN I WAS READING BOUT THE REFERENCES TO CHLOE AND THEM.... 
 I CANT WAIT A YEAR. 
 CHloe and Derek <3 i missed u Dx 
 All i know is...... the day it comes out im gonna buy it ASAP and stay up all night reading... especially considering it comes out right before my birthday! <3 
 i think im gonna just cy and curl up into a ball when its over tho D:",Mon Jun 04 19:49:01 -0700 2012,Tue Aug 20 15:20:50 -0700 2013,Thu Apr 11 00:00:00 -0700 2013,,4,0
012515e5802b2e0f42915118c90fa04b,2998814,5d7049d54bfd0d138529f3c70e5ef482,2,"Well... i found this book mostly really boring. 
 i found that i liked the romance in the beginning...then i found it getting kinda old, how thats ALL she'll think about. Also, i found there was barely any action in this book... i dont get the obsession some people have with this book xD Nothing interesting appened till the last 50 pages and then it ended before w barely knew anything xD 
 I give it like 2.5 stars... :) Also, if you read this book i say get the next one too... i guess im interested enough to read the next to find out what happens :)",Mon Jun 04 19:46:15 -0700 2012,Wed Dec 16 18:51:53 -0800 2015,Tue Jun 05 00:00:00 -0700 2012,Mon Jun 04 00:00:00 -0700 2012,0,0
012515e5802b2e0f42915118c90fa04b,13416236,9d373d0e4a80bc974562ed6e672dbf7f,5,"OMG I CANT. 
 LETS JUST SAY..... 
 I 
 HATE 
 CLIFFHANGERS. 
 AND KYLIE... WHY!?!? THE BOOKS WILL NEVER BE AS GOOD ANYMORE!! I THINK.......... I HOPE IM WRONG.... 
 AND LUCAS.. I CANT.. 
 I don't know why but i love him more than Derek.... BUT LUCAS NOW I JUST WANNA PUNCH YOUR FACE OUT. LIKE DO THAT THEN JUST LEAVE AND NOT SAY GOODBYE? ARGH. EMOTIONS. 
 ANYWAYS... this book was so good compared to the other books... I felt the beginnning was kinda slow... but as you got reading and so many new thing that you didn't expect were thrown at you.... YOU GET SO INTO IT. 
 THE ENDING I LITERALLY CRIED. CRIED. 
 AND FINALLY.... let just say i LOVE burnett! we're talking fav character here!!",Mon Jun 04 19:40:40 -0700 2012,Tue Aug 20 15:22:51 -0700 2013,Mon Oct 01 00:00:00 -0700 2012,,0,0
012515e5802b2e0f42915118c90fa04b,10863148,f8f57c14551a636c345b104512dec35f,5,"Seriouly sad this is the last book :( but i cant wait <3 i LOVE kelley armstrong's books, shes so talented :) kinda sad the last book froms Savannah's view, but oh well:)",Mon Jun 04 19:17:30 -0700 2012,Tue Aug 20 15:23:28 -0700 2013,Sun Jul 01 00:00:00 -0700 2012,,4,0
012515e5802b2e0f42915118c90fa04b,10799881,8e1ec3460ce09ab05bee519165073874,4,Soooo good and NOT a disappointment from the first book! but it makes u want to read the next one SOOOO bad ;) AMAZING :),Mon Jun 04 19:08:00 -0700 2012,Wed Dec 16 18:59:23 -0800 2015,Tue May 01 00:00:00 -0700 2012,,0,0
012515e5802b2e0f42915118c90fa04b,11765920,f98b9fbfe3ba2daf35ec1960d25056a8,4,"Well... first off Kelley Armstrong is my FAVOURITE AUTHOR EVER.... ALLL her books are AMAZING.. especially DP and WOTOW 
 Secondly.... this book was too... how do I put it? happy endingyish... I mean the ending, cmon, after everything, THAT?!?! Gosh.. 
 Third.. I never liked DR too too much but I was really excited for the rising, for chloe and cuz I liked the series, I don't know. But this book honestly wasn't too good... I didn't like the cabals and how they were (WOTOW so much better), the choices (like wut?), and just the ending! 
 Fourth, DEREK AND CHLOE WERE COMPLETELY THE BEST PART... but how do I put this.. they seemed really different from DP and I mean I kinda get it but it kinda ruined it for me... 
 So.. this book was good, and as much as I want more... more would ruin the whole storyline for me... I think this one was just on the edge:) 
 OH AND I LOVED THE CONNECTIONS TO WOTOW, AT EVERYONE I WAS JUMPING UP AND DOWN",Mon Jun 04 19:07:46 -0700 2012,Wed May 15 19:30:53 -0700 2013,Tue Apr 10 00:00:00 -0700 2012,,1,0
012515e5802b2e0f42915118c90fa04b,2800905,5de55db61bf97442ffe5b53ee65e2068,5,"I read this book almost 3 years ago and it's still my favourite book ever. Ever. 
 I re-read it time and time again and fall in love every time.... Derek please let me marry you. 
 I seriously recommend this book, it's different, amazing, and the series will take you on a journey. 
 Kelley Armstrong is a genius, and if you've read the Women of the Otherworld series you'll notice subtle links between the two that get bigger as the series progresses, setting the 3 series (Including Darkest Rising) in the same universe, which makes it a more enjoyable and wonderful experience to fans of Kelley Armstrong's work..... 
 Ignore my rambling and seriously pick up this book. 
 You won't regret it",Mon Jun 04 19:05:23 -0700 2012,Tue Feb 04 18:57:42 -0800 2014,Fri Apr 01 00:00:00 -0700 2011,,0,0
fe0df2eff573e75c036eb8287c6b012a,17381987,2eea8fef796c18d542e673684ea67049,5,Fantastic !,Fri Sep 11 10:15:35 -0700 2015,Sat Nov 21 14:01:44 -0800 2015,,,0,0
f4d16ea4ac59af59d257631398af39f4,7304203,300503e2045dfa99d989ea91f79045d2,5,"I can't help but squeal with amazement after reading this series. It was dangerously sexy, thrilling, and pure fun. It made me (and still tempts me) to catch a plane to Dublin and study abroad. So. so. amazing.",Wed Aug 08 21:42:07 -0700 2012,Sat Sep 01 19:27:03 -0700 2012,,,0,0
f4d16ea4ac59af59d257631398af39f4,9918133,3755a2cc215e155fdf77a0a98782e723,2,"*CONTAINS SPOILERS* 
 I would probably rate this book 1.5 stars out of 5 JUST because of its intense and creepy ass ending. I really did not enjoy how slow this book was until the last 80 pages or so. Amazingly, I got through it after putting this book down several times. 
 I've got to admit, I was drawn by the cover. It sounded pretty interesting, but I should've read a couple of pages in before renting it out at the library (glad I didn't pay for this book) because I totally did not know it was set in a high school setting. Blah! I hate those kinds of settings, but that's just my preference. 
 As for the plot... Sheesh! Was it really necessary for things to turn out like they did? I was shocked.. What kind of karma is that?! Hell, it really was unfair. I felt that it was a bit.. no, not even.. WAY too cruel for consequences. 
 The main character, Em, was pretty relatable which I liked a lot. She wasn't annoying; thank god! The other characters, not-so-likeable. They were quite bland when it came to being a complex character. Chase was just, wow, amazingly arrogant and totally irresponsible. A complete jerk who wouldn't be liable for any of his actions and swathed by the words or beauty of a Fury. Ergh, he had no backbone and I hated that. I enjoyed how Em turned out at the ending of the story and what she went through was PRETTY dang creepy. As I said, I loved the end but I definitely hated having to wait 300 pages until the story got interesting. 
 *END RANT* :L",Tue Aug 07 22:54:38 -0700 2012,Wed Aug 08 23:19:09 -0700 2012,Wed Aug 08 00:00:00 -0700 2012,Tue Aug 07 00:00:00 -0700 2012,0,0
f4d16ea4ac59af59d257631398af39f4,1617,40d64f52164546d169ece88a8ece0885,5,Incredibly heart-wrenching and deeply moving.,Mon Jul 23 01:09:20 -0700 2012,Fri Aug 03 02:59:00 -0700 2012,Fri Aug 03 02:59:00 -0700 2012,,0,0
f4d16ea4ac59af59d257631398af39f4,12941351,f2947ce9d834355ddcf4851ff1bae4b5,5,"I love this book. I've never read a cancer novel in my life and I was hoping this wasn't a book that I would regret. It definitely wasn't. As mentioned by many, the teenagers spoke like adults. Besides that, which I really didn't mind, this book was ""heart-throbbingly"" depressing but goddamn beautiful.",Fri Jul 06 21:51:03 -0700 2012,Thu Apr 02 13:00:42 -0700 2015,Thu Jul 12 16:18:09 -0700 2012,Sat Jul 07 00:00:00 -0700 2012,0,0
f4d16ea4ac59af59d257631398af39f4,13480769,fb2c724469c28fa50dd02716502fe8bc,5,"Amazing!! Higginson is now one of my most admired authors. Her extraordinary and captivating imagination portrayed in this book rendered me speechless and at awe. I was a bit hesitant to read this series, but after reading the first book of the series I fell in love with it. I guarantee that you will not be disappointed by reading this series. It was an incredibly written series that was well tied with explanations and beautiful details of the settings. The main characters were dymamic and complex which made the series highly interesting. Purely magical.",Fri Jul 06 15:41:44 -0700 2012,Fri Jul 06 15:52:43 -0700 2012,Fri Jul 06 15:52:43 -0700 2012,,0,0
f4d16ea4ac59af59d257631398af39f4,8755776,a72520c7d55631c92d1248f2b45b2421,3,"I was pretty excited for this one but unfortunately... I was pretty disappointed. 
 The only part of the book that was interesting for me was the last 100 pages (Nook eBook edition); but that's just me. There were a lot of things going on but it wasn't as intensely mind-blowing like the other books in this series. Unlike the other books in this series (where I was hooked from the beginning to the end) I was struggling to actually finish this book until I reached those last 100 pages. I will admit that I enjoyed how she ended this book and I loved how she made readers think hard about Sebastian and his truthful plans. Besides that, I don't think I gained any new insight to any of the characters besides Simon's way of thinking when it comes to relationships. 
 I simply ""liked"" this book, rather than ""loved"" it and it pains me to say it because I love this series. Either way, I still love this series and will read the next :)",Mon Jun 04 19:09:19 -0700 2012,Thu Jul 12 16:18:54 -0700 2012,Tue Jul 10 00:00:00 -0700 2012,Sat Jul 07 00:00:00 -0700 2012,0,0
220ef9c058a2132e6a9827f93a821d87,2122,9060db0965105ca99530c19e62ff618a,1,"This book was well written, but ultimately made me sick...just sick with everything it glorified.",Tue Jun 05 19:38:42 -0700 2012,Tue Jun 05 19:40:59 -0700 2012,Fri Oct 18 00:00:00 -0700 1991,,0,0
01ec1a320ffded6b2dd47833f2c8e4fb,34426579,12d32a6cce5a25dc8fb39ded9f4a5cc4,5,"4.5 I'm-Obsessed Stars!! 
 Jessica Hawkins has written an engrossing and emotional romance that I simply couldn't put down! I am obsessed with Lake and Manning. Book #3 is releasing on 10/23 so if you've been waiting to start this series, don't delay! 
 ""Ten months. That was how long I'd gone without a fix. Lake's letters came every couple weeks. I'd opened the first one, but that was it. I'd known right then that if I was going to make it through this, I couldn't think of her. Couldn't be inside her head that way, and she definitely couldn't be inside mine."" 
 My heart broke for Lake and Manning. They endured years apart and obstacles at every turn. I honestly do not know what will happen, but I can't wait to find out! 
 ""But he was still the one who could get everything I wanted with one word from Lake."" 
 This is the kind of book that I read every chance I could. The characters are all believable and very real. The California setting was described perfectly. I simply could not put this book down!!! Highly recommend this series for contemporary romance readers. I'm a Jessica Hawkins fan for life!! 
 "" I couldn't tell her I loved her. I couldn't tell her I didn't. It killed me, but that was how it was. It wasn't going to be any other way, no matter how many times she put me in this goddamn position."" 
 Favorite quote: 
 ""Maybe one day, Manning and I would challenge fate, defy gravity, and move the stars ourselves. But today was not that day.""",Sun Oct 22 06:58:48 -0700 2017,Sun Oct 22 08:57:01 -0700 2017,,,5,0
01ec1a320ffded6b2dd47833f2c8e4fb,32993133,6e653c818d5510e645928e8b1ebbf98e,5,"4.5 Stars!! 
 ""Was sixteen too young to fall in love? I might've thought so before Manning. Could he love me back, a man seven years older? I was sure if he did, he'd never admit it. But I would wait for him. Even I understood that for a while, our ages mattered."" 
 As a longtime fan of Jessica Hawkins, I just knew I would love this book. And from the very first page, I was totally hooked. What a delight! A slow-burn, forbidden romance. My favorite! 
 This is the kind of book where the author takes her time describing a first meeting, a small moment, a conversation. Nothing is simply told, it is shown. I flew through this book, absolutely breathless with anticipation at what would happen next! 
 Lake and Tiffany are two sisters who both meet Manning at the same time. There's just one problem: Lake is only 16 years old. And Manning is a handsome construction worker with a past. 
 He half-smiled, one corner of his mouth lifting. That was the first I saw of his straight, white teeth. My heart skipped. Under the dirt, the sweat, the calluses, he was handsome. I'd known it already, peripherally, as I knew the direction of the beach or the artwork hanging in my dad's office. But now it was right in front of me. I couldn't miss it."" 
 Lake is a good girl: smart, studious and obedient. Tiffany is the wild child. But the interactions with their parents are nuanced and there is more to them than their labels. Although Tiffany seems flighty, she is much more appropriate for Manning than Lake. But who will get his heart? 
 ""Manning leaned his elbows onto his knees and watched her approach. My sister had that effect on men. They were always looking over or around me to see her. What'd he think when he looked at her? What'd he notice first?"" 
 I rarely have time to read a series back to back. But this book was so gripping and intense that I am immediately picking up the next book! I am obsessed with these characters and their story! 
 ""Some invisible tether existed between us. Nobody could see it, not even us, but I felt it. I was sure Manning did, too. As long as we both knew it, that was enough for me. For now, at least."" 
 Highly recommend this one. It has great pacing, a real setting and a gripping story. Don't miss it!! 
 ""It was a promise. No matter what, the story would only ever be about us.",Thu Oct 19 18:55:34 -0700 2017,Thu Oct 19 19:13:10 -0700 2017,,,7,0
01ec1a320ffded6b2dd47833f2c8e4fb,35162866,4bec62877bc5231b597e8b64cfe40869,5,"4.5 EPIC STARS!! 
 OMG what do I read now?! My heart is FILLED with Lake and Manning. A truly epic and passionate series. A must-read! 
 ""You wanted me to move on, so I did, and I no longer need you. You can't have it both ways."" 
 All the love to Jessica Hawkins for crafting an unforgettable and heart-wrenching love story. This series spans decades and is truly one of my favorite contemporary romance sagas ever. Lake and Manning have an emotional connection that is stunning, heartbreaking and simply beautiful. 
 How to write a review that is completely spoiler-free? Just know that this series kept me up many nights reading because I just had to know how Lake and Manning's epic journey was going to end. From two completely different worlds, these two only ever needed each other. Even if real life constantly got in their way. 
 ""I didn't know it would turn out this way, Lake. Your life, and mine, nothing is how I thought it would be."" 
 I literally read the books in this series back to back, and honestly had no clue where the author would take me as a reader. Ms. Hawkins stayed true to her main characters and developed the secondary characters perfectly. Dare I say that Tiffany was misunderstood? And that I would love to see a story based around her as well as Corbin? (But not together!) But this is Manning and Lake's story and I lived and breathed them for every page of this gorgeous story. Angst, joy, true love, heartbreak, despair - this series has it all and then some. 
 ""These are the pieces, and they might not look like much to you, but they're all I have. I've found a way to be happy. You can't come back into my life and tell me it's a mess when you're the one who created it."" 
 Manning is one of THE sexiest and most unforgettable main characters I've ever read. The self-sacrifice and heartache he endures is almost unbearable! And I literally felt as if I was THERE during the New York City scenes. 
 ""I thought I'd never have you, Lake, you have to understand that. I thought there was no chance. That people like me didn't get a life like this."" 
 Jessica Hawkins doesn't take any shortcuts and it shows in her writing. Nothing in this series felt rushed, forced or left undone. Every event felt necessary and fit perfectly. This is not an easy story to read - there is heartache, cheating, and tons of angst - but it was gripping and completely satisfying. If you love an adult, very sexy story with real depth and brutal honesty, then don't miss this series. And now I might actually have to do a re-read! 
 ""You and me, we're you and me. Nobody's earned the right to know our story.""",Wed Oct 18 13:20:44 -0700 2017,Thu Oct 26 10:54:59 -0700 2017,Wed Oct 25 09:48:47 -0700 2017,Mon Oct 23 04:49:37 -0700 2017,8,0
01ec1a320ffded6b2dd47833f2c8e4fb,35121403,30cf571c957e3cce69388f33bdf89368,4,"RACER EFFING TATE!! 
 Katy Evans is back, doing what she does best! 'Real' fans will swoon because Remy and Brooke's little boy Racer is all grown up! That being said, this hot sports romance is a standalone so you can still enjoy this book even if you haven't read any of the books in the series. 
 Lana's family's racing team is in desperate need of a driver. It's up to Lana to prove herself to her father and her brothers to find the best driver there is for their team. Chance leads her to Racer, famous in the world of illegal street racing. He's simply the best. 
 Lana takes a huge risk and hates Racer for her formula race car team. I loved the fast-paced description of the world of racing! Traveling all over the world for the races, Lana can hardly resist Racer, when he sets his sights on her and decides she's The One for him. 
 ""This is illegal,"" I state. 
 His voice is husky from exertion, and his eyes glint with laughter. ""That's why it's fun."" 
 Lana has a very protective family and a very sad past. But Racer Tate isn't going to let anything stop him. He also has a lot of secrets he's keeping, ones that will not only threaten his relationship with Lana but also his racing career. Will Lana and Racer be able to survive and overcome the obstacles that are in their way? 
 One of the things I love about Katy Evans is how she creates sexual tension with her characters. And it is off the charts here! Racer is intense on and off the racetrack, and Lana doesn't stand a chance! 
 ""Crasher ..."" He warns, sounding a little cocky. ""You go out with me and you'll never look back. I swear, baby."" 
 I enjoyed this sexy, passionate story very much. There is low angst so if you are in the mood for a sizzling sports romance with wit and crackling sexual chemistry, then you will LOVE Racer!! And fans of the 'Real' series will adore the way the cherished characters make appearances here. Happy reading! 
 ""I'm Racer Tate and this girl is mine.",Mon Sep 25 13:31:39 -0700 2017,Thu Sep 28 06:22:06 -0700 2017,Thu Sep 28 14:15:20 -0700 2017,Mon Sep 25 13:31:39 -0700 2017,6,0
01ec1a320ffded6b2dd47833f2c8e4fb,36065344,3a6df98dd67e65789ab67eb568df0932,5,"""You're the queen. I'm just a commoner. 
 GAH!!! MY HEART!!! This book was everything. One of the best-second chance romances I've ever read. 
 Kennedy and Johnny fell in love when they were just in high school. Johnny was a naturally-gifted actor and left his family behind to follow his dreams of becoming an actor. Kennedy ran away with him to Hollywood when she was just 17, giving up her dreams to follow his. Real life brutally intruded, and Kennedy left Johnny after he got his first big break. He quickly got lost in the throes of addiction and the Hollywood party scene. Broken-hearted and pregnant, Kennedy returned home to begin a new life without Johnny. 
 ""You don't know this, but that girl? She doesn't need a house. She doesn't even need an apartment. She would've slept in the car. She wouldn't have complained at all about it. You didn't have to sell it, but you did, and as grateful as she is for that, she already feels guilty. She's worried, and she's scared, that this won't be a story of triumph. Because she believes in you. She wouldn't be there if she didn't. But the world isn't always kind to good people. Sometimes it eats them alive."" 
 Johnny grew up wealthy but in a very abusive household. Acting was his escape. He had no choice but to get away from his family in any way he could. But he never really left his demons behind and now that he is a world-famous superstar, he wants to make amends with Kennedy and with Madison, the daughter he never knew. 
 ""I don't deserve her time, not in the least, but I'm so desperate for some part of this woman back that I'll steal every second that I can get."" 
 Kennedy gave up everything for Madison, a gorgeous, smart and funny little girl. Kennedy works at a dead-end job, struggling to make ends meet. She is still in love with Johnny but has been hurt by him many times over the years. I was SO emotional while reading this book! It had everything I love about a second chance romance. The writing is clever and creative and completely engaging. I fell in love with Johnny and with little Madison! The book is heartbreaking, sexy, funny, heartfelt and completely uplifting. 
 ""Whatever did it, I'm glad you're sober, and I hope you stay that way. For Maddie's sake, yeah, because she deserves to know her dad, but for your sake, too. I know I was never enough for you, Jonathan, but I hope you find something that is."" 
 This story is perfectly balanced between both the hero and heroine's point of view. I adored the story of how Kennedy and Johnny first met and fell deeply in love. There are lots of steamy scenes as well as just the right amount of humor to balance out the very emotional story. This story gripped me from the first page and had me glued to the pages until the very end. I also loved how Kennedy was loyal and strong and smart and self-sufficient. She did not need the Porsches or the red carpets or the mansions. She only wanted Johnny to be able to follow his dreams. 
 ""Wherever it takes you, I'll be there. 
 'Ghosted' is another must-read book from JM Darhower. One of my favorite books of the year. 
 ""Thank you, K."" 
 ""What are you thanking me for?"" 
 ""Giving me a second chance,"" he says. ""And a third, and a forth, and a fifth..."" 
 ""And a twentieth."" He laughs lightly. ""And a twentieth."" 
 ""There won't be a twenty-first,"" I tell him. ""I have to draw the line somewhere.""",Sun Sep 03 08:30:42 -0700 2017,Sun Sep 03 09:59:45 -0700 2017,Sat Sep 02 00:00:00 -0700 2017,Sat Aug 26 00:00:00 -0700 2017,16,2
01ec1a320ffded6b2dd47833f2c8e4fb,33807229,457bfda01cd106842baf08e78761aaef,4,"4.5 Addictive Stars!! 
 ""I'm Easton Royal, superficial and only interested in how to have a good time. 
 I don't want to look deep into my being and see the bottomless, black, boring pool of nothingness. I want to live in blissful denial."" 
 I am not a fan of over-the-top drama or crazy plots. So imagine my delight when I read 'Fallen Heir' almost in one sitting! Addictive, funny and fast-paced, this book might be my favorite in the series so far. 
 Easton Royal is a high school senior at the very exclusive Astor Park Prep. This is a school filled with ultra-rich students complete with trust funds and designer clothes and huge mansions. Easton is a flirt and a partier and sets his sights on the new girl in school, Hartley. They are complete opposites but that is part of the fun of this book. Hartley is not at all interested in bad-boy Easton so he settles for the friend zone. 
 ""I need to treat her as a friend. A real, give-a-shit-about-each-other, don't-need-to-be-naked-to-care-about-you friend."" 
 This book should not be read as a standalone because it does contain some spoilers from the earlier books. I am SO glad I stuck with this series because I LOVED Easton's story! He has a good heart and realizes that his partying is getting out of hand, especially as the son of a mother who had severe addiction issues. I fell in love with Easton and my heart broke for him!! 
 ""I'm the only one here, drinking crap I can't stand because I don't want to spend a minute of my life alone. My head's a bad, bad place."" 
 I really felt the connection between Easton and Hartley and loved the supporting characters. 'Fallen Heir' is a crisply written and juicy story that is perfect for all fans of contemporary Young Adult books. This book just clicked for me. And I loved how funny Easton was. His humor and satire was just what this story needed. 
 ""I might be small, but I have the lung capacity of a whale, so if you don't move I'm gonna have to release the oral Kraken until the entire school is in this hallway rescuing me from you."" 
 I crack up. ""The oral Kraken? That sounds pretty dirty."" 
 ""I'm thinking everything sounds dirty to you,"" she says dryly."" 
 This nook ends on a MAJOR cliffhanger which should not be a surprise for fans of this series. WOW!! But never fear, another book is coming in January!! I really enjoyed this book and highly recommend it if you're looking for a very smart and witty Young Adult story. 
 ""I'm the design flaw in the Royal family, the one who isn't quite like the others, the one who crashes and burns more often than not."" 
 (ARC provided in return for an honest review.)",Sat Aug 26 15:43:24 -0700 2017,Sun Aug 27 23:53:38 -0700 2017,Sun Aug 27 23:49:20 -0700 2017,Sat Aug 26 15:43:24 -0700 2017,3,0
01ec1a320ffded6b2dd47833f2c8e4fb,34675020,de51ad8daca6ab274749ab2f781eb831,0,"Not sure how to rate this one. It started off as a beautifully painful story filled with lush descriptions of Northern California and the brutal reality of the main character Turtle's life. The writing then took a sharp turn for me into a very dark place. 
 Turtle was abused by her father for years and this book is filled with sadistic violence. The writing kept me reading until the end but the story was excruciating. Will write more after I think about this for a few days.",Thu Aug 24 10:16:43 -0700 2017,Fri Oct 13 00:00:08 -0700 2017,Thu Oct 12 23:49:54 -0700 2017,Sun Oct 08 11:55:20 -0700 2017,4,0
01ec1a320ffded6b2dd47833f2c8e4fb,32872615,86cd5fda12aa96bb7d1fbc88b9e7ce7a,4,"3.5 - 4 Stars 
 ""Loving another gives them power, it can be beautiful, fulfilling and as easy as breathing, but if I lose it again, it will destroy me."" 
 I think we all have a celebrity crush (or two!) For Heather, that person is Eli Walsh. She's loved him from afar ever since he was in a famous boy band. Heather has the chance to see him in concert and for just one night, she decides to let loose and forget the harsh realities of her day-to-day life. In a one-in-a-million chance, Eli notices her in the audience! They spend a fantastic evening together but Heather literally runs away. She has a lot on her plate and is a little embarrassed by what happened with Eli. 
 What could ever come out of a one-night stand with a rock star? Especially with Eli, who has a reputation as a playboy. Heather is very real, very grounded and very wary of men. She's recently divorced and because of her ex-husband, has terrible self-esteem. But Eli is intrigued! 
 Heather is devoted to her sister and doesn't have the time or emotion to devote to chasing a fantasy. Even though Eli and his band played a huge part in her life when she was younger, she cannot truly believe that someone like Eli would be interested in her. I loved how hard Eli worked to connive Heather that she was beautiful and sexy and deserving of his attention! 
 ""She's something completely different. For the first time, I don't have someone chasing me because of who I am."" 
 I love a good story about real-life people with real-life problems and real jobs. There are no billionaires here, just a rock star with a heart and a real woman with great friends and real heartache in her life. I didn't totally feel the connection between the main characters BUT I still very much enjoyed the story. Corinne Michaels fans will love this book. If you are in the mood for a little bit of fantasy, some raunchy humor and a good, old-fashioned happily-ever-after, then you'll love this story. 
 ""We can't worry about tomorrow, we can only own tonight"". 
 (ARC provided by the author in return for an honest review.)",Thu Aug 24 06:22:10 -0700 2017,Wed Sep 06 14:52:05 -0700 2017,Sat Aug 26 14:18:31 -0700 2017,Thu Aug 24 06:22:11 -0700 2017,8,0
01ec1a320ffded6b2dd47833f2c8e4fb,32734333,f4892dda2f239e516e7f195b31a6fc18,4,"""I'm ready for forever now."" 
 ""I'm ready for forever too,"" she whispers back. 
 WELL. Many thoughts on this one. Really FANTASTIC erotic scenes and overall I liked it. If menage is your jam, you will love this series. I absolutely tore through the first two books in this series and could not wait for the conclusion! 
 Many readers adored this third book which is mainly Ash's point of view. I'm still not quite sure what to say other than I was not really prepared for the turn of events that occurred in this story. Yes I LOVED the characters but some of the events seemed a little too fantastical for me. 
 The writing is complex and well-done and I loved the play on the King Arthur legend. At its heart this is the story of forbidden love and Greer, Embry and Ash are characters that I won't soon forget. 
 Sierra Simone took the famous legend of King Arthur and put her own sexy, passionate spin on the legendary characters. There is betrayal, love, passion and heartbreak - this series has it all. 
 American Prince ended on a heartbreaking cliffhanger but I absolutely loved how the author continued this storyline into Ash's book. These three are clearly destined to be together and I could not accept any other conclusion to their story! 
 ""What am I supposed to do? When the man who is supposed to love me hates me? When I can't protect the woman we both love?"" 
 So many forces conspire to pull Ash, Greer and Embry apart. But they simply could not live without each other. This book was filled with surprises and all in all, I loved this series. These books were stunning and sexy and highly erotic. There's lots and lots of kink but the series is very intelligent and very readable. Highly recommend for all erotic romance readers! 
 ""I see the beginning. 
 And I see the end."" 
 (ARC provided in return for an honest review.)",Tue Aug 22 14:35:06 -0700 2017,Sun Oct 29 11:12:07 -0700 2017,Sun Oct 29 12:51:48 -0700 2017,Wed Oct 25 00:00:00 -0700 2017,1,0
01ec1a320ffded6b2dd47833f2c8e4fb,33802909,ef5c08a348be16880b2d6b0163e7fafe,4,"JB Salsbury is my go-to author for sweet and sexy Alpha heroes and The Final Fight did not disappoint!! I absolutely adored this story and read it in one sitting. Passionate and funny and sexy and heartfelt. Don't miss this fabulous conclusion to the Fighting Series!! 
 Back to Las Vegas, the Final Fight does not so much focus on the fighting world as it does on the experiences of our war heroes. All of my favorite characters make an appearance though and the way the author ties everything together was incredibly satisfying. 
 AJ is pursuing her dreams of headlining as an acrobatic dancer in a Las Vegas show. For now, she's just one of the performers in a Cirque du Soleil-type show. But she dreams big. And nothing and no one will deter her from her dreams. 
 A Vegas casino is like its own planet--a virtually inescapable planet without obvious exit points. The sun or moon never makes an appearance, so the essence of time is completely lost. People are always milling about, and if it weren't for the coffee and pastry cart that opens at dawn and shuts down at noon, it would be impossible to tell morning from night. 
 Braeden is only in town for a short time on military leave. He is instantly drawn to AJ's wit and beauty and drive. He is not interested in a long-term commitment because he knows he can be shipped out anytime. I loved when these two met because they are both funny, driven and just very REAL. 
 ""You think too much."" He angles his upper body toward me, opening his chest and torso for my viewing pleasure. Not that seeing him is pleasurable. It's not that; it's . . . he clearly works out or he was blessed with fantastic genes. Not that I'm noticing. Or care. Whatever. 
 I really felt their intense connection which is SO important for me. Their chemistry is scorching hot but more than that, they share an emotional connection. Even though they both try to deny it. 
 ""I don't need promises. I only want to live in this moment with you, whatever that means, and not think about tomorrow or a week or a year from now."" 
 Circumstances and a series of miscommunications lead to Braeden and AJ being separated. JB Salsbury added just the right amount of angst so that the story moved forward but never felt forced. And can I say that I really liked AJ's boss, Andre? I felt that he was a little misunderstood and I can definitely feel another story there! 
 Braeden and AJ both have to overcome tragedy and curveballs thrown in their way. But their story is ultimately uplifting and inspiring and very, very emotional. Braeden especially was SO inspiring. 
 ""You'll be okay. We're going to get through this. We're gonna fight our way through this because we know no other way. And we're gonna do it together."" 
 Fans of the Fighting Series will LOVE how this series ends. 'The Final Fight' is fast-paced, sexy and funny in all the right places. I loved Braeden and AJ and their inspiring journey. 
 ""I will die before I let you go, you hear me? You'll be back. You'll be fighting for this shit too, but until you're there, until you get your fight back, I'm fighting for you."" 
 (ARC provided by the author in return for an honest review.)",Wed Aug 16 17:38:29 -0700 2017,Wed Oct 18 13:46:22 -0700 2017,Mon Oct 16 14:10:21 -0700 2017,Wed Oct 11 00:00:00 -0700 2017,5,0
