review_id,text,label,notes,pre_labeled,rating,n_votes
5f36a872df07d7bbb5b05cefa66070b0,"I love Jack Prelutsky. He makes poetry cool and kids like it. My 4 yr old son loved this book, especially Gobble, Gobble and Leftovers. From the contents, he was hooked when he saw the word ""football"".",logbook,,yes,4,0
679d068b44884fba3fe10034daf3882f,"It will stay with you long after you've turned the final page. ""I spent the summer with Monika, and Monika spent the summer with ME!""",impression,,yes,5,0
30734917032662d4fc3ed45fbb5b50b4,"In my quest to read more gothics, I'm trying this one out. I enjoyed one of Aiken's works in the past, but I don't know how this one will pan out.",logbook,,yes,1,0
794a2b53624a1da67649f87e84be79b5,"Spicey, hot without being crass. I have enjoyed a few of her other Laurel Heights stories as well after recently stumbling upon them at Amazon. I will eagerly watch for her books in the future.",impression,impression vs logbook: circumstance is about her OTHER books; the verdict on THIS one leads,yes,4,0
eb9cedf22784f388335538de6a0df42f,"I really want to give this book a better rating for many reasons. Ellen Hopkins writes in verse, which definitely adds an interesting element to the novel. I was drawn into the characters, the self-discovery, the discovery of romance. But the ending killed it for me. It was abrupt and felt way too extreme. It was as if everything that was built up to for the entirety of the book was put into a trash can and lit on fire. Perhaps if the ending had been more balanced, I would have liked the book better. However, I'm definitely willing to give other books by Ellen Hopkins a try. I hope to try a book from her Crank series soon.",analysis,,yes,3,0
41d92fca18e8cc42dfc590c6fe825868,"This is a real science fiction story. It uses actual science to make the story. There is no warp speed, aliens, or laser guns. An astronaut is left behind on Mars as the mission has to be abandoned. His crewmates think he is dead. Due to a strange accident, he finds himself alone with only limited supplies. The next mission isn't scheduled for another 4 years and he has no way to even contact anyone. But he isn't willing to just give up and die. So, he approaches the problem one at a time and tries to come up with working solutions. This is a true Robinson Crusoe story set in space. But there is no Friday. The problems are a little more basic; things like getting enough air, water, and food but not having a handy fish-filled ocean or coconut-laden palm grove nearby. Even when problems get solved, new problems come along to change the playing field. There is plenty of suspense even though there isn't an active antagonist.",analysis,,yes,5,0
2fc62c484444ca18b53ac88d5c4e8314,"I have read Tina Fey's Bossypants, And I have now read Amy Poehler Yes Please. And I can now Say: I love these gals. It was funny and interesting and charming. So Amy Poehler YES PLEASE.",impression,,yes,5,0
356fe65d05d46b9319ae581b6cb982b8,"Sovereign. Deadly. Perfect. That is how they describe the films of famous director Cordova, not necessarily how I would describe Marisha Pessel's Night Film. The book was fabulous and met all expectations it created which made it both satisfying and a bit easy to guess. Ashley Cordova, age 24, is found dead in a warehouse in lower Manhattan. Everyone believes that she jumped. She was, after all, the daughter of Stanislas Cordova, the director of movies so terrifying they have been banned from theaters. His most devoted fans hold underground viewings, but even they have not seen Stanislas in 30 years. No one has. Journalist Scott McGrath lost his career the last time he tried to expose Cordova, but Ashley's death brings him back on the case and deeper and deeper into the secret, dark world surrounding Cordova's supposed retirement. I loved how it took you on the journey, the slow build into mysticism, broken just long enough that you begged to bring it back. Anything but the simplicity you were being offered. You wanted the darkness to be real. I also loved how Pessel interspersed internet articles and pictures, because it made the book feel so real. In addition, if you download an app to use to scan hidden elements of the book you can watch movies. Or something. I haven't tried it, because I'm lazy. Do you dare? Find more of my reviews at Jana's Library",analysis,,yes,5,0
92a070f8bc5c1418f92fefe19978c097,loved this one as much as the first but wanted so much more in the ending. I hope there will be a 3rd book,impression,,yes,4,0
5433614f913a1f546517b3c4c8be16aa,"Oh my... this book. Wow. Chaos Bound was a raw and gritty romance - a truly gut wrenching experience. And I freaking loved it. Holt, Holt, Holt. Can someone please print a 3D version of this man so I can bring him home and love him??? Because the more I got to know him, that is what I wanted. He lived through a horrifying experience, only to come out on the other side not knowing what about his life is true. He's lost and hurting - desperate for revenge. It's awful and you hope that Naiya will be the balm to heal his wounds. Except there is no moving forward without retribution for all that happened to him and he plans to use Naiya to achieve his revenge. She's the one thing that can tempt the man who caused all of Holt's physical and mental scars, Viper. All Naiya wants is to survive.... and possibly a future Holt. So her main goal - to come out of all of their chaos alive - is hard fought and difficult to achieve. It's an intense and thrilling ride with Naiya and Holt. I devoured every minute of their romance and loved how everything played out. Honestly, I think this series just gets better with each book and I absolutely recommend meeting the men of the Sinner's Tribe Motorcycle Club. They're sexy beasts who will consume your heart and destroy your panties - it's awesome!! Definitely check it out!",analysis,,yes,5,1
6b00b6e12eb97a998a04c49bfb705f64,"There are some lovely design touches in this book that make it a real treasure - above and beyond the story itself. Photos throughout give an insight into the immigrant's world, though not necessarily in the manner one assumes. The book is laid out like an exercise book with these 'found' polaroids scattered among the narrative. It is as though the reader has picked up a dropped notebook. I found the story and the illustrations very compelling and would recommend this to anyone who likes contemporary stories with heart.",analysis,,yes,4,0
7330b454783b6fce0512af73a49c66d5,Ok so I really felt disappointed by this book even with the big surprise at the end. I hated reading from two points of view in this book because the voices were different enough to clearly tell me who they were. As a result I kept forgetting who was speaking and would have to flip back and find out. towards the end I understood why Roth wrote from both voices but still frustrating. I also felt there was always some emergency happening and never enough elaboration for it to make me care about what was happening. I also hated the discovery of what was outside because it took away from the overall essence of the book. Also not enough character development and pacing was terrible. Roth has potential as an author but this series wasn't my cup of tea.,analysis,,yes,3,0
3664cba66bb289b210e7c96f1a6d4c2f,"LOVE Love Wasted! Love Wasted isn't my first novel by Shirl Rickman, and it definitely won't be my last. She never fails to keep me book-satisfied! Cass and Porter have been in a chemistry-filled tug-of-war match since they were kids. The love/hate relationship and witty banter was amazing and fun to read. And Laney - I flipping love her character! She reminds me of my best friend. Thank you again, Shirl, for such beautiful, charming, funny, sexually-tense words.",analysis,"analysis vs impression: mostly gush, but names the central relationship dynamic - thin analysis",yes,5,0
db61b0fcb978b4f0f9c15f8e8ce4915a,"This book have been on the spotlight on Nathan Bransford's blog which was used to show how pathological bullish is the reviewers of Goodreads can be on a book and the link was shared on the NaNoWriMo facebook and apparently I receive this reply when I said about there's always two side of the story and that even there are authors stalking and calling reviewers with names. Since apparently I am ""desperate and unable to express a real opinion on a book"", I am giving you a full review on this book which probably doesn't deserve the attention its been having. I won't be using an ""scatological grade-schooler"" phrases since I'm going to pick off the quotes out of the book which made it unnecessary for even me to say some scatological references. Before we could get even started, these is some of the screen-captures from the book that show how unreasonable it was to blame the reviewers for all the rude words in their reviews when the content of the book reflect it so eloquently. The author use ""ho"" more instead of fully worded ""whore"" in this book but from this you'll get the gist. The book wasn't even an erotica. Its a young adult romance about mermaids. If you've seen the demographic of YA communities, it translate to a largely female audience. For anyone thinking this is your own average supernatural teenage romance, you'll be heavily disappointed with the content in this book. September Girls is a male wet dream YA mermaid fantasy about Sam - a virginal 17 years old boy - who went for a vacation with his foul-mouthed brother, Jeff and mentally-testosterone-challenged father without his absentee mother who went for a mid-life crisis stunt in Womanland. Once they arrived at the small touristy beach town, he was bombarded by the attention of gorgeous blonde sexy Girls who held him in deep fascination. The girls had taken notice. Everywhere I went, they smiled at me. They stared. They swiveled their hips a little more when I walked near, pushed their boobs up a little higher. Their hair was always tossing, tossing, tossing; their eyes sparked and pulsed like flakes of mica at the bottom of a creek. It made me nervous. It's not that I minded the attention. I was as flattered and turned on as any person would be to have insanely hot girls staring at him wherever he went. Among them was Kristle who rubbed herself all over him the moment she met him and go on having a relationship with his brother Jeff while continuously trying to have sex with Sam and DeeDee another mysterious girl who are not like the rest of the girls and sometimes she read books give award-winning commentary like: ""I've never read the Bible,"" I said. ""I didn't know anyone actually read it."" ""Well I did,"" she said. ""Three times. It seems like it's going to be a real drag, and some parts really suck, but it actually has some good sections. I like the parts about hos, even if they always come to a bad end. Eat a fucking apple, you're a ho. Open a box, you're a ho. Some guy looks at you: turn to stone, ho. See you later, ho. It's always the same. The best one is Lilith--also a ho, but a different kind of ho. She went and got her own little thing going, and for that she gets to be an eternal demon queen, lucky her. No one likes a ho. Except when they do, which, obviously, is most of the time. Doesn't make a difference; she always gets hers eventually."" Since this book is a first person POV around Sam, the book also consisted of various state of a feeling of listlessness and dissatisfaction arising from a lack excitement between his outings with the sisters who are not exactly sisters, his constant state of boredom around his virginal status and the need to compensate it with drinking too many beer (yes, he's 17) and the story eventually leads to the mysteriousness around Girls and the sea and their inability to swim. ""Still, it's kinda like incest, though, huh? Two brothers fucking two sisters? Look, I like you, bro, but let's watch our step here."" At this point I am not going to do subtle with this. Continue on reading if you want the whole story on why this book are so marginalized by the Goodreads community. Think again when you try to accuse the necessity to think we're bullying the author when basically we're just reading the book and we're giving honest opinions on it. As for the necessity to use crass and vulgar words, the book is crass and vulgar and let me show the way. Apparently, the Girls are cursed mermaids. The reasoning behind why they came out of the sea naked and start walking and preying on teenage boys were vague as to why their parents (Endlessness and Deepness) curse them to lead half lives between coming into the land and their eventual 'death' when they reach 21. Kristle was the oldest among the whole mermaid sisterhood which explain to her desperation to paw all over Sam and why DeeDee was quite apathetic about it when Sam told her all about it. ""Kristle can be so ridiculous. But who knows what I'd do without her. Total ho, by the way--not that I'm judging; I actually like hos myself. Maybe I am one--I barely know what counts anymore. Being blond certainly never helped anyone's case. Hey, want to do the quiz?"" She fished a pencil from a hidden place in her tangled hair. Interestingly because they borrowed most things about who they are from shampoo and celebrity magazines, their naming system seem to revolve around brands and wacky porn names like Nalgene, Chantarelle, Tresseme, Activia, Jessamee, Blair, Serena, Visa and Taffany. In fact, there were absolutely no personality or mental capacity that made female readers identify themselves to the story. There were absolutely no realism in this book for girls to even like. The book cultivate the idea that mermaids are vacuous empty creatures that only resonates from whatever things they were expose to and these means reality television and various cosmetic products. DeeDee read a cover line aloud: ""'Ten Steps to the Old You! Rediscover the Gal You Used to Be!'"" Then another: ""'Snack Happy: Slim Your Waist by Improving Your Attitude!' Give me a fucking break. Who reads this? Besides me I mean. Just once I'd like to find a rental stocked with The Complete Works of Shakespeare. Almost anything would be better than this shit. Not that much better, but every little thing counts when you're working on your English Exactly how on earth they get their girly items from? They're in the middle of nowhere and they're the mixture of ""The Stepford Wives"" melded with ""Mean Girls"". If they osmosis themselves from the things they're exposed to, why can't they open up internet - the ungodly universe of information - and embrace more expect of being a girl than from trashy mags. Was this book a healthy representation of femininity? I hardly think it was. ""You guys make this big deal about we. It's always we we we. You act like you're all the same, like you all want the same things. It's like you think with the same mind or something. But you don't. Sometimes you're really not alike at all, other than all having basically the same hairstyle. Which I hate to tell you, but blond is not technically a personality trait."" I don't think this book was constructed by slut-shaming but it does consist on mostly stick-figured female characterization. Its not even Mary Sue-like. In fact, every characters in this book is problematic and shallow. I don't think its even satirical piece nor its metaphoric. The book is a cheesy and sleazy harem fantasy with no depth or anything worth redeeming. Even the mystery around the mermaids remain unresolved. The curse remain a curse, the mermaids still living in the beach town and goes out at sea and develop some scales and the cycle repeats around summer until they die for no reason at all. Even DeeDee apparently escapes because after Kristle's apparent 'death' (which is still uncertain and confusing) that Sam finally let go of his virginal state because its too late for Kristle which he loved at the same time. As a whole but the book have its own moments uneven shock placements around the book which does nothing to the content of this book. September Girls is just a coming of age about a virgin guy's sexy dreams and the environment he's been living in which is saturated with sex and stereotypical misogynistic references. The book is simply a mismatch of ennui, masquerade as literary fiction with unnecessary exposition. As much as the ennui happening around the book, there were no exact resolution to any of the story in this book as the ending and the secondary narrative is still vague and confusing. If you think everything I say here is harassing, demeaning, dehumanizing and abusive to the author, please do note that nothing here was targeting on him except that every quotations coming from this review came from the author which are inflammatory in nature. Why does nobody even bother about how the book is harassing, demeaning, dehumanizing and abusive to the female readers as a whole? The book maintain its facade that you as a reader; you're not perfect nor ever mysterious as the blonde perfectly-figure naked beautiful Girls in this book that doesn't do much anything except gossiping, wearing skanky bikinis and lusting on the last boy virgin on the planet. ""You do it with a virgin,"" she said. ""I mean, we do. I do. A virgin boy, obviously. Don't hear much about them, do you?"" I'm ending this by leaving you with the author's own words explaining it clearly about what his book really was. The moral of the story here is that if you're ever offered anything that seems like it might lead to sex, there is no turning back. You just have to take it as it comes or you will remain a virgin for life.",analysis,,yes,1,1
662649c2faf0ff00423c1e5fb0dd3594,"This was a short, sweet, feel good read and I loved it. It explores the consequences of actions and choices, as well as healing and forgiveness. There is a steamy side that is tastefully written and for me it was overall a satisfying short read. I genuinely liked Sydney and felt empathy for her and of course Jordan, as I pictured him in my imagination, is just right. I generally enjoy a little more meat to my reading and would have loved this to have more to it; but honestly, I finished it with a smile on my face and a good feeling overall",analysis,,yes,5,1
d33180995366d4e280f90f5c1f7a25cd,Read this book a few summers ago and could not put it down. The only other Conroy I've really been able to get into was My Losing Season. Need to give something else of his a shot. Anybody got a recommendation? I tried Beach Music and could never get going with it.,logbook,,yes,5,0
16cde4b73316a9623f9b07f5cdf587eb,"Review of Shine Not Burn by Elle Casey 5 Stars I LOVED this book. This was a couldn't-put-down, smiled-like-a-lunatic, giggled-gasped-and-cried kind of a book. I LOVED it. Andie has got it all figured out. She has a plan for her life and she is hell bent on seeing it through. No matter it was devised from a place of pain and frustration as a 16 year old with her back against the wall. Nope, this plan is what she's got and she's holding on to it with every ounce of strength she has. Even though Andie is living a rigid life she has people in her life that are willing to do what they need to to ensure that she stays living in the moment. Can one moment of really living change the course of Andie's life? Will she be able to bury her past or will she chose to abandon her plan and follow her heart? ""What I have going through my mind is that I don't want this to end. There's something about you that's just lassoed my heart or my common sense or something and I'm afraid I'm not going to be able to get it back until you let it go."" When Andie lets her common sense take a break for a night in Vegas, she wakes up the next morning unsure of whether the temporary break was bad or the best thing that ever happened to her. Since the guy she was with, Mack, was no longer around, she had to just get back to her life and let Vegas stay in the past. And it did, for two years, until a discovery sends Andie to Oregon to confront Mack about the time they spent together. ""Who's this?"" asked a male voice behind me. I turned around and almost had a stroke over the glowing blue eyes that bore into me from under a straw-colored cowboy hat. ""Mack,"" I said in a strangled whisper, memories rushing over in a giant tsunami to drown me in raw emotion. ""Andie,"" he said, his face set in angry lines."" While Andy and Mack try to bury their hurt and confusion over what really happened two years before the two will have to find out whether the time they spent together was a Vegas fling or something much more important. The heat between the two is intense and even though Andie is resistant Mack is a take what he wants and make no apologies kind of cowboy. With Mack's family helping to rope Andie in, will she be able to keep her logical life plan in the forefront of her mind, or will her heart have her abandoning her plan and the people in it for a life altogether different with a handsome cowboy? From the sexy cowboy Mack to the scary but hilarious MacKenzie matriarch, I loved each and every one of the characters in this book. I felt for Andie and loved Mack instantly. This book had me looking silly with the perma-grin that was plastered on my face through most of the book. I rarely feel this sad when a book is over but I truly did not want this to end. I will definitely be reading this again! An ARC was kindly provided by the author for an honest review.",analysis,,yes,5,0
dd37b9f004f398ae4f4dbd4ce7fdf7ec,"OK, I'm just a kid at heart - working my way thru Garth Nix's Keys to the Kingdom. I like the escapism of the totally improbable and impossible - at least, I think it is! And if young Arthur Penhaligon makes you think of Arthur Pendragon, I don't think that's an accident!",analysis,"analysis vs logbook: 'working my way thru' framing, but Penhaligon/Pendragon allusion is a real textual claim",yes,4,0
878fb08d049e180317d74fc20f86e1c9,"I always want to enjoy this more than I actually do. It's such a pleasure to get a glimpse of Seth, Anna, Cam, Ethan, Grace, Philip, and Sybill and their families. But beyond that there really is not much of a point to the book. Seth's romance with poor-little-rich-girl Dru is uninspired, and the revival of Gloria as the bogeyman of this particular family, tired.",analysis,,yes,2,0
d1812cb2a31b58bbef3341ef59d9116f,it gets an extra star because of that twist ending - it just took a long time to get there.,analysis,6-word pacing claim; analysis per the rule that length is not a signal,yes,3,0
1572283e752942169b5d0eb27006cb7b,"Sad, hypnotic, beautiful. Very emotional and heart tugging. The ending was rather soft and could've been finished a bit stronger. A happy reunion perhaps?",analysis,first half is unsupported adjectives; the ending critique is what qualifies it,yes,3,0
58a2fccf0e1425ebccb06dda77931126,"This is my first story from Kelli Maine and I'm hooked!! I may have missed the start of the series that this came from when it originally began on the Dolls and Doms blog but you can bet I'm going to be reading each week when the new series starts in March! Alistair and Black Betty...I loved these two together, no matter who was on top! I could feel the internal conflicts going on for both of them, particularly Black Betty. So many sides to her are revealed - strength, vulnerability, dom and sub - and each one is such an important part of who she is or can be. And Alistair, he's super cocky and damn hot because of it! Then throw in his desire to care for and be with Black Betty...*sigh*. This may be a novella but there's so much to love about it. I can only hope that Alistair and Black Betty's story continues! ARC provided by author for honest review. For more reviews like this, visit www.upallnightbookblog.com",analysis,,yes,5,0
270eb1a3c69430748a419120f20c155e,Awwwww. A friendly reminder that friendship has no boundaries and we can find love in the strangest of places. I enjoyed this story and the way it pulled on my heartstrings. Took a day to recover and start another book.,impression,,yes,4,0
765cc17da446666baa58161a672011ba,"Just my kind of read, the fluency and detailed description made the vile dirtiest of the city come to life and the violence dance when the action called for it. I liked how the story built itself around the protagonist and New York mean streets. It takes guts surviving the streets, by it's writing I felt it all. The many characters and the paranormal entities were entertaining to say the least. The author written the tale with grittiness and I like it. Thank you for a free digital download in exchange for a review.",analysis,,yes,5,2
e3061c8adbee4975637205b3876595b3,"One of my all time favorites. You haven't read it yet, you're missing out.",impression,,yes,5,0
5999eb95936087968400b96d0b9ca061,"Buy THE CONSEQUENCES OF LOVING COLTON on AMAZON Kissing you is terrifying, breathing your same air makes my knees weak, when I'm around you it's a tie between wanting to chase you down - or just kiss you until you can't breathe. Milo loved Colton since they were kids, but she never gets past that little sister's zone he placed her on. She tries her best in staying clear of him, especially after that devastating rejection. Now, her brother Jason is getting married, and Colt, is the best-man. And Milo? She's the last minute date. This was the moment she was waiting for: either to stake her claim or give up on her life-long pinning over the guy who can't seem to decide what he really wants. Now, there's Max: adorable, trouble-making, super funny, and great-kisser Max who might be carrying a torch of his own who came to save her or to cause more trouble. He was determined to help her to make Colt see what he's been missing. But when Colt realizes what they have been up to, he has some revenge of his own. ""I am not your sexless friend. I'm not your damn brother. I'm not your gay friend. And I sure as hell not am not thinking about anything right now except that your hands feel really good against my skin. So I'm going to kiss you, and you're going to respond like the idea of my mouth on yours doesn't make you want to cry - and you'll like it."" ~ MAX It was a wild crazy ride - one lie on top of the other, over-the-top acting skills, unexpected trip to jail, a weekend wedding to a bridezilla, and an instant fiance: it will keep you hooked in the pages. ""I'd rather fight with you, bicker with you, every damn day of my life than having nothing at all. I'm selfish enough to want any piece of you - even if it's the bad, the ugly, the ridiculous. So even if you hated me, I'd still die a happy man - because I'd still be on your mind."" Colton can be irritating at times. I love the fact that this one is in alternating POV, you will understand and you will know what is running on his mind. He's hot, and then cold. He'd come after her, then reject her. arghh. As for Jason - his revelation was a big surprise. I was one of my favorite scenes. ""I don't deserve her."" I cleared my throat. ""But I want her anyways."" I can't help but reiterate how funny this book is, but it can be endearing and sweet (yes, it has those moments), and those are rare but they can be heartwarming. The other thing about moments that are given to us? They're limited. We don't get an endless amount. If you miss them, they're gone. Time machines don't exist; you can't go back and fix what's been broken. Rachel Van Dyken made my night. Contrary to my expectations of heartbreaking drama, The Consequences of Loving Colton is one big laugh-trip. Fall in love continuously. Not just with one boy - but with at least three! To say I love it would be an understatement since I can't stop shaking my head and laughing in every page as the story unfolds. This book is different from the rest of my reads these past few days and is really refreshing especially coming from one of my favorite authors. Love shouldn't be something you jump into because it's the right time in your life or because your friends are all married. It should be something that happens naturally, and in the end it turns into the supernatural because suddenly, you can't imagine waking up every day without that other half. You no longer want to be an individual but a team. Review originally posted on my blog Buy THE CONSEQUENCES OF LOVING COLTON on AMAZON Follow me on: Twitter | Facebook | tsu | Instagram *Complimentary Copy was given in exchange for an honest review.* More of my reviews at http://reviewsofabookmaniac.blogspot.com",analysis,,yes,5,2
f8a6a97ecab5c60f6fb06b930cc29624,Good enough sandford. THe machoism got to me some in this one - and a bit more extreme (in opinion and presentation) than like. Plus unsatisfying ending. but still a lucas page turner and good read,analysis,,yes,3,0
062135c1cbacee57bf20de2403b7674a,"Masursky Book Club selection for October 2017. I liked this book but didn't love it. It seems to have an awful lot of parallels to Clan of the Cave Bear - I don't know if the author just used the same research sources as Jean Auel, or maybe it was supposed to be an homage. Also, the ending is strangely abrupt and you never actually find out the answer to the central mystery, which seems an odd choice for the author to make.",analysis,,yes,2,1
3cd36eeb6c06c9a597fe7ee2eeb8044c,What a great sequel! Check out my review: http://whatswhatinwritingandreading.w... and http://thebeautyofwordswritingblog.bl...,impression,,yes,5,0
425e6963c98f269163f4ca1bb76ec153,"I loved Butch and V, together and separately, but I was not a big fan of Melissa, though she came around in the end.",impression,names characters liked/disliked but makes no claim about the book -> impression,yes,4,1
7fed9d3fbc225972588e7287b3367e65,"This is a big ass book! 1100+ pages. But I loved it. Read straight through without putting it down. Its written in a baroque style, which Im a fan of. Theres tons of details, lots of extraneous things happen in it, rife with knowledge, and Stephenson knows how to put in a good cliff-hanger per chapter. Any author who can keep a readers attention for 1100 pages knows what he's doing. Many authors cannot do this. Ive read a 200 page novel that took forever to get through cuz the author blows monkey chunks when it comes to keeping the reader interested by telling an interesting story with interesting characters. I recommend this (if you have the time, if not make it) and I will read more of Stephenson's novels. PS: this has nothing to do with HP Lovecraft.",analysis,,yes,4,0
0f46eeb235693f13839e2012eecdd7b1,"Mr. Mercurial is a delight as ever, and I like Ana despite her being a different interpretation of Bella. I don't entirely hate Ana, although she does intensely annoy me a few times. All in all, I thought it was an entertaining story. There is only so much kinky fuckery that can be put down in black and white before you find yourself thinking, ""But they did that already.""",analysis,,yes,4,0
58c15295ec07bbcad1e000bd805d99d8,"This book wasn't as interesting as I thought it would be. I was really impressed by Stanley's use of local names and languages, he says Kiswahili instead of Swahili as this is the true name of the language. He details what is really difficult for people to travel and explore the continent of Africa. It contains so much wildlife including insects and I am thinking microbes that it is a very difficult place for people to survive. In fact in the areas covered with jungle, there were very few inhabitants. Other areas seems to be heavily controlled by Arabs and many Africans are slaves in their own land. Still Stanley documents his travel by listing the vegetation and animals he sees. Zanzibar is the starting point and he finds the culture mostly controlled by Arabs and is very wealthy. The jungle was full of insects that spread disease that made the entire party sick and some die. A lack of true understanding of how to travel in the area caused Stanley to bring horses and donkeys for the trip. The horses died shortly after entering the jungle, the donkeys made the trip but were very distressed and some died. A pet dog died of parasites. Reaching the plains or Savannahs, Stanley found a lush land of people and animals with an abundance of food. He really was fond of the place but had trouble with some fighting between the local peoples and the Arabs who had more wealth, food and domestic animals than the native peoples. Finally Stanley reached Ujiji, a village now in Tanzania where he met Livingstone. Livingstone was impressed that Stanley had found him and would write about him in the New York Herald, the newspaper Stanley wrote for. He was however, unwilling to come back with him. He still was trying locate the mouths of the many rivers in the area which emptied into Lake Tanganyika. Stanley reflected with amazement that Livingstone would stay. LIvingstone truly loved living with the people of Africa and the continent itself. He felt at home there. There are some remarks which people would find racist nowadays and observations on the superiority of the white race, but not as many as I thought there might be. In all, Stanley seems to have interacted well with the people, learned the languages and interacted with the people and the cultures he found.",analysis,,yes,3,0
7dd37b0d3f66ea3b61680751deb42c85,"Book Giveaway & Review: We're excited to be a stop on the virtual book tour today for Darkroom by award-winning author Joshua Graham, and to host a giveaway for this heart-stopping thriller. One of the things that drew me to this novel is its connection to the Vietnam War, something I haven't read much about. I don't know if that's because I just haven't run across novels that talk about Vietnam or if it's because that war is still too much of a sore spot to write about. No matter the reason, I was glad to find this one. Do you like a non-stop thriller that interweaves the not so distant past with the present? One lucky reader is going to win a finished copy of Darkroom! Read the rest of my review & enter to win at http://popcornreads.com/?p=4035.",logbook,,yes,4,0
a76a5d8a8e57a751f541c73f4d4493f2,"McKillip novels work, or don't work, for me based mostly on the strength of the characterisation. Her prose is lovely, her plots follow a very satisfying fantasy logic; these things are a given. I find that they need to be animated by compelling characters and relationships, though, or it's all just gossamer. In The Forests of Serre ... didn't work for me. I thought it was a beautiful, twisty sort of fairytale story with a capricious narrative (that's a good thing). I loved the way McKillip used magic to literalise the metaphor of ""the heart:"" giving away one's heart, trading it, measuring its worth. But I kept waiting to fall in love with the characters, or at least feel something for them, and I couldn't. They wouldn't quite come into focus; I couldn't get a read on what kind of a person Prince Ronan was, or the wizard Gyre's motivations, and so I didn't ultimately care about the love triangle with Sidonie. I did enjoy the storyline in which Euan (a scribe) records the ailing wizard Unciel's knowledge and adventures; I found it well-paced, and I liked how McKillip developed their relationship. And I LOVED the scene near the end where Sidonie was basically like, ""Boys, stop trying to rescue me, I'm rescuing YOU, I've got it under control and you're FUCKING UP MY PLANS"" -- I've wanted to see that in a fantasy book for a really, really long time. On the whole: lovely and a bit disappointing. It's worth reading, but I'd recommend Ombria in Shadow for better-drawn characters.",analysis,,yes,3,1
72d460b9cf05bd034fefb0e9327eb9e7,"I was not impressed by this book. I believe now more than ever that Sparks follows a formula. Girl meets boy, befriends boy, problems issue....what do we do now??... book ends in some ridiculous manner. This will be my last Sparks book. Unto better things.",analysis,,yes,1,0
7d2d487d7c0ce00a4178223f2351dc3f,"In a well-ordered universe, everyone would read this book. One of the most realistic portrayals of a terribly shy person I've ever read. I should know. I felt like I was reading about myself XP I loves the addition of the playlists. Especially Frank's. Frank has really great taste in music.",analysis,,yes,5,0
1e0ef8e2dbef3066eeb5a22501e1cf68,Fantastic book. A story within a story.,analysis,39 chars; 'a story within a story' is a structural claim -> analysis,yes,5,0
e1f0ceed41899aacdf9db42f265ff951,"Ultimately I found this book disappointing, took it on holiday as I thought it would make a good travel read but ... yes there were a few laughs along the way ... however, too many times I found myself wincing at something he had said that was just plain insulting. He makes too many generalisations, moves from town to town very quickly with barely enough time to stay a night in a motel. I imagine Bill Bryson was not very welcome in small-town america after he wrote this!",analysis,,yes,2,0
9224dbd948dc9931d67727b201faa30e,"*sigh* Raphael!!!!! ....I Love my Cyn and Rapheal fix! Description: Power, it comes down to this... those who have it, those who want it. Revenge, the need for it is a fire in the soul, a goad for the unwise. Hunted, the fate of the foolish when they think to become the hunter. The Lord of the Midwest is dead, and the powerful vampires of North America are gathering to choose his successor. The Vampire Council will be there to oversee the competition and to keep the violence to a bloody minimum, including Raphael, who will do whatever it takes to ensure the victor is a vampire he can trust. But someone is determined to stop Raphael and his mate, Cyn, from ever reaching Chicago, a hunter who may soon become... the hunted Note: As a reviewer I don't give stories under 100 pages a 5 star review. I believe you can't build a world, create fully rounded characters and move a plot in that few words. My Thoughts: I am a huge fan of Vampires in America series and I love that DB Reynolds does these novellas to give us rabid fans a dose of our favorite characters. In this case the novella is an important vehicle to move our story line right into the next novel Aden. I actually feel sorry for the fans who haven't read this novella going into Aden as it does set the stage for the upcoming battle. I really can't say anything bad about this novella DBR knows her stuff and knows what the fans are looking for...and she gave it to us in full. Great novella action packed and introduced us to a new character and also tied up some of the loose ends from Lucas. LOVED IT!!! For VIA Fans you HAVE to read this before Aden comes out!!! 4 bright shiny stars for Hunted!",analysis,,yes,4,0
9d9c6279c00276b2e890e42fca67f194,"While a bit older and some of the items are a bit dated, this book probably shifted my views about customer service and marketing even further towards Seth's view of the world.",impression,,yes,4,0
2717467f58d381a64fb47c1824e63308,"A young adult novel. Another dystopia, this one caused by climate change. Doesn't translate well for adults.",analysis,,yes,2,0
583985a56c54f65e45b62d65e8d3a306,"Warning you, this review has spoilers. Okay. After skimming the summary of this book, I knew that I had to read it. I love historical fiction, and for some reason I'm fascinated with books about real tragedies. I'd heard about the Triangle Shirtwaist Factory's fire before, and I definitely wanted to learn more about it, so I thought that this book would be perfect for me, and it was!!! The story centers around Bella - an Italian immigrant who just needs to earn money and so takes a job at the shirtwaist factory, Yetta - another worker at the Triangle factory, who is striking for better conditions, and Jane - a girl who is rich in one perspective and penniless in another. The book begins with Mrs. Livingston and Harriet, and the whole rest of the book is kind of like a retelling, or a flashback. It's revealed at the very beginning that only one of the girls - Mrs. Livingston - survives, and that mystery kind of vaguely hung over me throughout the whole book, then became more intense as we reached the climax. But that's getting ahead of myself. Anyway, after the prologue the story starts with Bella going to her new job, and dealing with a lot of difficulties, including Mr. Carlotti and Mrs. Luciano. Yetta and Rahel are getting ready for a strike. Jane meets Eleanor Kensington, who introduces her to the working class. After a while, the three girls meet. They go through a lot, like hearing that they've been cheated after their family died, having their sister move away, and running away from home. They continually strike and protest against the unfairness of the factories. Eventually, they end up living together in a small apartment room, trying to make the most of life. Then one day a tiny flame grows into a roaring fire, killing so many people - including Yetta and Jane. The last chapter is back on Mrs. Livingston and Harriet, discussing the disaster and what they'd do now. I loved everything about this book. The rising action was always interesting, and when I got to the climax there were literally chills going through me. I was reading about the frantic, desperate stampede as workers tried to escape while I was eating lunch, and right after lunch it was funny how my grade was doing almost the same thing. Anyway, the ending was so SAD! Why did Yetta and Jacob and Jane have to die? Why did ANYONE have to die? The saddest part ever was reading about Yetta and Jane's final moments, when they knew that they weren't going to survive, and their lives flashed through their minds. *misty-eyed* At least Bella survived, and I was really happy at the end when it revealed that she ended up marrying Rocco. That little boy was always so sweet. And I also loved how she and Rahel named their daughters Yetta, and how she named her other one Jane. This book is, to me, thrilling and unforgettable.",analysis,,yes,5,1
30a19c6986d37a1137de67b2d37c3157,"I loved this book. I picked it up and couldn't put it down until I knew what happened. Read it literally a day. The characters were well written and the plot flowed so well that you had to continue reading it, it was addictive. The story line was interesting and not something I have read before. The characters all made me feel something and I loved the relationships between Rose, Lissa and Dimitri. Cannot wait to read the second instalment.",impression,"'well written','plot flowed' are unsupported craft adjectives -> impression",yes,5,0
cc6b99797a19ea414617991cb58defcb,"First of all, I had no idea how ""messed up"" this book was. Why did no one ever tell me that? Second of all, this was very difficult to get through the first section/chapter (whatever you want to call it). I had a difficult time following it mainly because the story is told from the five year old's perspective and we all know kids don't have the best grammar or vocabulary. However once I got past the first 50 pages I found it difficult to put down. I do recommend it, but I caution you for knowing this is a tough (aka emotional) book.",analysis,,yes,4,0
83cc1f64c20ca78cbbf342cbf7573cf4,"It is so much better when you hear it read by the author with the internet open to help you interpret. Once I understood more of the references, I liked it much better. It is more sarcastic and humorous than it sounds when read alone.",analysis,much of it is about the audio format; 'more sarcastic than it sounds read alone' is a claim about the text,yes,3,0
e51e6b6f769e0676659def4e119655ee,"Had Station Eleven been written in a chronologically organized way, it would have been a nice addition to the growing field of post-apocalyptic fiction. But Mandel instead takes readers through life before ""the collapse,"" as well as during and after that seminal event, using a technique that reminded me of a disorganized but dazzling pile of photographs. Readers follow the fates of a handful of people introduced in the first chapter of the book, which occurs in a theater just before the collapse. What really makes this book sparkle is the organization - like flashes going off in the darkest of night, the vignettes in the book provide startling vision into the lives of the characters who managed to survive the collapse, and as the pictures pile up around us, the readers, we see terror, beauty, love, desperation, and insanity. Especially gorgeous was the way in which Mandel manages to tie the life and aspirations of the theater back to the stories at large in a myriad of ways, and strives to convince us that ""Survival is insufficient."" Recommended for post-apocalyptic buffs, anyone who loves the theater, fans of delicate and thoughtful character development, and people in the mood to ruminate (at least a little). Four and a half stars because I didn't find the whole collapse all that plausible.",analysis,,yes,4,0
ba933e6037d051c402e754198282f583,Dark... Vengeful... I don't think I can wait much longer for the next book...want to know what's going to happen now.,impression,,yes,4,1
7a76079f6bffb31a3587a83429f22f64,"**This review is from my blog on August 1, 2011** Keller is an author that I've heard nothing but good things about, but also one that I'd never really gotten around to reading. I went in with a bit of a critical (in a good way) view, wanting to see if he lived up to the reputation that he'd picked up in my subconscious as some sort of 21st Century C.S. Lewis. In ""The Prodigal God,"" Keller more than lived up to his reputation: his communication was clear, authoritative, Biblical, and-more than anything else-convicting. As he took Jesus' familiar parable about the Prodigal Son and explained it in a way that gave equal importance to EVERY character in the story (not just the wayward son), I found myself challenged and humbled. One of his main points that contributed to this conviction was the assertion that, while the younger son was lost in his worldliness, the older son was just as lost in his own self-righteousness. I had never quite considered it this way, but, as Keller explains: What must we do, then, to be saved? To find God we must repent of the things we have done wrong, but...to truly become Christians we must also repent of the reasons we ever did anything right. Pharisees only repent of their sins, but Christians repent for the very roots of their righteousness, too. We must learn how to repent of the sin UNDER all our other sins AND under all our righteousness--the sin of seeking to be our own Savior and Lord. Our own attempts at righteousness, when they become a substitute for Christ's grace, can be just as much a sin as the vices that we can so easily and obviously identify as sins. They are not always as easy to identify as such, though. Thanks to Mr. Keller, I now am awakened a bit to the need to watch for them more closely. I would highly recommend this book to anyone, no matter (or maybe especially because of) how familiar they think they are with the parable Keller addresses.",analysis,,yes,4,0
68ef17f1ece4c99444a372d351bdcc3b,"Sigh...I've done it again. Gone and started an insanely long fantasy series that has no end in sight. And this was a long one, with the second book being even longer. That being said, I enjoyed it enough to want to continue on. It dragged a bit in the middle, but it IS fantasy, so that's to be expected. World building and blah blah blah. Hopefully, Sanderson won't take as long as Martin or Jordan to release his series, and he's still a young guy, so MAYBE it'll be finished within my lifetime. Maybe...",analysis,bulk is logbook (starting another endless series); 'dragged a bit in the middle' triggers step 1,yes,4,0
d708016ea9802ed1483256b4b2e70cbb,As a Soviet history fanatic I really enjoyed reading this dark humor book. It really goes into the emotions and actions behind the feeling of the figures involved.,impression,,yes,5,0
599a539d7443eb6314950524d0549496,"When I first read the story, I thought if it had been written about a woman, self-sacrificing her whole life, putting others before herself it wouldn't have been written. Women were supposed to be self-sacrificing. Literature is full of them. In fact, women, as main characters with a strong sense of self worth, were usually the main characters just because of that trait. Most women in literature were in ""supporting roles."" What we have here, I think, is a story about a very introverted young man with absolutely no self-esteem being mistreated and misunderstood his whole life. The thing that is novel about George is that he didn't become a twisted, evil tutor and minister. He was actually a very nice person who was beloved by the countless young men he tutored and very much loved by Adelina and Mr. Granville. At first, I was a little upset about this story. It seemed to me to have a horrible ending with poor George being not only left off Santa Claus' list but God's list as well. Then I started writing my thoughts and I realized that he probably was much happier than I thought. Of course, he still had to go and find another situation which, in his life, would probably have been tainted by Lady Fareway's vituperation and made exceedingly difficult, but since Dickens didn't go there, I prefer to believe that one of those young men he tutored would have found out about his situation and given him a nice little parish with about 100 sweet gentle people. He could live out his life there and Mr. & Mrs. Granville would bring all their little kiddies to visit regularly and his old students would call on him from time to time.",analysis,,yes,4,0
f16409ffed8af557870a5968c78ddcaf,I effing love the Mayson's!,impression,,yes,5,0
132997b6cadb8b5297a41cfc71d084e4,The Wallander novel that I've most enjoyed - was this because I came to the same conclusion as Wallander about the spy issue? I empathise with his worries and fears about approaching old age. I found the observation of family relationships interesting and enjoyed the references to previous novels in this series. I tried to take my time reading this and not to rush through it as I've done with previous books in the series. I feel sure this will bear rereading. Laurie Thompson's English translation rings true for me.,analysis,,yes,5,0
6af6ea4b84e59c7e2b7436b9dcdb8bdb,this has to be the best books i have read in a while. it kept me hooked the whole way through. i loved the way the book together it really was amazing. u really got to know each person in this book very well. i have to say it really kept u wanting more.,impression,,yes,5,0
ba7efa3fde4aa9dcdd8dc25f9f22625b,"if you wanna know about mexican food, this novel culd be your reference and not only that, d whole story was terrific, curious till the end of page",impression,'if you wanna know about mexican food' reads as an audience tag -> impression,yes,5,0
d4f2f6c8db8b58d0059c2e52adb17846,"I think this is my favorite book in the series so far. Nice action, advancement of the story, and returns to where the end of book 5 left off.",analysis,,yes,5,0
873831bc89f62d4070ac959c10e64404,"I loved the premise of this book and the depth of the tale continued to grow deeper and deeper as I read on. The 1,000 years of war, the teeth and their meaning, even the wishbone, all played their part. Laini Taylor does a fantastic job building the mythology of her characters and their world with some great, dramatic phrases within. I did, however, feel that the pacing dragged a touch and the book reads as backstory to a second book, rather than as a stand alone novel with more to come in a second book. Fans of the book, will no doubt read more.",analysis,,yes,3,0
64fd58be99532b646a61d18dcbb17bcc,I can't. This book just. I'm done.,impression,,yes,4,0
7c8b787d58ccf80f8abd75a2db073e60,"You can't rate a story like this. The writing on the other hand - it was dull at times, but it kept you interested until half way. After that it went downhill.",analysis,,yes,3,0
97d4357f8ed29de37e456eac96efd852,I enjoyed this book although it was creeper than the first. I think there was a lot of growth of the characters. It was very slow plotwise.,analysis,,yes,4,0
b7d58928a975b5df2b524d3fef1c5d81,"This book was like Mistborn (all your usual Allomancy/Feruchemy) + Scooby Doo (a little humor added by Wayne) + Sherlock Holmes (sleuthness courtesy of Wax). Definitely different from the o.g. Mistborn trilogy but a great beginning to a new Mistborn era. I always fill so fulfilled when I finish a book by Brandon Sanderson. His plots are so well developed and his characters are so well thought out - their personalities and nuances pop off the page and make them so real. I kind of love/hate him... I love love love his writing. But I hate how he's so good that nothing compares. For example... I'm reading through the Harry Potter series right now, and I think I can't completely enjoy it because I'm forever ruined on fantasy. Nothing is as good... sorry J.K. Confession: I think I might even like Sanderson better than Tolkien. shhhh... I've got it bad.",analysis,,yes,5,1
b3d8bc95f43ba254a06d715b2e0ea62c,"Typically I like culturally diverse perspectives and internationally relevant books, and the ways this booked opened modern Chinese history, and perspectives on humanity, that's worth several stars. Speculative science fiction is a generous label, and it was creative enough on some ways to qualify as fantasy, it is not hard science frictions. As the impossibilities mounted, I couldn't enjoy it. The pace is fine, but I didn't connect with or feel anything for any of the characters or dialog. I really wanted to like this book more.",analysis,,yes,3,1
4f65cdf0cbc10bf6bf003e690e3d3d3b,I read this one over and over again. Definitely her best work.,impression,,yes,5,0
89f706f2285c4d8e5ea2d4bb0b9b6719,"I got hooked into this real fast! And once Lisbeth came along, wow I was speechless! Can we please have more badass female characters like these, pretty please with cherries on top? Although less heartbreaking backgrounds would be much appreciated. I binge read the trilogy for you, my heroine!",impression,,yes,5,0
aef7d411c28ddbf16b311d47b64ade7a,"J. Winspear has a way of making you feel that you are in the time period she is writing about. I have enjoyed all the books, my only comment would be that Maisie seems to be taking a long time to move forward - in the book Billy and her father seem to move foward - I guess I would like to see her seem to enjoy life a little more! Very interesting concept in the book, and I always enjoy the different dimensions and views the author brings out in the books.",analysis,,yes,4,0
ed330551fe0fecb8cf996a90eb2f4e24,Some wasted potential here. Or maybe I just wasn't in the mood.,impression,,yes,2,0
aa59e0b2b0267df9e356f69a2329d455,"I love this man. I mean what's not to love about a guy who posed the question: ""Should a Christian drive a BMW?"" And then had all his books taken off the Christian bookstore bookshelves. hehehe. I have seen him in person in Pennsylvania, and he is the genuine article: a prophet of our time, a sociologist, and a ""Red Letter Christian"" as he calls himself. He is over 70 now and hasn't slowed down yet. I can't wait to read his next book that I'll be getting any day on the mystic tradition as I've been implementing centered prayer and other stuff in my life for about a year now.",logbook,,yes,4,0
b3b1d5283a7fbb5e69aa83a74fdea30c,Peace engulfs one while reading this book,impression,,yes,5,0
4f21d60147136e3279f6b0ef2adbde9b,"I absolutely loved this book. The glimpse into her personal life, the short anecdotes, her ups and downs of success; Poehler gave such a raw and real book that showed every little piece of her.",analysis,,yes,0,0
2021d4db239bd93cdf26eeecb5421df9,Listen to the audio book.,impression,,yes,5,0
3475354f02dc9d567796b6fefddd28d1,"When Alan Banks goes home to visit his parents he discovers that a neighbor has stepped in always ready to run errands or whatever task needs doing. However, is Geoff Salisbury really the kind person who is just there to help his elderly neighbors or is there an ulterior motive behind his kindness? This is something Banks intends to investigate much to the horror of his mother. A very timely story since there seem to be many instances of individuals taking advantage of the elderly. This is just one of the interesting stories in The Price of Love. You never know who you will run into when walking the dog as Peter Robinson points out in his story of love and betrayal. The Ferryman's Beautiful Daughter tells the tale of a young woman, hippies arriving in town, and a death that goes unpunished. The Price of Love tells many stories and the novella is another Inspector Banks that his fans will enjoy. This is a great book to carry with you when you just have a few minutes to read but every story is gripping and introduces a cast of wonderful characters.",analysis,,yes,5,0
9563e2cf03f9c3193820e7c2deedb544,"I received this book from the author in return for a fair and honest review. Take one commitment-phobe vampire and one part-human part-fae who have been dancing around each other for two years. What you get is a short story filled with passion and history. There is no insta-love with this story, instead it's been building between them for two years before either of them realise what it is. Of course, it takes the presence of very real danger to both of them to make them realise but this just gives the story some action. A quick read, full of steam. Definitely recommended. Merissa Archaeolibrarian - I Dig Good Books!",analysis,,yes,4,1
68932b5f309f8456426875823b626f1a,"It's a basic book recommendation book, but with some really well thought out and original thoughts and insights.",impression,,yes,5,0
85403d84baad281b923c14e9654e61bc,"I really wanted to love this series as much as her Taylor Jackson series. But I had a hard time getting into the story. This series focuses around Taylor's best friend Sam. Sam is the chief medical examiner for Nashville. As the story gets underway, we learn that two years earlier, Sam lost her husband and twins in a flash flood. Sam is still grieving, and not handling her loss well. When she gets a call to go to Washington D.C. at the request of an old boyfriend's mother, she sees it as a way to escape for awhile. Eddie Donovan was her college sweetie. They loved each other, but Donovan broke it off with Sam when he joined the Army. He was going to be a Ranger. Now, fifteen years later, Donovan was killed in a car jacking. His mother has asked Sam to perform a second autopsy. She just knows something else is going on. When she arrives, she meets Donovan's wife and children. She doesn't realize how much it hurts that he's moved on and how happy he was with his life. The second autopsy does show something that was missed the first time. It prompts the detectives working the case to take another look. Then a second man is killed, and its learned he was in the same squad as Donovan. Now they have two dead men who are linked by their jobs and their service together. Sam does a lot of healing in helping Donovan's wife and mother deal with their own loss. But she doesn't really start to feel better until she meets Xander, another Ranger who served with Donovan. This story really dragged for me. There was a lot of internal dialog from Sam trying to deal with her own issues. Then throw in some detecting, then back to Sam's issues. It picked up in the last five or so chapters when they started closing in on the killer. But up to that point, it was so slow. I found it hard to pick it back up when I had to stop reading. I hope the next book is as exciting as the other series. This one was just so-so for me.",analysis,,yes,3,3
7934afb6423a78092dc747b7050ca5fe,This book is good and tells a great story and also tells it from a viewpoint of someone who is not as popular.,analysis,"'viewpoint of someone who is not as popular' is a POV claim, very thin",yes,4,0
4c9fd56a76702fbd18fb0b01b5e36f94,"This book answered my search for ways to put perspectives in context, largely through memes, archetypes, metaphors (dead or alive) & belief systems. It explains how the humankind went from egocentric consciousness (don't tell me what to do) to tribal consciousness (don't tell my group how to behave) to care, love, patience and gratitude for all living things unknown and known, even if some of your own kind despite you. The philosophy of Ken Wilber is written across a large collection of published works, so this book can be a starting point for anyone who want to understand what it means to be integral.",analysis,,yes,5,0
fb76e7262d3be57b66cd4e11a9fdefbb,"This was a nice graphic novel about Nelson, who is facing challenges in school. I like how his parents helped him but kept him focused on goals. The sidebars from famous people with ADHD were a good addition.",analysis,,yes,5,0
32a803f58fe0a258f54e56acdc708e52,"in some ways better as the book, more realistic julie parts. the movie, better julia parts. nice writing overall",analysis,,yes,5,0
26a2933db5efd26be192799302bf83da,"4 stars I would have given this book five stars if it wasn't a cliffhanger. It has a great story and it keeps you involved in the book all the way through the book. It wasn't about sex, its about love, forgiveness, and independence. This book is a coming of age book, that will take your breath away. I would liked to hear carters POV. I think the book would have been better getting more background on carter. Emerald is damaged. Her mother was an alcoholic, committed suicide and left her with nothing. Being uprooted to live with her grandparents she has to learn to live again. The story progresses and well she finds carter in the process. There is so much going on that well you need to read and feel everything that is happening. This is a great read and recommend it. I'm actually going to go find out when I can purchase the next book in the series.",analysis,,yes,4,1
c1b7efa45c20e650d47de952c44295bc,"As I read Catching Jordan, I found myself thinking of the TV show Friday Night Lights - because, while they both seem to be largely about football, the real meat of them are the community and relationships that happen in addition to the football. So, basically, that means I loved Catching Jordan (not as much as I love Friday Night Lights but to be fair, it may be impossible to beat that love). Jordan is the quarterback for her high school team, and is the top quarterback in Tennessee despite being a girl. She dreams of going to Alabama to play for their college team, but starts to get distracted as she deals with Ty (a new hot boy that joins the team and is also a quarterback) and Henry, her long time best friend. The only thing that irritated me a tiny bit was that Jordan always assumed that colleges viewed her on the same playing field as the men they were recruiting - and assumed that any school that signed her would let her play as quarterback. I'm all for girl power, and loved reading about a girl being great in a mainly male sport, but I feel like she was a little too naive about how big of a deal it would be for a girl to be a starting quarterback at a division I school. I just asked my husband if he knows of any high school girl quarterbacks that had been recruited to a college team and he gave me a solid no - so while there may be an instance of this we are not aware of, it seems more realistic that a girl in Jordan's position may consider more of how big of a deal it would be and not just assume she'd be a starting quarterback. I apologize for that little rant :) It really didn't take much away from my positive experience with the book, so please don't let that deter you. Jordan's relationships with her dad and best friend and teammates are much more important and what I enjoyed reading about the most. The football topic may deter some readers, but there are only a few terms that are strictly football that may confuse someone not familiar with the topic. And the book isn't spent in the midst of football games - like I said, it really is more about Jordan's life with football as the main thread. Excellent contemporary - I was not disappointed. I have been looking forward to reading this one for months and am so glad I liked it so much :)",analysis,,yes,5,6
af25540844c4c7192300d4b67ebd53c5,"Read more of my reviews on my blog! As I've mentioned in previous reviews, I keep all of my favorite books in hardcover on a special bookshelf. This entire series will always hold a place on that shelf - I absolutely see myself pulling it off the shelf once every few years to re-read it. One of my favorite things about this series is that it was written from the perspectives of three characters I absolutely adored: Ceridwen, Mather and of course Meira. My review may contain minor spoilers in the form of quotes - I also discuss Meira's main love interest a bit. Meira: Angra wanted to break me. But he only made me unbreakable. Throughout this series, Meira has struggled with who she is. She is continually forced to reconcile who she is as a person with who she needs to be as the queen of Winter. In this third and final installment, Meira really comes into her own. I loved her time spent with Rares and Oana - not only did Meira receive the loving parental figures she had been searching for her whole life, she learned how to accept all aspects of herself. She finally became the Warrior Queen she strove to be. And this is only within the first QUARTER of the book. Frost Like Night was unbelievably action packed and the odds constantly seem stacked against Meira, but she is unflinching and unwavering in her knowledge that she can defeat Angra. She is an incredible character - confident, yet humble. She genuinely wants what is best for her people and those she loves. Even though she struggles with what she knows she needs to do to save the world, she pushes forward and never lets it break her. Mather: ""No matter what happens, I will never, not in a thousand tragic outcomes, ever regret loving you."" While I was a bit unsure about Mather in the first book of this series, I have really come to adore him as a secondary character and love interest. What stands out for me is that Sara Raasch didn't make Mather JUST a love interest. In the first two books in the series, it is clear that he and Meira have feelings for each other, but he has his own plot line. I enjoyed all of the characters in the Thaw and their dynamic as a group. They played a major role in this series and I was glad that Meira and Mather had them around as a support system. They were devoted to Mather even though he is was longer king - I honestly think that they helped him get over the loss of his title. Best of all, Mather and Meira's story was perfect - they loved each other but grew as people and fought their own demons before finally getting together. I don't love him as much as Rhys from ACOMAF, but I mean who can compete with Rhys, really? Ceridwen: I couldn't decide on a Ceridwen quote to accompany her portion of my review as she had so many great ones throughout the book. She was the perfect secondary character - she provided plenty of comedic relief in Frost Like Night and her love story was touching. I enjoyed reading her chapters - the final battle from her point of view really showed how strong Angra was and lent suspense to an already tense couple of chapters. Like Meira and Mather, she faced internal struggles of her own - guilt over her relationship with her father and lack of trust in her relationship with Jesse. I enjoyed seeing her work through all of these struggles throughout the book and really enjoyed her ending. My Takeaway: Frost Like Night was a fantastic end to a trilogy that I plan to re-read many times in the future. I will wait with bated breath for the next book Sara Raasch releases. I love how she connects her readers to every character by writing about the demons and doubts that plague many of us on a daily basis.",analysis,,yes,5,0
7b0f451c16130ecdce96a6e6a48141e2,"This is a 3.5-star book for me so I rounded it to 4. * * * Disclosure: I received this ARC via Netgalley. Thank you to Harlequin HQN and Alison DeLaine for the opportunity. Yes, this is an honest review. * * * Corsair Kate is a legend in the maritime world, who has taken numerous ships as prizes in her career as captain of the Possession. Now she is returning to England, prepared to defend and protect her heritage and her title as Countess of Dunscore from her conniving cousin and his accomplice, Nicholas Warre, Baron Taggart. En route to England, they find a man floating on a piece of debris, a survivor from some shipwreck and Katherine gives the orders to pull him in. What Katherine doesn't know is that it isn't just an ordinary man that she has saved, it is James Warre, Captain of Henry's Cross and the man responsible for sinking the Merry Sea that led to her capture by the Barbary pirates twelve years ago. But James knows who Katherine Kinloch is and decides to keep his identity a secret: fearing what dire measures the captain might take if she knew his true identity. But secrets never stay secret for very long, especially on a small ship with a small crew -- there is anger, which was expected but also a spark of attraction, which was unexpected. Katherine had never thought she would face the man responsible for her captivity -- but that is not the extent of her problems: the bigger problem waited for her in England and she must utilise all available resources if she is to keep her title, her lands and her heritage safe. Like the waters that both captains navigate, Katherine and James have two layers: the calm, confident, unruffled surfaces and, below that, the tormented, conflicted undercurrents that quietly drive their lives. That incident so many years ago left a festering wound in both our hero and heroine's psyche and they have tried valiantly to heal it. Katherine's skill and fame grew with each ship she captured. She is fearsome and undefeated with a cutlass but there remains a part of Katherine that doubts, questions and worries for herself, her daughter, Anne, and their future. I found her to be an irascible, stubborn character and twitched a bit when I read her encounters with Miss Bunsby, formerly of her cousin's employ and who is clearly just looking out for Anne's best interest. I was conflicted about Katherine when she arrived in England, especially how she turned a deaf ear to her daughter's complaints about the smell, and the feel of the city -- and I kept swinging from admiring her and hating her as she weathered through the treacherous waters of London society. Her cutlass defined Katherine and she clung to it like a security blanket -- I wish she had let go of it in the end to signify her growth and development but, I guess, it is an integral/essential part of her identity now. The first problem that faces Katherine is beyond her control but the second problem, concerning her marriage and her denial of her feelings for James was a bit frustrating. Couldn't she see how right they were for each other? Couldn't she see how well James cared for and loved Anne? Katherine and James are world-weary travellers and are eager for home, but, where is home? For Katherine, Dunscore was a lifetime ago but she has dreamed of a stable and safe place for her daughter and for herself. All James wants is to drink some cognac and read a book by his fireplace. He's had enough adventure to last him the rest of his life and he was more than happy to assume his role as Lord Croston. People celebrate him as a hero but James is especially haunted by the mistake he made and the unforgivable transgression he made against Katherine. Now he has a chance to make amends and I really love how determined and focused James is as he tries to quash the Bill of Pains and Penalties that his own brother has raised against Katherine. Of the two main characters, I thought James was more complex and more interesting: caught between family and duty, caught between desire and self-preservation, caught between the storm and the calm -- it is a situation that would break most men, but I thought James made very good decisions throughout the story. He is not only a gentleman 'til midnight (as the title suggests) but a gentleman through and through. What moves this story forward is the problem Katherine faces when she reaches England: she must defend her childhood home against a usurper -- but she cannot rely on blood or merit because of her gender. It is a painful realisation of how little power and say women had in the past -- but Katherine and her friends have defied convention and broken molds to become the women that they are. ""I am not on trial,"" she whispered sharply, pulling from his grasp. ""On the contrary,"" he said. ""Every word that falls from your lips will be entered as evidence in the court of society's opinion."" He gave her a look. ""As well as every chair and footstool you pitch into the street."" - loc 1709 I think this is Alison DeLaine's strongest point: she has created a group of amazingly strong women. I loved Phil, Millie, and India (and Honoria, when they finally meet her in England) and the reason why I would recommend this book to fellow romance readers. Throughout the story, DeLaine hints that exciting adventures that await India, Phil and Millie -- their personalities are well-defined and each one has a unique voice and story to tell. ""I am the daughter of an earl, and still a virgin, and my chaperone has been ever with me,"" she said. ""I am not ruined -- just well traveled."" - India, loc 230 Weighing the plusses and minuses of this book, this book tips towards the positive and I will definitely be reading the next instalment in the series. A Gentleman 'Til Midnight is the debut novel of Alison DeLaine and will be released on December 31. She previously published a novella together with Stephanie Laurens in the The Trouble with Virtue anthology.",analysis,,yes,4,1
d2198cdbeb7c4a03d0d9e91f8443f94e,"OMG GUYS THIS MIGHT BE MY NEW FAVORITE BOOK I'M SO IN LOVE WITH VICIOUS <3 <3 <3 I'm so obsessed with it it was so so SO GOOD! Where do I even begin??!!! OK. Basically Vicious got everything : anti hero + villain + science + twisted mindset + revenge + EOs + stabs + plot twists + emotional roller coaster ride. This book is a masterpiece--and I know I said it to every Schwab's book of ever but it really is. It's intriguing and it hooked me right from the very first chapter. I'm so in love with how simple yet complicated the plot actually is. In short, it's just Victor planning revenge for Eli, but the how and why are just so so so amazing! THE PLOT Have I mentioned how intriguing this book was??? Well, the plot is as genius as Schwab's other books, if not better because this story is just so stunning! I mean, Schwab successfully mixed science+fantasy+evil and it's like watching mad scientist only 100% better!!! I love science and I'm thoroughly pleased with its role in this book. Ehem, ok enough with flailing... for now :) the whole time I was reading this book, I was constantly on edge. There was a lot of twists and even better, I could almost predict them! Not because it's not surprising, but I was following the story really closely and paying attention to every details, that's why I could predict some pattern in the twist. And I'm more than pleased to see that my brain is smart enough for that. I love the fact that this book was very character-driven. Everything happened because the characters planned or chose to do so. Most of their actions were driven by these three emotions : ENVY, ANGER, and CURIOSITY (if that counts as emotion) and I love love love this kind of story! It's like Inside Out but a million times darker? It's fascinating to see how evil human could be :P which brings us to the next point. THE CHARACTERS The characters are really, really precious they're so complex and have rich back stories. There are so many dark emotions involved and it makes the characters become so much more interesting. Because obviously, we all have that side in ourselves and I'm glad Schwab brought it up in this story. Victor Vale, our main character, is one of the most interesting person of ever. He has a lot of sides, the dark and the light and everything. He's ambitious, driven, bold, calm, yet compassionate at the same time. He didn't hesitate before killing people but have you looked at how he took care of Sydney and (to some extent) Mitch? He's probably my newest crush <3 Eli is just twisted. He acts like this perfect boy next door, calm and nice and whatnot but deep down he has a very, very dark side that only some people could see, Victor included. My favorite part of Eli is his belief, he actually believes that God had ordered him to do everything he's done so far. He believes that he's blessed and better than everybody else. It's so refreshing to see a villain be a villain because he's like that, not because some tragic past forces him to do so. Mitch. I really like him, like him enough to freak when something bad happens to him (which is A LOT). He's like this tough and vulnerable guy whom people are afraid of on sight but love once they get to know him. Also he hacks which is amazing. Sydney is this 12 year old with a frightening ability. I never really enjoy a child in an adult book, but to my own surprise, I really like Sydney, her character development is just so good. Serena, on the other hand, possessed an even more frightening ability. She's as twisted as Eli but deep down she loves Sydney and it adds more complication to the story. I am so marveled by this entire crew of characters. Everyone is incredible and has distinct personality and their dynamic is so fabulous! There's no romance (unless you count Eli with Angie or Serena) and I don't even have a problem with that. I'm a notorious shipper, I ship people all the time, so the fact that I don't mind the absence of romance is saying a lot. THE WRITING The writing alternates between past and present and each character has their own POV, which is absolutely amazing because you could cover 10-years-worth of story without a single info dumping. Seriously, there are loads of information but it's not boring at all. I was totally immersed in it <3 the writing is also super neat and everything is crystal clear. I could imagine ALL the scenes and the details so vividly. That doesn't happen very often, which is another reason why I'm so pleased with this book. ALL IN ALL, Vicious is a fabulous book full of villainous characters and dark emotions and I can't get enough of it. I'm definitely planning a re-read soon :P This book might beat A Darker Shade of Magic as my favorite Schwab book <3 and OH! I think the ending was PERFECT so what is Vengeful about?? Either way, I'm excited and can't wait to read it! <3",analysis,,yes,5,4
95bd2a093a100c73295a8f23e88a1fb7,"Woods writes a loving book of not only the death of his mother from cancer, but a book celebration of her life through family memories and favorite places. Woods looks at 12 national parks, one which I didn't know at all and a couple only the name. I learned a lot, not only of the few of the lesser known, but also a different way of looking g at the parks, especially the urban ones. Woods also made me think of how people are or will be using the parks and what needs to be done in order to preserve them. Great read.",analysis,,yes,4,0
42928d196b111a53826d44d6478b17d6,Audible version is narrated by Finty Williams and she's spectacular. Really catches the voices and personalities of the different characters. I really enjoyed this new and plausible take on this genre. I'd definitely recommend this book if you're into dystopian stories. I am looking forward to the next M.R. Carey book!,impression,narrator praise is excluded by the edition/format carve-out; nothing else qualifies,yes,4,0
418b7f24a11e4f73e33075a8725d539e,"""...the drawstring of wrinkles around [her] mouth...."" ""...marriage was a form of insanity, love hovering permanently on the edge of aggravation Very, very well paced and written. Quite a storyteller!",analysis,"quotes two lines as illustration of the prose - treated as evidence, cf rows 253 and 259",yes,4,0
ed9f4f0a64b8c3c0ce9af73b8a3fbe02,"Although I obviously heard about Freakonomics years ago, I was formally introduced to the its podcast earlier this year, and I loved it. I read the book in a matter of hours (less than 5) and the girl who majored in sociology loved it.",logbook,,yes,5,0
4b4305075603752e2cbac84c2c822904,"3.5/5 stars. Combined review with ""The Third Kingdom"" to come!",logbook,,yes,4,0
be7b28e670b9c7190dc223142b9984d3,"FANGIRL MOMENT. Omygoddddddd, this cover is so frickin beautiful. The title is so awesome and the colors are just awesome!! So much awesomeness!! I don't want to wait until....whenever it comes out. I WANT IT!!!! GIVE ME IT NOW!!!",impression,,yes,5,1
6e23324766c6060e335328705fcae6d8,"I'll admit I didn't read all of the stories in this anthology, but the ones I read were humorous, well-written and fun, as expected.",impression,,yes,4,0
05a54ea4d4b18d29053c92c7e575554f,"I enjoyed this, but as my husband said, it's no Harry Potter. I will read the next one and probably the third, but I'm in no rush. Like everyone says, this book starts out slow. Slow and kind of bad, really. If it wasn't for everyone saying it was the best thing ever, I might not have ever gotten to the good part. And I wonder in places about the translation -- or maybe it is just the original writing; hard to know when I don't know Swedish -- but ""gallimaufry""? Really?",analysis,,yes,4,0
b656ad114a34a4623ceed19424d8f9ce,"I received this book free through a Goodreads First Reads giveaway. Managing Bubbie is an inspiring story of the challenges involved in growing up pre-WWII, a woman's journey to save her family during the war, and the tenacity it takes to survive. At first glance, I loved the cover with Bubbie's picture on it. It showed who she was and the words of her grandson, Russel, gave Bubbie a voice, telling her story beautifully right from the beginning. I could tell that she was (and is) well loved. Lea (Bubbie), she was just about as strong-willed, determined and stubborn as they come. She took charge in so many situations that could have gone wrong and had the grace to ask and accept any help she could because she knew she needed it if her and her family were to survive. And if the help wasn't offered, she took matters into her own hands out of necessity and, I'm assuming, pure survival instinct. Her dedication to her family, especially her children, ran deep, and was cause for many hard decisions. Other than Lea herself, Aunt Faygala stood out to me most in this book. She seemed to play one of the most integral roles in getting Lea off to a good start. She was the first in a long line of people to help Lea along the way. Reading through this book and the struggles to meet the most basic needs was a stark reminder of the truly important things in life. Basics like food, water, shelter; the things most people take for granted. Not only that, but I was reminded to appreciate family, near and far. Favourite Quotes ""I guess, no matter how bad it gets, they all still know that family is everything."" ""You don't ignore your studies just because the whole world is being blown to pieces."" - Lea, making sure her children studied Overall, I loved getting to know Lea and her family a little bit. I was excited to read this one as soon as I read the synopsis here on Goodreads, and eagerly awaited it's arrival. I read as much as I could, as often as I could until I was done. Russel Lazega has found such a beautiful way to honour Bubbie. I feel like she was so loved and left an impression on so many people. Thanks to this book, her stories will live forever, and the lives that she can touch are countless. I would recommend Managing Bubbie to anyone who likes to read a good memoir. I may just read this one again.",analysis,,yes,5,1
30b8e3853986ab858fab89e0acb7d59a,"Inspirational, lovely read for aspiring entrepreneurs",impression,,yes,5,0
32ffb6abc924c3e6f6e42d3bf503ce3e,"I am not a religious person, nor am I Christian, but that did not prevent me from enjoying this novel. Beginning with the final days of Cain and moving back in time to Adam and Eve's banishment from the Garden, this book portrays the dusty old Bible stories in a brand new light. Breathing life into these well-known characters in a way no Bible story ever could, Maine reminds us that few people are truly evil and that we all have the potential to commit terrible acts. The names in this book are all familiar - Adam, Eve, Cain, Abel, God - but their personalities are far more fleshed out and sympathetic than those portrayed in Genesis, and I was left with many more questions than I began with. Was Adam and Eve's crime truly so great as to deserve permanent banishment? How long should a man be punished for the sins of his youth? And just how just is the Christian God really? Whether you are Christian or not, this is an extremely well-written and entertaining read that you will be unable to put down and I will be recommending it to everybody I come across.",analysis,,yes,5,0
4a5ae511d7ecd960fc91aba13fab45eb,"""There are no brakes in freefall."" Best line in DARE ME by Eric Devine. Ben, the main character, and his friends are pranksters and adreniline junkies. They start their senior year at school doing a dangerous stunt and a plan to do 10 dares. Only an anonymous person gets involved, calls the shots, and everything escalates out of control. There's also a realistic romance (not sappy at all like Romances) and one sex scene, but with purpose, not gratutious. The foul words in dialogue was authentic for teen boys, although I felt the adults wouldn't have used the exact same vulgar words as the teens. DARE ME will especially appeal to boys. I felt boys could relate to the actions and motives and ambivilance of the characters. [Note: I read and write books with male protagonists, but I had trouble understanding and couldn't identify with Ben and John and knew it was because I am a woman. However, I taught high school and did know adolescent boys like this, so I believe the author is writing authentic characters, even if the mother and teacher in me was afraid these boys were going to ruin their lives and futures.] The ending rang true in that the characters all suffered consequences to their actions. One thing I loved throughout the book was how the main character understood Issac Newton's laws and how they applied to his decisions and the outcome of those actions. I also loved his sister and their relationship and found that to be very realistic. I loved his whole intact family and how they interacted. The pizza place and job was very accurate. (My son had worked at a pizza place in high school.) I bought DARE ME at a bookstore and often give away books to libraries. However, I plan to keep DARE ME on the shelf for a couple of boys in my family for when they reach 14. I'd rather they read about Ben's exploits and hopefully it will be a cautionary tale.",analysis,,yes,4,0
020180ce540c2fcdb9b2a8c4399bfe11,"My Thoughts: This was a very fast read for me and I liked it. We are introduced to Carly who lives with older brother. Her mom and dad are in Mexico and the two siblings are saving up money to smuggle them over the border. Carly works and keeps to herself. Until one day when she gets thrown in Arden's world. I loved how this happened. I didn't love the ""exact"" way but I liked how he was drawn to her like he never has been to anyone before. They start talking and Carly wants nothing to do with him but after what Arden saw in Carly he knows he has to be her friend. I really liked this one. Some parts were sad and I wanted things to be different but I really enjoyed reading about Carly's life. Her life wasn't perfect but she truly did love her family and wanted to do the right thing. I also liked Arden. He wasn't what everyone expected him to be. There was a lot more depth to him. I loved Arden's uncle. What a character! He made the book more delightful for me just by reading about him! This was an enjoyable read! Overall: This was a real fast read and I blew my way right through it. It helped that I really liked the plot and the story line! From the title I thought maybe this was a road trip book but it wasn't. I didn't know what to expect when I started it, but I really liked this contemp of Anna Banks! Cover: Love it! Its sweet and cute! What I'd Give It: 4/5 Cupcakes ____________ Taken From Princess Bookie www.princessbookie.com",analysis,,yes,4,2
18726003430600b0eff33c8c39d94637,"4 STARS a nice continuation of the roller coaster ride of JUDE and LUCY .. This book was slow in pace but its worth a read if you liked Crash. Looking forward to read ""CRUSH"" now :)",analysis,,yes,4,0
2ae58c246027eeb42d98e26ce14c3604,"I really enjoyed learning more about Ireland's history -- specifically, the tension between Catholics and Protestants -- through this novel. Bodie and Brock Thoene have a wonderful talent for painting vivid characters that help bring a story to life. However, Only the River Runs Free has a strong emphasis on politics, and I found it a bit boring in places. Although I enjoyed it overall, I might stick with the Thoenes' biblical fiction in the future (The A.D. Chronicles is amazing).",analysis,,yes,3,1
d59135932f21f904d7551cc8e49ba54b,A wonderful 2012 B.R.A.G.Medallion Honoree!,impression,award mention; lands on a verdict about the book -> impression,yes,5,0
8b0f2916e21a93078744fd72be9cede1,working on some of them now. Good details and plenty of options.,impression,reader's activity + vague praise; tiebreak on final evaluative clause -> impression,yes,5,0
ac8bf50ff4c31ab9a0d976d4ce964701,"I'm not sure about this book. I kind of liked it, but I really didn't. The problem with this genre is that many of the books just seem the exact same. The characters kind of pissed me off too, everything just happened so quickly, and then it felt like nothing happened. I wish I could say better things about this book, but I'm not even sure I'd recommend it to others. I also had a hard time getting through it, just seems like another new adult romance book.",analysis,,yes,2,1
405e2695cf9f2c412e2784c3bd46f342,"This was another great quick and steamy read from Anne Jolin. I am just devouring these books. Our feature couple in this installment of the Rock Falls series is Lennon Montgomery and Jamison Henley, both of whom we met in Chasing Rhodes. Lennon is best friends with Hannah, and was roommates with Hannah and Beth. I didn't feel like we learned a whole lot about Lennon in the first book, she just seemed like a girl who didn't talk about her feelings much and didn't date anyone seriously. In Choosing Henley, we learn that Lennon is extremely jaded when it comes to relationships due a serious daddy issue she has from a super craptastic father. Let me tell ya, I was worried about Lennon. I was worried that she was going to be one of those heroines that kept pushing the hero away and ran away from him or would be one of those wishy washy heroines that annoy me. I am happy to report that she was not. Once Lennon decided to give it a shot, she truly did work at it. At one point I was so proud of her for NOT running, that gave her a big ol' goofy fist pump (in public). Awkward. Sometimes I forget where I am when I'm reading. We knew a little more about Jamison (Jami) from the first book. He was good friends with Hannah, had a pittie named after Martha Stewart, and was a gourmet cook. He also took great care of Hannah when she needed help during an emotional situation. He makes guitars, has some kickass tattoos, and owns his own gorgeous log cabin. And when he decides he wants something (or someone as in Lennon's case), he is going all in until he gets what he wants. It's like a fairy tale wish list of the perfect man. Only, as Jami points out, the sex they have is too naughty for fairytales. This was a solid romance, not too much drama and lots of steam. I do wish that it had been longer... I was kind of surprised when it ended because I thought I had 20% more book left (there was an excerpt at the end). I would have also liked to see karma work a little bit on Lennon's dad. That's just a consequence of the length, I love the writing, but I can always think of more more more because I'm greedy like that. ;) 4 stars / 4 flames.",analysis,,yes,4,0
34fc57807086fb34dd8ab3df2919cac7,"I honestly don't know what to make or this book. It is a story about a girl who is physically and mentally abused by her guardians but it is mostly a love story. This is very conflicting for me. The high school she goes to is very unrealistic ( I teach in a high school). The kids are so accepting of her and the most popular girl in school is her best friend and the most handsome guy wants to date her. I just don't believe Evan's character. In fact everything in this story seems so convenient. That being said I was addicted to the story and it really pulled at my emotions. The way it effected me made me feel manipulated. I did not like the ending but I was prepared for it from other reviews. I felt the author was just toying with emotions because she could. She is owed a lot if credit for her ability to touch human emotions in this way but I didn't like it. Also, the way the author wrote was interesting because she didn't always explain things and there was a lot of figuring things out as you go which sometimes worked. For now I do not plan on reading the next book.",analysis,,yes,2,0
99928bdbdb25621acdd0dd66983b398b,"The Book Riot 2015 Read Harder Challenge - A Book That was Originally Published in Another Language I think this is really 2.5 stars for me. I found this book a bit nauseating, literally, it upset my stomach. I know all the situations in the book are real but I don't need to read about them. I would rather live in a world believing that people are better than this.",impression,"reading-challenge framing, but lands on a verdict about the book",yes,3,0
5b6fc9ccca7cb09bd8172a7bcffa1e56,"Well, I finally jumped on the ""popular"" band wagon and read this must-read-teen-tragic-romance. **SPOILER** I figured she was going to die at the end, but was completely taken back when it was Gus who ended up dying. Let's just say I read most of this book on a plane (due to my job) and felt like an idiot crying all the time. I would just assume people would see what book I'm reading and then nod their head, thinking, oh, she's reading The Fault in Our Stars. Ha! This story struck such a nerve with me, I know it's fiction, but it's a story I will continue to think about for some time. I am so glad I finally jumped on the popular wagon and read this book...even with all the crying it made me do.",analysis,"heavy logbook framing (plane, crying); the Gus spoiler is a plot claim, so step 1 wins",yes,4,0
9e558c757780c042b51405d124020f0e,"In the darkest of days, a light shone upon Blackthorn and Grim in a prison cell with the wall crumble before them and they escaped leaving the sadness and sorrow behind. Now, on a journey to Dalriada to live in a cottage for seven years because Blackthorn made a deal with a fey to not seek revenge on a man that destroyed her life but to help her get her life back the way it was. In order to live in the cottage, she must agree to help anyone who asks her, she may not want to but she has no choice because if she breaks one rule back to the prison she goes. Blackthorn is accompanying by her prison cell mate and friend named Grim he doesn't say much just small talk and grunts he is there to help and protect Blackthorn on her journey of recovery. They arrived at the cottage with work needed to get done but the work will never be done with Blackthorn, because Prince Oran of Dalriada seeks Blackthorn help because the women that he is betrothed too isn't acting the same has she was in the letters they shared between each other. So, Blackthorn and Grim teamed up to help Oran get his lover back. So, this is the first time that I read this author and I must say I'm impressed and now a fan of her. I can't wait to read her other books but I'm more excited to continue on with Blackthorn & Grim adventures.",analysis,,yes,5,0
d454738a04e2a222e9fd326438263a11,"This book had so much potential. It started out wonderfully, and then it just spiraled into itself and became...self-congratulatory. It ended predictably and disappointingly. The blurb from the jacket of the book doesn't even have anything to do with what the book was about. It pretends to be a deep hard look at a woman's life and ends up barely skimming the surface with a resolution anyone with any experience in psychiatry would see coming from miles away. I can't say enough about how much potential this book had and how quickly it threw it away.",analysis,,yes,3,0
858c5c02f5b2244a8165515968455ca3,"Delightful! I wish Patricia Wrede would write a million books. :) Reminiscent of Seventh Son, by Orson Scott Card, in its alternate frontier and unusual magic, but with a lighter and more personal tone. Loved it.",analysis,,yes,5,0
9172e5661b7d7e12a7d64061edccca65,Really cute! Review to come.,impression,,yes,4,0
febffc6f26b3df073f8b1c88f38a73c8,Remarkable writing that really sticks the landing.,impression,,yes,5,0
22583c9a7c6a066d81bc5998204761b0,This should be a requirement for every white person to read ! Beautifully written....,impression,,yes,5,1
bc278c171da0c4528c75b8f29e02ab77,I wish this one had of been longer. Loved their story.,impression,,yes,4,0
9407371108e8ddbf35535beabe554f32,"Chess & Terrible are hands down one of my favorite urban paranormal couples. Another fun installment by Kane, can't wait for the next!",impression,,yes,5,0
8340ed59f4b797a6620c591b36b2a536,"Although required for my English Literature exam this year, it was still quite an enjoyable read. I find Shakespeare is much more enjoyable when studied than just read for pleasure personally because it's so darn hard to understand the language and the literary range the bard possesses without going into certain depth. It is most certainly a definite fit for my exam question's pastoral theme and was even quite comical. I would recommend going to see it at The Globe theatre after because it makes the experience that much better.",analysis,exam circumstance dominates; 'fit for my exam question's pastoral theme' is the qualifying claim,yes,4,2
7b058a02fa73b30e1003f4947e58f7ec,"A charming, funny, and heartwarming read! Lilah is both hilarious and goodhearted as a reluctant middle school medium with an underfilled bra. Her escapades with her befuddled father, best friend Alex, crush Andrew, and ghostly companions are all engaging, and the voice is spot-on. Highly recommended!",analysis,,yes,5,0
df5f232c7a49b9c8aec8af9c84c1ac6e,"dear murakami, seriously. best, m. p.s. one of the things i have noticed about murakami which is quite specific to me (perhaps?) is how utterly he destroys me. i find myself being taken into a world of symbols and thoughts and characters that bring me through to strangely heightened dreams and feelings and thoughts in the meanwhile of reading. there is something deeply connective about the lonliness that permeates his work. the lonliness as he defines it. the sense of a singular individual and their ties to others and circumstances and the absolute void of: a well, a hokkaido home or a runaway which brings with it question and clarity.",analysis,,yes,4,1
b9b168ad6d152d831a22428dbe678016,"Lousy, over working it, pathetic, trying too hard to draw tears and emotions from readers..",impression,,yes,2,0
b33ceceba7ff05afb0cfe28d66bfbfb8,Very cute! Can't wait to whip up some of these adorable caps for the kids!,logbook,lands on the reader's plan to make the caps -> logbook,yes,4,0
3026225982d3448a8be928341e1a31f9,"The lead, or opening totally sucked me in! The protagonist starts out in the trunk of a car with a dead policeman on top of him. He doesn't know how he got there or what happened to the policeman. He's also lost seven years of his memory. Along with him is a woman who has also lost her memory. Together they try to figure out what is happening, and who is behind this crime. I won this book from Goodreads. Thank you to Goodreads and author, Tim Tigner. I was thrilled to get an autographed copy! There was non stop action in this book, and even the antagonists were easy to like. I would have rated this book higher if the actions by the characters were more believable- I just couldn't get past how far fetched it seemed. I think I would have enjoyed the book more if I could have put aside the need for the plot to be believable. I would read other books by this author though, as the action was really exciting.",analysis,,yes,3,0
6d28ccdf24a130377af6994c34ba0a27,"It just now struck me how perfect the title of this book is. When people asked what I was reading as I carried this around over the last few weeks (many assumed it was the Bible, because it's a big 700-page, white hardcover), they all more or less had the same reaction. Skippy DIES? SKIPPY dies? That just sounds depressing and tragic. I mean, someone DIES. On like the first page no less. On the other hand...his name is SKIPPY. That just sounds childish and silly. It turns out that ""silly and tragic"" is an exact description of the tone of this incredibly entertaining novel, which certainly borrows from DFW's Infinite Jest, but is considerably ""simpler"" or ""less verbose"" or ""written by a mere mortal instead of a penetrating hyper-intelligence from another dimension (which is in no way a bad thing)"". The book follows a crew of 14 year olds in an all-boys academy in Dublin, and thankfully Murray absolutely nails what it is to be that age: the immature banter between the lads, the endless preoccupation with the ladies, the youthful optimism and belief that anything is possible -- it's all really great, and a blast to spend time with such a colorful and well-developed group of characters. Much like the title is a little bit childish and a little bit serious, the story gets a lot of mileage out of introducing very real and very serious life siutations into the lives of these kids. On one page, the boys talk about farts and tell yo' mama jokes. On the next page, there are harrowing accounts of drug abuse, pregnancy, depression and anxiety. It almost seemed unreal: it had me struggling to recall if these are the kinds of things I went through back at that age. And I do remember: how belittling someone in front of a group of peers makes you feel cool. How being able to kiss a beautiful girl seems like the most important thing in the world. How the future seems so far away, but having the sense that things you do today will somehow greatly affect it. How anything seems possible, but starting to realize that maybe for you, very little of anything actually is. The adults in this story -- the teachers, parents, coaches, priests -- are quite rightly described as no different from the children. Just because you're an adult, doesn't mean you stop chasing women, or try to look cool in front of peers, or make immature decisions that greatly affect your future. Adults are just kids in adult bodies. And what the book does well to point out is that these kids were looking for someone to look up to, to talk to about their problems, to stand up and BE an adult -- and they are generally let down, because the adults all have their own problems, themselves with no one to talk to, and on and on and on. If anything, this is about how desperately everyone wants to be understood, but the people who are supposedly close to us often know nothing about us. And, we often don't look up from our own lives enough to know anything about those we are supposedly close to. It IS sad, depressing, tragic -- but never overwhelmingly so. Murray (like DFW) keeps it humourous and light, so you're not bawling your eyes out, but those moments, when they come, hit pretty hard. This is really excellent work, and there's lots of things to unpack in here -- great characters, above average prose, an interesting story, several important themes -- it's got it all, and if you're thinking of giving this a go, I seriously doubt you'll be disappointed.",analysis,,yes,4,10
e94a2445fd935e717d28be11deddeb23,"This is a book buy that US citizen who was an ""al-Qaeda affiliate"" who the government recently struck with a hellfire missile fired from a drone in Yemen. I Had the expected normal Jihadi stuff. Using verses from the Quaran and Hadiths to justify violence against the Kufr etc. Not very intellectually impressive, as is the case for most religious propaganda. However, it did have some interesting bits His version of Islam is also very ""radical"" in that it opposes basically all existing power structures (of course, it wants to replace them with an absolutist theocratic monarchy). He says ""If you are living under a man-made system you are not free."" and also ""humanity without leadership cannot survive; humanity needs leadership in good and evil... it is our nature; we have to have somebody to show us the way."" It was also interesting how strongly he harkened back to the crusades for inspiration to preform heroic deeds in the face of seemingly unstoppable odds (but really the odds are in your favor if you serve Allah), and also as a comparison to a similar geopolitical scenario in which a disunited and less well equipped Islamic society fended off western infidel invaders. There was also some apocalyptic stuff going on. He thinks that some Suras and Hadiths predicted the current sociopolitical environment, and that the final battle between the forces of good and evil is at hand. This quote shows how happy and surprised Al Alwaki was with the American war in Iraq. He feels that it has actually vindicated his strategy, and is good reason to sway Muslims away from using politics or diplomatic means to achieve their objectives: ""Sometimes we complain that they [western infidels] control the media, that they control every powerful newspaper in the world...that they control the governments and police forces; they control the entire planet. They have all this money and we have no chance in fighting them so lets just give up and try to use alternative means of dealing with them; lets not collide face-to-face with them as there is no way we could be equal to them! Let's try to use politics, and diplomatic means in trying to fight them. But Allah 'Azza wa Jall says, 'They will spend it, then it will become anguish for them, then they will be defeated.' (al-Anfaal: 36) So let them spend their money as that's how they will be defeated as Allah 'Azza wa Jall says they need to spend their money first and then they will be defeated. So we should be happy that they are spending their money to fight Islam as that means that victory for Islam is soon; victory is on its way. Now they are already talking how this war in Afghanistan and 'Iraq is going to cost them more than the Vietnam War and the Korean War. The Korean War cost about $200 billion dollars and the Vietnam war cost them $400 billion dollars and this war in 'Iraq has probably cost them $800 billion dollars or more; the way its going, the economy will bleed to death, and this is exactly following the ayah; so they will spend the money and they are going to regret it because they invited this trouble as this war in 'Iraq and Afghanistan was not forced on to them, rather they chose this battle, so they will regret putting themselves into this trouble: spending all of this money, going broke and then being defeated."" And many more incredulous and happy verses about the American invasion of Iraq. Also says some awful things in an unexpected direction. For example, he says that its OK for militia groups to subsist off of funds obtained by ""Ghaneema"" or battle plunder. Yet he also says that taxes are harem. And finally, he accidentally gives credence to the ""geography determines monotheistic/polytheistic absolutist/relativist orientation"" in one of his metaphors: ""To survive in those dangerous tomes, one needs to have a lot of Iman (blind faith). Its like crossing the Empty Quarter (a large desert); it doesn't make a difference if you have half a tank or quarter, if you don't have enough and your car breaks down and you did not reach your destination you are dead. It doesn't make a difference if you have thirty percent, fifty percent, or eighty percent; you have to have one hundred percent, otherwise you die - half empty tank is the same as an empty tank; you have to have a full tank of man ready for that time because it is a spcial time and special status"" (he is talking about our time BTW. Anyway that was mildly entertaining and probably got me on a terror watchlist for 5.",analysis,,yes,2,0
989274130b82e6d4a47d376a1a3cc8a8,Review listed with review for 'Colters Woman',logbook,,yes,2,0
e2fb6af1c49c8bae894df40a04d4d638,Best thing I've ever read could keep reading this over and over,impression,,yes,5,0
0731e04048782bbed51149e8f5d92a86,"I downloaded ""Dead Silent"" straight after reading ""Dead Wrong"" the first in the Calladine and Bayliss series. I really like the Author's straight forward and direct writing style. It's very edgy and forceful. There are violent acts which punch you in the face and there are some graphic descriptions (be aware that there are sexual ones in this novel) that make me avert my eyes whilst reading. There is no sense that she puts this in to shock but that she can describe and convey realistic evil and the abhorrence this creates in Calladine and Bayliss is part of the reason they have chosen police careers and are driven for justice. There is a missing child investigation. Then a killer leaves a young woman's body in the back seat of a car involved in a collision. When Calladine finds her injuries are not caused by the crash he realises he has a brutal murderer to find and he questions whether there are more victims. Very early on this is an exciting read and the pace doesn't let up right to the very unexpected end. I do think that Calladine's personal life was resembling a soap character. In the first novel he finds he has a daughter and there are more unexpected personal issues for him in this book. I just feel that there was too much going on. Having said that his actions and behaviours in response are written convincingly and I still get the feeling that you can like him and be annoyed with his character at the same time. It was good to have more insight into Ruth. There were also coincidences rather than Calladine's instinct and policing abilities to resolve the case which did not mirror the first in this series. There's no doubt this is a really good read and I have number 3 ""Dead List"" on pre-order, although I do hope that things slow down for Calladine.",analysis,,yes,4,0
37f12a23be0a5cbd61b70a00516205a5,"Very touching. A nicely done memoir from someone who spent two years in Mali with the Peace Corps. There is a lot about women's health, not so much about midwifery -- so you don't have to be a birth junkie to like this book.",analysis,,yes,4,0
4bc3c60023e451214100150254f399eb,Fast paced book with a catchy story line.,impression,,yes,3,0
7cc5b5b9bcfb25ffc44cf8a1d61319cd,"*I received a free copy from Goodreads First Reads* This book was a new experience for me. I usually stick to the YA genre, but I was like ""hey, I wanna try something new!"". This sci-fi book did not disappoint me at all. I really enjoyed the fresh, new idea, and how time travel was intertwined with it. Usually, writing about time travel is difficult, and many authors leave plot holes, but I was pretty satisfied with this one. The only problem I saw was the depth of Rachel's emotion. Although her grief and depression from losing a child is understandable, it wasn't written deeply enough that my heart would cry for her. It kind of just made Rachel look a bit pathetic at times. I really enjoyed the novel overall, it had a nice, face pacing and great scenes. Although the idea of aliens is overused, this was really a fresh twist on it.",analysis,,yes,4,0
7a72291ecdfb34b341cea013e8fe077f,This was too rushed. The main characters couldn't seem to keep their hands off each other for two people who hate each other. I did not see how they could fall in love this fast after like 5 meetings. And the whole falling in love with a wolf thing without even knowing he is human is just ridiculous and sickening.,analysis,,yes,2,0
3e1ac714b5bacf182abd615268e83b0d,"I mean, It was Shakespeare, it was Star Wars so it was wonderful. This worked so well and was so entertaining and it gave me feels and I just really loved it.",analysis,'Shakespeare + Star Wars' premise is the only content present,yes,4,1
acaa91e615bfb223587e4f0df746bd6e,"loved this follow up to The Twelfth Child. while the characters are totally different there is a tie in and the theme is very similar - a case where individuals come together and create their own family. And of course there is always the money grubbing family member that thinks he is entitled to everything because it was his brother's, discounting the wife and her child. Bette's writing of this story drew me in and made me feel like I was part of this family that was created from necessity and grew to be more. Plus I like that the story is simple but complex and without the need to bring in foul language. there is plenty of conflict with several characters that adds depth to the story.",analysis,,yes,5,3
20dbf4ef3bdcc8161d66bb30507d0042,"A wonderful fantasy epic on par with Tad Williams and J.R.R. Tolkien. Having read the whole series, I can say all three books were amazing - full of detail, action, romance, and above all, great story.",impression,,yes,4,0
82b14d4276620dae8866b4286f745ebd,OMG I love this book so much. I loved it right from the beginning. Such a great and unique story. I love Dax so much. He's the best human boyfriend ever hahaha. This book is sooooo good. I love love love it. One of my favorites. [?],impression,,yes,5,17
702e2e50d291d3907a357f5fe48dc06d,"I wasn't sure what to expect from Velocity but it's endorsed by Hugh Jackman and that's good enough for me! Having lost his nerve after witnessing the death of his best friend in the explosion that destroyed the Columbia, NASA astronaut Judson Bell realises, when he crashes the simulated space shuttle, Discovery for the third time, that he won't ever make it back into space. When the Atlantis is cleared for a the next mission, Judd's newly ex girlfriend and fellow astronaut, Rhonda, is named as the pilot and Judd is assigned to the White Room for the first launch test. What begins as an uncomfortable situation for the pair spirals wildly out of control when the unthinkable happens and the shuttle is hijacked by a Frenchman and ex pop star. I have to admit I was a little confused when I began reading, not sure how the events and characters in the first few chapters could possibly fit together but as the story unfolds, Worland brings it together masterfully. The plot centers around the stolen space shuttle, Henri's nefarious plans for it and Judd's desperate desire to rescue Rhonda from them. As the boffins at Cape Canaveral scramble to find the Atlantis Judd essentially stumbles across it in the Australian outback where he was sent after the incident to oversee the reactivation of a satellite tracker. With the reluctant help of Corey, an eccentric Aussie chopper pilot (and his dog, Spike), Judd takes on this group of mercenaries to discover if he can be in fact a steely-eyed missile man and save the day. There are some unexpected twists as traitors and allies emerge from the unlikeliest of places. Velocity reminds me of a Nicholas Cage action movie, particularly ConAir, with it's mix of explosive aerial action, quirky, dry humour and flawed but courageous heroes. It's not a surprise really given Worland is a screenwriter and as such his style of writing creates scenes that are easy to visualise. Velocity contains its fair share of barely plausible incidents but it's easy to dismiss the unlikely in favour of the convincing effects and just enough credible detail. I was surprised at how much I enjoyed the characters of Velocity. Judd is an interesting, atypical hero. His devotion to Rhonda may be excessive, especially given her casual treatment of him, but it provides a convincing motivation for his actions. Despite the overwhelming odds Judd never gave up fidning unexpected reserves of strength and savvy. My favourite character was Corey whose quick thinking, prodigious flying skills and laconic attitude to missile attacks earnt my admiration. His chats with Spike raised a smile every time and I could almost hear the music score as he swooped in driving a herd of cattle at the taxiing Galaxy. Even the villains had an odd appeal with an ex pop star turned merc, Kelvin's crisis of conscience and Dirk's frustration with Judd. In Velocity, fast paced action and intrigue is accompanied by humor and heart with a touch of romance (because the hero always gets his girl). An exciting, funny and quick read, I've gifted Velocity to my dad for Father's Day and I have no doubt he will enjoy it. PS. I'm not sure if Worland (and Penguin) intended the the trailer for Velocity to be amusing but it is, with it's very American film voice over and toy shuttle it's totally worth watching... especially after you have read the book.",analysis,,yes,4,4
82e9cfda62d2f59dd4bfc7d45ba365dd,Final Score - 5 Stars What can I say? This hot or HAWT menage burn up the pages and my night! I had to stay awake to finish this bad boy. Sleep be damned!,impression,,yes,5,0
7d28652060bfd11d8a38e24ef0f8adb2,"I just finished re-reading Xenocide. I think I enjoyed it a lot more this time, than when I was in high school. I would still characterize it as depressing in the grand scheme of Ender's life, but with much more appreciation of Scott Card's story-telling, science fiction thought experiments, and philosophical meanderings.",analysis,re-reading history; 'sf thought experiments and philosophical meanderings' qualifies it,yes,3,0
6c1ddd1a4d64c3fa28212524b4b28319,"THE WATCHMAN (Private Investigator-Los Angeles-Cont) - Ex Crais, Robert - 14th book Simon & Schuster, 2007-US Hardcover - ISBN: 9780743281638 *** Joe Pike owes a man a job and the man has called to collect. A young LA heiress was involved in a traffic accident and now people are trying to kill her. As bad guys keep finding them, Joe quickly realized someone on the inside is selling the girl out and the only one Joe can trust is Cole. *** This was an interesting book on several levels. There is Cole, taking a secondary role as he still recovers from the wounds inflicted in ""The Forgotten Man."" There is Larkin, the Paris Hilton-type character, who is finding out just how hard and dangerous life can be and the conjecture as to whey she acts as she does. But mainly, there is Joe, about whom we learn more of his background, particularly why he joined the police force and why he left. One of the most interesting parts is watching Joe become a bit more accessible as he helps Larkin become a bit stronger. Even with those elements, there is a reticence in telling Joe's story that is very appropriate to the character. I wouldn't have expected the revealing of Joe's past to be as open and emotional as it was for Cole's past. It just wouldn't have fit with the character and I give great credit to Crais for that restraint. As one who loves this series, I found this an excellent read.",analysis,,yes,5,3
0f689908edc92008538fa77495fe48f5,Excellent story. I will definitely be picking up Roxy's Story in September.,impression,,yes,5,0
5b0a015e5ca71d8afe02fdf044c1bd9a,"Really interesting book about the history of madness. Especially enjoyed the chapters about king George, and the old methods of treating madness it's quite literally crazy!!",analysis,,yes,0,0
a56dcae1ee4d5f8e2e4ea0190dd43499,"I thought this book was amazing. It is like sitting around having a conversation with a really thoughtful person. It is amazing. Many first person books are so self indulgent freakshows for the author just to spew forth whatever nonsense they want. This is not that. This is a highly disciplined voice, which must come from a highly disciplined author. This is my favorite book of 2010.",analysis,,yes,5,1
35a11bd761d76e9d4aa1b385fd4f4b85,Wow. This was actually a pretty good book. I will never be able to look at barbecue or ribs again.,impression,,yes,4,0
d406d981623f052816fca49f3f4affea,"Love this book! Taut, full of suspense, great characters, nice sized chapters. Highly recommended!",impression,,yes,4,0
373aa8ef76f720946f1b4f2c4c0169df,"I hate reading a book that turns out to be the first in a series, I always feel tricked if it isn't marketed as a series, and here, it happened again. A psychic cowboy--sounded so TOTALLY awesome!! I can overlook some annoying problems that could have been solved in a 30 second dialogue, and some very stupid things done by a supposedly brilliant person. But I can't keep reading about demons and possessions and evil attacking 99% of the population. It turned too Stephen King for me. If you think Stephen King meets the Wild West sounds perfect, then this book and series is for you.",analysis,,yes,3,1
be1b2bf298508baf144886483ae7f37b,"I'd have loved to have seen them interact with each other ""after the crisis"". I really have no other gripes. A great book that I couldn't put down once I started.",impression,"structural wish only, same shape as row 8 -> impression",yes,4,0
b5418b528ec1f45aaa46d82f9848c2ab,Better than the second book but not quite as good as the first. The movies trump all of them though!,impression,,yes,3,0
18663e36855c6755e2da8a627527d80a,Sort of reminds me of Stella Louella's Runaway Book. Love the happy colors and expressions.,impression,,yes,4,0
dc41800395a423270951cb6349465c05,"GENIUS is what Nora Roberts is! This novel is Epic Genius! Loved it!!! It's been a long time since I've truly, 100% enjoyed reading a book. Nora Robert's never fails to amaze me. So let's start off with Elizabeth Fitch, raised by a mother who barely sees her as a person, she wanted freedom, wanted to feel what it was like to be a normal teenage girl. Her mother controlled her everyday life, being the product of artificial insemination, her mother wanted to ""create"" a ""perfect"" daughter. When her mother went away for a business trip, she worked up the courage to go out and have fun. (I didn't really see it as ""rebellion"" because I think she deserves a little fun now and then, even if it was behind her mother's wishes.) She meets a friend in the mall and from there, their fun started. Little did she now that that ""fun"" would result in disaster of epic proportions involving murder, the Russian mafia, and survival. Flash forward into the future, she now goes by the name of Abigail Lowery. She's very solitary, keeps to herself most of the time, and doesn't really mingle with anybody except for the occasional greeting here and there. Enters Brooks Gleason, who's the head of the town's sheriff. I actually believe that he already had a little crush going where Abigail's concerned. I mean he practically stalked her, here he was sitting down at the diner looking out for when she was about to go into town to buy groceries. That crush eventually turned to something more and I was really glad that he turned Sylbie down when he was starting to get to know Abigail. (Nora Roberts knows how to tickle the mind when you think that you're going to hate what's happening but then at the end she turns into something satisfying.) I really though that Sylbie would play a really ""annoying"" role in the end and I was dreading the pages where that happened. It actually did but with a different outcome than I expected. Brooks actually turned her down, even if she was standing butt naked in front of him. I enjoyed the parts where Brooks started tearing down Abigail's shields, barricades, walls, or whatever you call it. Abigail was so clueless as to what to do, what to feel, and how to act. I actually felt bad for her. She was so confused and Brooks is like cruising through it. They're somehow polar opposites and it was really great to see their chemistry coming into fruition. Especially when the time came to take down the Volkovs. And the ending was EPIC GENIUS!!! Like I couldn't think of a better ending than that. And finally with all the trouble that Abigail has been through, I think she deserved a little peace and happiness herself with Brooks by her side of course. I did think they got into the whole marriage thing quite hastily but on the other hand it felt like it was something Brooks has to do before they went into the whole ""taking-down-the-mafia"" gig. What can I say I really enjoyed reading this book! It was worth every penny that I paid for it. Although, it took me almost a week to finish this because I had school stuff to do, it was worth every moment. So once again, kudos to Nora Roberts! I am surely going to wait for another one of her creations in the future! :D",analysis,,yes,5,0
37dc257fda01cbcf95e34d60669c708a,"Duncan is 17-years-old and spending the summer slaving away in the depths of the Toronto subway system. His father helped him get the exciting job in the Lost & Found Department. Let's just say it is not his dream job! His co-worker/supervisor is a cranky old man who never talks unless absolutely necessary. The shelves are overflowing with years of accumulated junk and dust. Duncan spends a lot of time sorting and organizing, but he finds time to browse some of the books that have made their way underground. One day he finds a little leather book, no title, no name, just a handwritten journal of strange experiments and even stranger thoughts. Duncan is disgusted yet fascinated that such a deranged person was wandering around his city streets somewhere. Duncan can't seem to stop reading the record of stalkings and descriptions of intended victims. You would think it would be easy to just turn the book into the police and let them deal with it and figure out who the sick mastermind is behind it. Maybe that isn't the best option for Duncan. So he takes it upon himself to track down the serial killer, hoping it isn't too late. Acceleration is rather a dark and dreary read. Yet Duncan is a likable character who has had a bit of a rough time the past few years. This book is not overly violent or explicit. There are a few suggestive comments and mild language. Not a fabulous must-read, but interesting.",analysis,,yes,2,0
56ef1d538091e045ca1101a0c7d7039a,"Gah, what a sucker punch! I finished Hannah's excellent and engrossing The Nightingale, and picked this up expecting the same depth of character development and deft evocation of history and context. This book, while a tearjerker (not that I'm a good comparator: I cry during touching commercials), is a manipulative reprise of Beaches. I had hoped for something more.",analysis,,yes,2,0
fb2bd5403a3bef9399131a722c6b197b,"Blue Coyote Motel (Coyote Series Book 1) by Dianne Harman is a highly engaging suspenseful novel which I loved! The story-line is very interesting and I was completely involved with the characters which the author clearly put her heart and soul into. This story is unique with the empowering message of hope and with all the twists and turns, I was mesmerized with this intriguing plot! I can't wait to read more by this talented author Dianne Harman! Intriguing Story!",impression,,yes,5,0
d217e77c28b6b92367b9fcf0a9bc326e,"7/10: Good solid read, something to get your teeth into. My khui sings a sad, sad song in response. Loved it. Can't wait for the next.",impression,,yes,4,0
dee774963eb505c83b667f9127723e3a,"Amanda keeps the reader guessing as to what Pen, Lexi and Thea are for quite awhile, and even when you figure out what they are, there's still a mystery surrounding them. Although Harper did have their evil pinned from the beginning and even Gemma seemed to want to avoid them at first. When Gemma realized exactly what the girls were and became determined not to be like them, it was kind of exciting to see the strength she keeps locked up starting to peek through. Hopefully that helps her to stay alive and hold up against Penn who seems bound and determined to have Gemma be just like them or die. The romance throughout the novel was great. First, you've got Alex and Gemma, the boy/girl next door who never really looked at each other that way before. Then you've got Harper and Daniel, she's got all her emotions locked down tighter than Fort Knox and he's bound and determined to break down the barriers (honestly, I kind of like that budding romance more but that's just me...). The end of Wake leaves readers with a promise: Harper will do whatever she has to in order to get her sister back and Gemma will fight with everything she has to stop Penn and break the curse. Can't wait to read Lullaby!",analysis,,yes,4,0
25731efe017083d2582c06edd1e9922e,"This book is fantastic. It starts a tad slowly - partly because it begins in the present as an introduction then returns to the past - but soon is rolling ahead. It has everything - mystery, period glamour, racial tension, war, and themes of loyalty, honour, and love above all. The lead protagonist Pearl is not what I expected her to be. I expect your typical 1940's ""good girl"" but she is stubborn and determined without neglecting her emotions that rush through her and out of the page (as well as being a talented musician). She loves a man her society rejects and takes drastic action in a bid to secure the fairytale future she wants where love prevails. However, war is seldom kind... What she is prepared to do was empowering to read, no matter the end result.",analysis,,yes,5,0
32611418182b8f12a121d9f5e012a45a,"The Taking by Kimberly Derting is a Sci-Fi story that involves alien abduction, quite a bit of action and some romance on the side. This story had me turning the pages to find out what was going to happen next and I am definitely looking forward to the next book in the series. Kyra is a normal teenager. She and her softball team just won the championship and as with any sixteen year old, she is starting to think about where she wants to go to college. Because of her talent as a pitcher, her father is trying to get her to consider all of her options but Kyra has already decided that she and her boyfriend, Austin, are going to the same school no matter what she is offered. On the way home from the championship game, Kyra and her father have the same argument about this and she ends up making him pull over so she can walk instead of listen to the same talk he has given her over and over. That decision will change her life forever. When Kyra opens her eyes, she is behind the dumpster at the Gas 'n 'Sip, almost exactly where she got out of the car and unclear as to why she decided to stay there for the night. Regardless, Kyra makes the walk home and that is when things start to get even weirder. There is a strange man living in her house along with a young boy. Since Austin's house is right across the street, she runs there to see if Austin can clear things up. When the door opens, Kyra realizes that the person she thought was Austin is really Tyler, his little brother, and he looks a lot older than he did the last time she saw him. As the story continues, we find that although to Kyra it only feels like a day has passed, she has really been gone for five years. This is probably one of the areas that I felt the most for Kyra. She gets thrown into this world where everyone has moved on with their lives and she is stuck at sixteen. This includes her parents divorcing, her mother getting remarried and having a new child, and the boyfriend she loved so much, moving on and starting a relationship with Kyra's best friend, Cat. The one bright spot for Kyra is Tyler. Tyler is Austin's younger brother but he is now the same age as Kyra (since she didn't't age in the five years she was gone) and her first few nights home, he is the one to anchor her in the present. He admittedly had a crush on her when he was younger and when she knocks on his door, he sees it as a chance to get her to see him as more than just Austin's little brother as well as the boy who does chalk drawings on the sidewalk. He does swoony things (chalk drawings) and is patient with Kyra. He also, no matter what she tells him, never doubts Kyra. As I mentioned, the Taking refers to the abductions happening and as the story progresses, this is a lot bigger than just Kyra vanishing. Not only has Kyra not aged, but she is starting to recognize that she is different. Add to this the fact that people are following her and she doesn't really know who to trust...except for Tyler. There are a lot of twists in this story that are linked to what happened to Kyra when she was gone. As Kyra adjusts to her life, she is also working to solve the mystery of what happened and how it is impacting her life now. There it is...I can't say much more only because I don't want to give anything away. Just know that if you like a good sci-fi story that has quite a bit of action, you will definitely enjoy this one. Add to that a swoony boy and some angst, and this book has a bit of everything.",analysis,,yes,4,1
947ad34beec9adc8657aa29178a62f79,"As someone who lives with PTSD, this book hits some of the highlights on PTSD. Just when you think you're doing well, something so small to everyone else, can send you reeling. The author does a good job of telling the story without overwhelming the heroine in her PTSD. Small towns have their own things that can trigger fear, as we see in Protecting Lucy. I received an ARC of this in exchange for an honest review.",analysis,,yes,4,0
3dc6e60c9952dc012ff7e5f6f20dfffd,I honestly enjoyed this book more than the first one. So glad i read on.,impression,,yes,4,0
f80b6555d8384852c2c1cc3eb984b68c,"A very simple story about the power of reaching out to one another and offering kindness just by saying hello. I can see this book being used as part of a lesson or as a prompt for an adult-led discussion with kids. As a stand alone read for kids, I am not sure it has the strength to capture their interest. It may be too subtle. Although it could be used for comparisons as well. I liked the use of colour and the illustrations. Well done.",analysis,,yes,3,0
9529338698bf890976370a2aeb19f2e4,"I had seen this YA novel compared to The Catcher in the Rye and I can understand the comparison. James, our narrator, is a wealthy NYC teen who hasn't the time nor patience for most of the people he encounters. Much like Holden Caulfield, early on I found myself thinking James was a spoiled, snobby brat. However, it becomes clearer that James has simply devised an elaborate coping mechanism to mask his insecurities. Very much a character-driven story without much in the way of plot, Cameron could have fleshed out other family members a little more, but given that the story is James' POV I guess it makes sense that we only get to understand the other characters as well as James does, and like most teenagers, it's really all about him.",analysis,,yes,4,0
93fc49efb1dd2d3134a5699ebc8711fa,"1954, a young girl goes missing at Applecote Manor. Five years later in 1959, 4 sisters, cousins of the missing girl Audrey, spend the long hot summer with their Aunt and Uncle at Applecote Manor where rumours about what actually happened to Audrey all those years ago are still very much alive in the village. Present day, a young family buy Applecote Manor hoping that an escape from London will be a fresh start for all of them. Jessie hopes that by moving to the country, her teenage step daughter Bella will finally accept her into her life after the tragic death of Bella's mother a few years earlier. However Bella knows that something is wrong at her new home and is even more frightened when she hears gossip in the village about what happened over 50 years ago. Switching between the past and present seamlessly, the story will grip you from the moment you pick it up until its thrilling conclusion.",analysis,,yes,0,0
590353a77313c1ad85ec5eaa412c7d98,This is definitely one of the more interesting books I've read this year. You spend the majority of the book strongly disliking one of the main characters until you get to the end. Then you get a get a glimpse of the character in a whole new light and can't help but have a grudging respect for him. That's a bit of a risky strategy I should think but Armentrout pulls it off well.,analysis,,yes,3,1
57c93dd8bf3988b00fb5adfba027a037,Didn't understand the obsession with this book.,impression,,yes,2,0
291b21caf7c3887ab662c3eb55e1ba4d,My favorite King Arthur-related story.,impression,,yes,5,0
63ab92fe96281037c777d0ddf5dd9594,"Smoking Hot. I've been hearing some awesome things about Mr. Darcy's work and wanted to see for myself. I'm so glad I did. This story, although Part 4 of his series, has me now running back to get the first three. It didn't matter that I was an oddball and started in the middle, I was still able to keep up with the plotline and characters. The entire story was filled with hotties and the humor was hysterical. Mr. Darcy's character, Conor, nails cocky and blunt. He brings it to a new level, and I love that. His inner voice is amazing as well I'm anxious to get started on the first parts of this story, but also looking forward to the next one. Great job by the author, definitely recommend",analysis,,yes,5,0
bb5d562b29a1d1b6ec4ab5efb0160c32,"Lisa Gardner has produced some of my favorite fictional characters and right at the top of the list is Boston detective, D.D. Warren. In this novella, D.D and husband, Alex are attending a fiction mystery- thriller writing workshop. D. D decides to talk about one of her team's strangest cases and challenges her audience to discover the 'three truths and a lie."" I really enjoyed that Gardner included authors like Karin Slaughter and Kathy Reichs and showcase the realm of authors who like to write a particular genre of books. Most readers don't appear to like novellas, but I really enjoy the trend. Now to count down the days until the new Lisa Gardner book!",analysis,,yes,4,1
35b9d8d619239c1e1a84e786a5ba04ee,"It was...well it all sounded very pretty. Le Cirque des Reves certainly sounded like a wonderful place that I loved getting to explore through the characters but unfortunately that's all that really happened. Fierce competition? Please. It all boiled down to basically two dense idiots throwing rose petals at each other and then declaring (after knowing each other about ten minutes) that they're madly in love. For a first draft of a NaNo novel it's great but as a published book? Um, you might want to rewrite it. It reminds me of some of my more detailed NaNo outlines that I haven't quite figured out how to stick the plot in yet.",analysis,,yes,2,0
d018a2801e8141440c2f5a54820204bd,"This book was what it was. It wasn't good, it wasn't bad. It just 'was'. I appreciate the novelty, certainly. It adds a touch of realism I guess to the show Castle and ABC should be pretty pleased with themselves as they've found yet another way to make money. Will this be the new thing? Will other networks catch on and try to do this with their popular series? All of that aside, it's a decent book that reads like the show. I agree with other reviewers that if a person picked this up without ever having seen the television show, they might have a harder time reading it. Without the background of the show the characters would fall painfully flat and the plot would be even more stretched and strained than it already is. I don't know that I'll read the others in the series. As it is my interest in the show has started to wane. While the first two seasons managed to capture my attention and hold it, the third season saw my attention wandering and now with the fourth the show has become more background noise than anything else. Something to have playing while I'm doing chores around the house or working on the computer. So in summary, I didn't love it or hate it, and I don't feel any worse for giving it a go. It's better to have read and lost, than never to have read at all.",analysis,,yes,3,0
8079d4e77b46105d18b3b41811259e39,"Wonderful, wonderful, probably I discovered a new loved one!!!",impression,,yes,5,0
5a116fb2787f9e8475c5d0f8d565836e,"This was the first book by Kealan Patrick Burke that I've read and it was awesome, I should have checked out his work sooner! Whilst this is a pretty short read, it makes the most of its time by packing in a well paced Lovecraftian story that is surprisingly original and cleverly done. The writing is succinct and the dialogue realistic as the main character Phil descends into a nightmare from which he cannot escape.",analysis,,yes,5,2
255622af08a6f0a79108c8d7a6c52365,"This book was utterly amazing, though rough in a few spots. I knew somethings about most of the men who were featured, but I did learn some more. Take Oscar Wilde, for example. I had no idea that he had an affair with a man. Honestly, Wilde's letter to his lover was one of the more romantic in this book. In reading some of the letters, I felt ashamed. Some of these letters were never even sent to the intended person, yet here we are, able to read some of their most personal thoughts. This book truly brought a human factor to people such as napoleon. They have had the same feelings as all of us. After reading some of the letters, I ended up researching the people involved more, which I love when a book makes me want to see things further. I would highly recommend this book to a true lover of reading.",analysis,,yes,4,0
bea58e69123e5395837279f795870497,"* 1993 Caldecott Winner * This is a wonderful book, but I'm not sure about the Caldecott. I think it deserved an Honor, but I don't think it was quite a Winner. (I would have preferred ""Seven Blind Mice"" to win.) The story is lovely, and the art is good but the illustrations are a little too loose and free-flowing for my personal taste, and especially about a topic like high wire that requires absolute precision. I think the concept was to create Impressionist-style art, but it really missed the mark in my opinion. Materials used: watercolor Typeface used: Goudy Old Style",analysis,,yes,3,0
502880ead5ecd7e08597c549bdaf0d5d,"Ahhh yes, this book makes me want to eat a big pile of stinky cheese shaped like a strange little man. This book had the perfect amount of fair tale weirdness that I needed as a child, and that strangeness is still amazing today!!",impression,,yes,5,22
720d3a8566ff577665bd698b591ac60b,"This book is jam-packed with things about the Revolutionary War that I absolutely had no idea happened. Maybe I found the history of Lafayette's involvement in the war for independence particularly interesting because now I live in Virginia, and so may of the important episodes happened there. But really I think it's just an interesting story- we, Americans, owe a lot to the French of that era. Lafayette's youth, dashing courage under fire, and admiration for our forefathers and what they were trying to accomplish here made him a natural emblem for that debt. But somehow whatever I retained about the French's involvement in the Revolutionary War from elementary school, could have been summed up in one sentence: Lafayette lent a hand. Good grief! There was so much more to it than that. Most particularly, I know I never made the connection before between the debt incurred in financing another war with England, and the Reign of Terror which lead to the be-heading of the same King who sent French troops to America. Of course, the other reason I really liked this book was because when ""history"" is presented as a story about real people, it is so much more engaging. Lafayette and Washington and Franklin all seem so much more three dimensional to me now. Through the use of their own words (taken from letters) and the words of others from the period (from journals and letters), Sarah Vowell made it possible to really 'see' the character of these legends and why they made the choices they did. I actually like Washington better because he wasn't always successful and at one point the Continental Congress considered replacing him!! I also love how Sarah Vowell intersperses wry comments about the foibles of our forefathers with wry comments about the current state of the Republic. I always thought the whole ""freedom"" fries thing was ridiculous, but when considered in the context of America's historical relationship with France it is both ridiculous and inappropriate.",analysis,,yes,4,0
fad663e543e343c87649e260af3c0d59,"The Steampunked Snow Queen (Audiobook) I really, really enjoyed seeing the Snow Queen classic fairy tale re-imagined in a steampunk world. It was a perfect fit and did more than justice to the original published story. This is listed as book 4 of the series and I suspect that some of the characters mentioned briefly had appeared in the past books and hopefully future ones. Based on the descriptions of the other books, I did notice that the Snow Queen appears in at least one of the past episodes. I definitely want to know more about Cornelius 'Neil' Sims and the mysterious Valentine. Katina French has also intrigued me into wanting to know more about the make up of this world's North America. The early action scene had me giggling and remembering my chemistry days, luckily mine were not as dramatic as Greta's. I also liked the twist on Greta's sled and the 'animals' pulling it. Rachel Ahrens' narration is perfect for this project. She did a great job expressing the emotion in the characters and made the narration interesting enough to really keep my ADHD interest. This audiobook was provided by the author/narrator/publisher at no cost in exchange for an unbiased review courtesy of Audiobook Blast.",analysis,,yes,4,0
227bcd39ae0c3b57d36d4ef78f615729,"This book was split between two stories that overlapped. One in 1901 and one in 2011. Though I liked the book, I didn't like it as much as Wildflower Hill, her first book. I found I didn't like the main character, Isabella, in 1901. And because of that I didn't like that story as much - yet that one is more detailed. The character felt a bit flat, there was death and other weighty matters in the stories, yet the characters seemed shallow (feelings wise). Also I think she handed too much to the reader, don't spell it all out, let us get there ourselves. It's more fun that way. That being said, I loved how the two stories slowly wove together. It was a good read. If you like this one you should totally check out her first book as well as books by Kate Morton.",analysis,,yes,3,0
0e562d163cd9747b060bc900b1b79ff9,Good basic read on 5 of the elements of wellness. It's an easy read with some good stats and studies referenced. It seems like perhaps one of the main purposes of the book though is for Gallup to get more data collected... through their on-line tracker that they give you access to with the book. Not a bad thing but I don't think the content of the book is necessarily earth shattering. I'm interested to get into using the tracker and see how helpful it can be.,analysis,,yes,3,0
7d19715d18759110ed019491dc1a05b1,"Copy received through Goodreads' First Reads program. The most notable upside of this book - its intoxicating energy and ebullience - also makes it nearly impossible to define or describe, as it takes on more concepts and themes than you can shake a stick at, even if you're pretty well known in your community for your stick-shaking skills. The basic story follows the travails of Micah and Izzy Grand, two moderately successful silent moviemakers beginning in 1928, as their careers are threatened on numerous fronts: by that damned Jolson and his talking picture, The Jazz Singer, the dire financial straits of their studio, and Micah's massive gambling debts owed to local gangsters. A potential solution to the latter problems arises in the form of a trip to Africa, where the Grands can shoot random footage and b-roll of the continent to sell to other movies, work on another picture of their own, and a second picture written by the men Micah owes money to. Like many last-ditch efforts to pay off massive debts, the trip goes awry, with huge implications for everyone involved. This would be more than enough for a novel by itself, as Conn's descriptions of early Hollywood are fascinating, beginning with a scene on location at Coney Island with a Babe Ruth cameo and an actor named Henry Till, a thinly fictionalized version of my favorite silent film actor, Harold Lloyd. (To name but a few obvious parallels, Till is famed for his ""glasses"" character, had part of his hand blown off by a smoke bomb, and famously hung from a clock in a movie). Allying the Grands with a fictional Harold Lloyd made me love this book immediately, and Conn's prose, which is ornate without losing any clarity, kept me hooked. (A sample sentence: ""Home: that warmest, most sentimental, most commodious of words, but not one without its broken windows, damp cellars, busted boilers, creepy attics, and dead cats."") It had the kind of plot I wanted to race through to find out what happens next (particularly in the second half of the novel, which I found quite unputdownable or at least I-can't-wait-to-get-back-to-this-able) combined with the kind of prose I had to read slowly enough to savor it properly. Not content with this ample framework, however, Conn branches out, incorporating insights on America, race, class, love, homosexuality, sex, Judaism, the role of popular culture and the effect it has on other cultures, and numerous other topics, which are more interesting to read about than they sound in that sentence. It is, as the promotional description above states, both rollicking and ambitious, and well-crafted, original, and damned exciting to boot.",analysis,,yes,4,0
1a7bdd61886f778a8a1e576b21e50cf4,"Oh my word, I loved this book so so much. This entire series was absolutely fantastic and the beauty and the beast vibe in this one just made me really happy. I really liked the way it ended and the epilogue just mad me feel good. This series was so good and I'm so glad I get to give it 5 stars.",impression,'beauty and the beast vibe' is an undimensioned comparison -> impression,yes,5,0
0b615e5f6dd6f33c3b35f14bf42c06cf,"YEAH BABY I HAVE AN ARC later that night Yes, I read this through the night. And it did not disappoint. Proper review to come later this week!! March 27th 2014 And that is it! No more Dante Walker. How can that be legal? THE WARRIOR is like an action movie in book form, no joke. From the very first page to the last, there was blood, betrayal and a few moments you just want to throw the book at Victoria Scott and scream ""WHY?!"" at her. Dante's POV is unlike anything I've ever read. He's loud, uncouth and in serious need of being kicked up the ass a few times. It's his flaws that make us love him so much though. Charlie has changed him, but only the bad bits. Well, you can never take the demon outta the guy, and lets just say he's as bad as ever in this book. In THE WARRIOR, it's Charlie's time to shine as well! But to go into just why would be to spoil the book. So just how Charlie kicks ass, you'll have to wait and see. But you won't be disappointed. Dante's last hurrah wasn't just sparklers, but the entire firework show. More than a little sexual tension, this book is a smart, sexy action movie that will leave you begging Victoria for another book at the end. Goodbye Dante Walker. I'll say it one last time; pow! I will add more to this review when the book has been released.",analysis,,yes,5,1
57d39e430a03b70bae511c3bf0aa6dff,I fell in love with the movie before I read the book. Sean Bean was so dashing in it. *_*,logbook,,yes,5,0
e80f484a1716a902cb66664e9cf2640c,Seriously?! I need the sequel!!,impression,,yes,4,0
18dc6de665b78e388bfb413db6eb7c20,"This is a fascinating autobiography by one of my favorite writers. Paulsen is a manly man writer, but very skillful and psychologically well tuned. His early life is truly amazing; here he recounts traveling with his mother from Chicago to the Philippines at the end of WWII, and the adventures they had. Makes my life seem so....uneventful.",analysis,,yes,4,0
ae251e4a74b5503c137156aa5e1fe161,Excellent book on the Dutch resistance in WWII.,impression,names the subject but says nothing about how it is treated -> impression,yes,5,1
a4ce19d16c087591fee4e9a8f340c1c0,"I feel like I rate all cute, quick contemporaries the same. Oh well. The chemistry between the two main characters in undeniable. You can just tell that their personalities click from reading the notes. There's enough cute banter balanced with teenage venting that it actually resembles a legit relationship I know irl. (my two friends write essays back and forth to eachother through google docs since the girl isn't allowed a phone.) For me personally, there wasn't much depth to the novel. But, there were the wonderful songs that that main character wrote. Usually I cringe when I read poems/lyrics in books but these had me feeling actual... emotions?! I've turned waiting into a form of art Tied twisted lines around my broken heart To keep me hanging on for one more day I've painted on a crooked smile Hung the tears to dry awhile Because I knew that you'd come back to stay But my... arms are empty And my... heart's in pieces And my... soul is twisting And my... throat is aching Because I've finally woken up to find: That I've been Left Behind. So yeah these characters do express that they have their own personal hardships (so this book isn't complete fluff) but the subjects aren't very very delved into. The ending, like most contemporaries had me wanting more. But, I think it's satisfied my desire for cuteness enough. It didn't completely say EL FIN super quickly, but I wish I was able to see more of what happens after the events in the novel. Like the competition?? What??",analysis,,yes,4,1
544f52fe4a64666eca3ba30ac651a094,"I decided to get this as an audiobook so I could have something insightful to listen to on my commutes. Well, here I am, about THREE months later, just finishing it. Man, the Italy and India sections took me forever to get through. The only thing intriguing about this book were some of Liz's friends. I'd definitely like to hear some of their stories. Liz is just one of those people who can't look at the bigger picture, only themselves. Sometimes I'd feel like I was about to connect with her, but then she'd say or do something that just through me off. My emotions towards her wavered throughout.",analysis,,yes,1,1
7974fcb80ab06aa09f7736dea2d46d0e,"This book was interesting and obviously well researched. I often put it down to check Wikipedia for more information about the people and events. But as a novel it was a bit disappointing. Most of the plot is about Isabella's life as a princess before manouvering her way to the throne. Still, this was the best part of the narrative. Once she was queen I was hoping to read more about the inquisition, the expulsion of the jews, and Columbus, and of course there was some of that but not very much. It was mostly about giving birth and about various sieges in the war against the Moors, and here the pace really dragged, the narrative didn't flow at all, and it felt like the author just didn't know how to wrap up the story so the novel just ended very abruptly. 2,5 stars rounded up. Considering the interesting setting and characters and how well researched it was, this novel could have been much better.",analysis,,yes,3,0
6b279c81a528c8a12027c3584f2693c5,"3.5/5 Stars!! I'm still not sure how I feel about this book. While it is billed as a standalone and the story is Langley and Lawson's story, there are so many references to the other characters and what I assume happened in their books that admittedly, I was a bit distracted. (I have not read the other books in the series and I am guessing that would make a difference.) Langley Ford is complicated. She has on heck of a bad past that has left her hesitant to rely on others. She is fiercely independent, not exactly open and I found her to be icy, at times. Lawson Briggs is clearly the funny man of the group. Everything with him is a joke. That kind of made me crazy in the beginning, but his seriousness comes shining through once he makes his intentions with Langley known. From that point on, he is fiercely protective of her and it's all about her. There is a lot of humor in this book, which I highly appreciate. Too much seriousness can be just that...too much. So, the humor was a nice balance. I found myself laughing out loud. The story wasn't really anything new, but I enjoyed it. My issue with the book was the use of character names. The author uses both first and last names when noting the characters (i.e. Langley or Ford, Lawson or Briggs) and sometimes that happens in the same paragraph. It might just be me, but I was confused at times and wasn't sure from whose perspective the story was being told. But, this may just be me and my hang up, so don't let that deter you from buying the book. I just feel that every review should have some good and some bad. Overall, I like the book a lot and I hope you do, too. I received an ARC in exchange for an honest review.",analysis,,yes,3,0
37d71ca5b6df60c72eb80d6277a80249,"Yesterday, my beautiful Granddaughter, Quin, asked me to read this story to her. This is one of my favorite children's books, and she loved it too. I'm sure it will grow to be one of her favorites!",logbook,,yes,5,0
e7a01240aba24b088211a42a42fe7479,"This novella was gifted to me from the author for an honest review. Thank You! This is James ""Fang"" Lore's story. I haven't read Book of Curses: The Renning Chronicles (Volume 1) , so I feel like I am going into this story blind. Fang is after the man who killed his mother. Fang is half human and half demonic god. The prose of this story is so very amazing. I was drawn into this world immediately. The writing is so good. It is descriptive and intriguing. I was really getting into this story and I want to know more about The Renning Chronicles. The characters were really good and sympathetic and I want to know more.",analysis,,yes,5,0
fd0b981ad9ae4e51359cbeaeb4864e46,"3.75 Stars Wasn't expecting to read this heat filled addiction. My writing buddy, Kat Mayor piqued my interest when she stated that this book was like 90210 on steroids. That was 1 of my fav shows as a teenager. After reading it, I agree that it has a 90210 mixed with Degrassi vibe on X. Almost too much drama for 1 book, it should've been titled Fallen Nympho Scandals. My preference is reading age groups of 17-24, but I prefer an adult vibe of New adult--no holding back. Fallen Crest was refreshing to be high wrote in New Adult. Made it more realistic. Now-a-days teenagers know more & have more sex than newly weds. All the characters had flaws, but that also added to it feeling more real. The plot was a page turner, hard to put down. Logan was entertaining, but I was drawn to Mason from the start. He was presented as a mysterious-quiet type & I was dying to know more about him--still am. Fallen Crest had a lot going for it and also things that bothered me. Upon seeing the cover, I wondered which brother Sam would fall for. In the 1st chapter gas station scene, I knew it would be Mr. Mystery. And I was excited to see how their relationship would pan out. I liked it took a while to built & didn't seem insta-lust--chemistry was sizzling! One problem with this book is that I had trouble connecting with the characters. Even though I was in Samantha's head the entire time, I still don't feel like I know her. It finally came to me that several things/facts I think the author knew & was trying to relay, just didn't cross over well. I felt like I was watching a good TV show instead of reading a good book. There was also stuff mentioned that didn't add up or were contradicting. It was brought up a few times about Sam's eating problems. She ran non-stop & barely ate, but not once did she ever mention having a problem with her size. To me, anyone that has an eating disorder would constantly have mental dilemmas about their weight. Sam seemed absolutely fine with her size. Another odd factor that I'm hoping to learn about later is who Sam's 1st was. I found it strange that she told Adam, she'd only had sex once, didn't plan to again, & that it wasn't a good experience. Yet once her & Mason got heated, she had no debates at all. I would think that a woman who only had sex once & it was a horrible experience would have reservations ... be a little hesitant or nervous even. Not Samantha. She dived right in and screwed Mason's brains out. Seemed contradicting cuz she turned him out. So I'm not sure how her 1 bad experience equals to her being a pro in the sac so quick. I gave Fallen 3.75 due to lack of connection, contradictions, and how some things came across. Several times I didn't know how was talking in the dialogue & a lot of times I had to guess at Samantha's feelings. Or what type of person she really is. Overall she's an okay character. I'm still trying to figure her out, too. That being said, this author does awkward well & knows how to entertain with heavy drama. The end confrontation with all the parents was over the top, but otherwise is was great conflict throughout. Such an interesting storyline that I can't wait to find out what happens next.",analysis,,yes,4,4
fc752b2e90024908af5e1a1345a09321,"Despite some inaccuracies and minor exaggerations, quite a good book.",impression,,yes,3,0
1983990abf8acbb310c5176efa95aaed,"Great zombie fun as always, unfortunately the current storyline seems to be dragging a bit and I'm worried the writers are out of ideas and just dragging it out until they figure something else out.",analysis,,yes,3,0
3f27b809c132ae11932a15f874763c3d,I will always be a huge admirer of Richard Feynman. I think his books should be required reading for everyone.,impression,,yes,5,0
d92d3d58beeb3473466cdbaa1e7fe7be,"Ugly cry... That's what reading Finding the Magician did to me, it made me ugly cry. It also made me smile and feel hopeful. Reading Marcus and Abi's story, seeing the characters evolve... It's been an amazing journey and I can't wait to read more of Belle Brooks words.",impression,,yes,5,0
a7281adab6244cf234f000db2d631578,"I just cannot get into this one. Too much sex/lust/romance and not enough action. I like the mushy stuff in my books as much as anyone, but this one just overdoes it. I get it already, they are heavily into each other. I liked some of the ideas in the book. I get that the collars keep them less violent, but I have a hard time believing they would be ok with wearing them. I got about half way through this book and have decided to put it down.",analysis,,yes,2,0
1cf1db3dd047463e406cb2e45e6ae641,"""What'll we do with ourselves this afternoon?"" cried Daisy. ""and the day after that, and the next thirty years?""",impression,"bare quotation, no claim AND no verdict; falls through to step 3 by default",yes,4,0
589f43a292dd3887d2cca458ab0a600b,There is more to life than 'normal'.,impression,"one-line thematic statement, too thin to count as a claim",yes,4,0
70d78ba6921069f76dcb69824be4f15f,"Wow, probably one of the most inspirational books I've ever read. The story is told by Jean Louise Finch (Scott)'s point of view, which is interesting because she's a 9 year old girl. My favorite character is Atticus, Scout's father. He is the kind of man who is looking out to his children without being too strict; but respectable. There are so many moral stories we can all get from this book, which is probably why it's become an international best seller. A must-read classic.",analysis,,yes,5,0
39e21413f34a76a524f490d7fc4cc96c,Going to admit this one was a little hard to get started for me. I read the first chapter twice before I could get into the story. Once i did get into it though i fell in love with the characters. Julia is a plain jane with a vixen on the inside and Coop is cowboy with a rough exterior but a heart of gold. This was a sexy sweet read that was thoroughly enjoyable. Overall i give this 4 out of 5 PS any chance of getting books for Jag and Mac i so want to know how there weeks played out.,analysis,,yes,4,0
6aff8bad579eeba6b025b8a5448c0ac3,It wasn't a happy ending for me Things does'nt go well Whatever I'm just cryin and thinkin bout Anna's life My poor ship.My OTP didnT even kiss enough.Now I'm thinkin when Cass die he can go and live with Anna for real .DYeah now I'm happy PS:Kendare I hate you :D,analysis,"fan gush, but it states plot facts, so step 1 forces analysis - weakest analysis in the set",yes,4,0
175c405710fc001739e954930e188215,"This was my first Bukowski novel and despite not liking anybody in the novel, including the main character, I was captivated by this story, precisely because it's a lighthearted look at nihilism. Despair, unhappiness, it all has an answer: alcohol. Is it a good answer? The easy response is ""of course not."" But such quick rebuttals are likely to be made by those with the luxury of not sharing the bleak insanity that is this kid's existence. Chinaski's life is hell and the depravity of it only really seems to be getting warmed up when HAM ON RYE concludes. Fascinating novel... With prose that you might call Hemingway-simple. But funnier. Darker. And the most honest tale I've read in some time.",analysis,,yes,5,1
ffc5ce880c6538c3b96f438b79492169,"his girl knows how to write. I read ""A Girl Named Zippy"" last year for book club and really liked it. This was the sequel. This is not a story that goes from one period of time and flows to the next. It's several chapters about different people and different things that happened in ""Zippy"". It is not really an extraordinary life, but the way she tells it is. It's funny and very witty. I find myself thinking about what life was like for me when I was her age. She had a lot of friends and seemed happy even though she was poor, her parents did not keep a very clean house and her parents were not very close. The title of the book refers to Zippy's mom. Her mom seemed to be very intelligent and could have really made something of herself. But she met her husband, got married and had kids. The father was not a good provider and they lived in a very small town with limited means. She talks about how there was only one room in their house with heat. How many rats they killed. How her mom's friends would clean her and her clothes when she came to visit. Her mother was very depressed, slept a lot, ate and gained wait. But one day, she got up off the couch, took her college entrance exams, passed and enrolled in Ball State. She graduated and got her masters. She got a job teaching English eventually in Zippy's school. Zippy realized how happy her mom had become. Even though her dad was having an affair. I loved the way Zippy talked about her friends and how much she cared about them. How much fun she had. This is a very unique and extraordinary book. I highly recommend.",analysis,,yes,4,5
27cd8b84c7abaab37f2aabf10bfd66a4,"Hale has so much potential as an author, and a book about Jane Austen-ish could be great--because I love Jane Austen. But this book was just o.k. Not a total waste of time, but nothing worth buying or re-reading. I didn't really like the main character. And that's a big book-ruiner for me.",impression,,yes,2,0
5970550958f8423b4968854e685ecbb6,"I love The Giver! I finished it in about 3-4 hours. I highly recommend it for tweens, teens, and young adults. I have only read the first book in the series so far, but I plan to read the entire series before the summer is over.:)",logbook,,yes,0,0
7d0b2c8bf55331f7316f0204117fc9ca,I loved this one. Probably my favorite in the series so far. I loved that we got to read the story book that had Johan so upset.,analysis,,yes,5,0
01fe29cd069fd82106905aada08b140f,"I love all of Chris Crutcher's books. I feel like at my age that I shouldn't enjoy them as much as I do, but oh well. Deadline contains most of the same themes as his other books (sexaul abuse, death, racism) but I love the story of the main character knowing he only has about a year to live and trying to live it to the fullest possible. Its funny and painful at the same time.",analysis,,yes,4,0
45c192d0f7601c8ce56bb7a43e565d49,"Meeting god outside the organised religion, Love the part about the Bible! Awesome as always @Jimpalmer",impression,"'love the part about the Bible' is a topic tag, not a claim",yes,5,1
36dae73833414947ba21374a95b7e5e9,"Could you imagine for a second, just a mere little second, the dialogue of Deadpool with the simplicity of Joey from Friends? Perhaps add in a dash or two of the go getter attitude found within Wolverine to go fourth and fight? What if I told you of a man who emboddied all that? Would your brian bits tingle? Would if you were the right person, your loins stir? What if I even added the sex drive of say Casanova? All set in the land of old, where lore and might added with sharp steel and magic. How about centuars? Deliciously funny and terrible evil queens? Monsters and battles and wizards oh my! Have I your attention yet? Let me sweeten the pot then for those casting their gaze upon these words. Who hear from clicking the link alone to be guided through the winding maze of the web saw that glowing image and the emblazoned word BYRON had the immediate thought, however brief, of CONAN enter their mind? If you are raising your hand, and reading with baited breath I have something to share with you. For those of you not raising your hand, you owe it to yourself to go fourth and figure out how to attain a copy. How about Beastmaster? Red Sonja? Fire & Ice? Even if you have never sat down to any of these delightful gems about barbarians, surely you had to have read about them at some point in History. Let me introduce to you a barbarian who you will not only root for, but demand multiple sequels detailing his exploits and adventures. BYRON The Barbarian! If you long for the days where gratuitous sex and violence with thoroughly imagined fantasy were wrought on the screen and in some books I won't mention here because this is about BYRON, you need to read this book. Page after page takes you deeper and deeper into the world of this oafish tower of muscle and wit, never once becoming bored or tired. Everywhere you look in this book will make you go through your own library wanting to continue the exileration you will have felt reading this. BYRON The Barbarian stands on its' own, never guilding the lily of the other barbarian titles mentioned and yet pays respectful amage and nuanced understanding of what the whole mythos is about. The colorful dialogue makes you want to engrain what BYRON says into your brain bits to use in your day to day life. And by the nine Hells you will! And you'll want to know what that means I'm sure and more once you've read BYRON The Barbarian and beg and plead and scream for more after you've finished it. This is a series that having only one book so far to it's name is bound to turn into several if Jeff O'Brien allows it. He has taken hold of something that once actualized and made manifested, is destined to take on a life of it's own. Skillfully and respectfully, his book has done what many strive for that many of the quote un quote ""Top Shelf Best Sellers"" one can find in their local bookstore actually fall flatter then a wrong note in a clean breezy jazz club. It never takes itself seriously and at the same time is very serious in what it is supposed to be. An adventure! It's supposed to be fun! It's supposed to be gratuitous! It's supposed to be exilerating! This book will make you want to pick up an axe, rip into a Turkey leg, down a pint of ale, plant said axe into a villainous creature and take his/her man/woman for your own! Or if you already have one, then to fight the worlds evils to protect them! All this and so much more await with BYRON The Barbarian. So quit reading my stinking review and go pick up a copy!",analysis,,yes,5,1
fb18148471193a3654a8003914d9b725,"A Million Little Pieces (with a short review of My Friend, Leonard) James Frey had been one of my most glorified memoir author. His books are almost deceptive, in a way that it's context is more to the revealing truths of his experiences than what he truly relayed. I like his writing style. It's easier to compel readers to read through his nonfiction work 'til the end. He describes things in his own perspective, not in a perspective that the people wants to look at. A very honest wordsmith. A Million Little Pieces, his first book, I think, is full of solidified truths and unimaginable experiences of chaos that fused his name to being a great menace in several countries. The bold and daring contents of the book will sometimes give you the chills of how dangerous Frey was. Though despite of that, his incomparable feelings towards Lilly and the girl with the Arctic-colored eyes are mostly written with the sense of undying love. But of course, you will soon find out in the later part of the preceding book that neither of them ended up marrying Frey. In his subsequent book, My Friend, Leonard, it tells about one of his Drug Treatment Facility friends, Leonard, and their friendship and experiences outside the facility. It was about Frey's life after being in jail for 3 months and meeting up again with the latter. This memoir of his (MF, L) left me slightly teary-eyed.",analysis,,yes,3,0
2164be1ff2d7c28bd62d8b6ce1018ab3,oh my f***ing god ! cant really decide which book was better! i looove kayden even more now ! he is definitely one of my favorite characters <3 callie and kayden are perfect for eath other ! the beginning of the book was really sad ... i wanted to cry almost all the time! kaydens mother was sooo annoying i wanted to punch her so bad!...awww and callie was just the sweetest girl! she is so awesome !!! i love this girl<3 i also loved how callie and kaydens relatioship got stonger and stronger through out the book and how they helped each other with what they've been through! and here i am and im wondering why Sorensen cant end a book without a f***ing cliffhanger ! i want the third one and i want to know how their story ends!!!! They deserve a happy-ending !,analysis,,yes,5,2
2140a501dd21e45270bcfb68f47b11fb,3.5 stars Andie is the goalkeeper in the American soccer's team. And Freddie is a very important British swimmer. They meet in Rio's Olympic Games. They feel an immediate attraction but there are obstacles separating them. I liked this book. The story is well written and the characters are quite believable. Although the plot is a little repetitive in some parts.,analysis,,yes,3,0
e37c8c0ef63a246e97f05789e80a393c,"Maybe I set the non-Shakespeare so low that it surprised me, but this play eventually did pick up and I somewhat enjoyed it. I sure don't get it and outside of maybe one or two for a bit, I didn't care for any of the characters (nor am I entirely sure how they kept up the ruse of alchemy the whole time), but I could easily tell that performed this play would come alive and possibly mean something else to me entirely. Not that I am likely to come across a production of it I would think in the next 100 years but maybe there's a Ben Jonson revival planned somewhere down the cosmic line.",analysis,,yes,2,1
b2e8171d9d74634cc2d1ea072e70c706,4.5 stars - Really great shifter short story. I loved the alpha and omega roles. I've wanted to read the story for this prompt since I first saw it posted. Thanks Laylah Hunter for doing a great job with it!,impression,'alpha and omega roles' names content but the bulk is anticipation -> impression,yes,5,3
c238e3e0e74ec615c5d420a70500393d,"I wasn't sure about this book at the beginning, but by the end I really began to enjoy it. I've read a few different books and things about meditation, and this book did a very nice job of consolidating many common practices into one resource. It also helped me a lot to have the focus on anxiety, rather than just standard meditation and mindfulness - anxiety is something I do struggle with quite a bit in my life. I can see myself using a lot of these practices in my daily life. I'm excited to read some of the other meditation/mindfulness books Brantley recommends.",analysis,,yes,5,0
e2d9584ed244a714512bb636cb23d6ef,"Loved it! The author captures Paris so perfectly, and her writing style made me feel so connected to the characters. I didn't think I would love this book as much as I did, I am so glad I picked it up!",impression,,yes,4,0
03b4dde5800d414ad5454d7efabcb0d8,"I really like this author. The important aspect to remember when reading this book is that she writes well for the age group she is intending to reach. The story drags a little, but, overall, is a fun, fantasy read where the readers will learn quite a bit about Beowulf, Grendel and Frothi. She does a great job of blending the epics seamlessly into the writing.",analysis,,yes,3,0
a788c335267562d566d748aef16c3af4,"Never having met Squishy McFluff before, this was my first foray into this invisible cat's world. Supermarket Sweep is the second book, about Ava's trip to the supermarket with her mum and her invisible companion cat. A third book called Squishy McFluff Meets Mad Nana Dot was published this week. Squishy McFluff is narrated entirely in rhyme and I was captured from the rhyming introduction, which asks the reader to imagine Squishy. ""Can you see him? My kitten? He has eyes big and round His miaow is so sweet (but it makes not a sound!) Imagine him quick! Have you imagined enough? Oh, good, you can see him! It's Squishy McFluff!"" It turns out Squishy is a very naughty cat, who leads his owner, Ava, into all kinds of scrapes and trouble, with a mischievous glance at the reader. For more of my review go to http://www.minervareads.com/?p=651",analysis,,yes,5,0
82181828e9bb9887fb9bed96911b4649,"This one takes a little longer to get up to cruising speed than Sandman Slim, but I enjoyed it overall and the last third really smokes - that's when both Kadrey and his character find their voices and purpose.",analysis,,yes,4,0
de4cdb9d8bfd8a64ad7647276da03a8e,"I really picked this up for me rather than my son, though I thought he might like the dinosaur. I enjoyed the concept of this book, but the execution would be hard for small children to enjoy. A lot of the story ideas were visual, which were hard to explain to a two-year old. It would be fun for a slightly older child who can pick up on visual clues. The book is a guide for children who want to have a tea party and shows the correct and not-so-correct ways to handle guests and put on a successful tea party. As a child who grew up with tea parties, both real and imagined, I found the idea of a huge roaring T Rex trying to be genteel and hold a cup of tea hilarious, and the pictures made it even more so. Recommended for ages 5-8, 4 stars.",analysis,,yes,4,2
927c155e2c1416189158acc33d4ebe41,a fun new series that is an off shoot of the great Weather Warden books.,impression,,yes,0,0
59c2c2bdbdcf507f0298e4d308aac7bd,I loved this book but I no longer trust Cassandra Clare to keep the characters I love safe.,impression,,yes,5,0
fedb6836af1f5a801ca410217fefb9aa,"I'm torn between 2 and 3 stars with this one. This story had the potential to be great, but missed the mark. Definitely needs an editor for things like the correct use of ""your, you're, there, their, to, too."" Also for just editing the story, things were mentioned in the same way too many times. Sometimes her father was Brad other times he was Cody.",analysis,CODEBOOK GAP: author-side errors (father called Brad then Cody) vs printing typos - the carve-out does not distinguish these. Called analysis.,yes,3,0
2e8efadc1efaa2a7b7851dda2a10ca06,"I just can not get into this book. The slow pace introduced from page one doesn't seem to be getting any faster, maybe even slower. The author has given me no reason to care about the main character and I can't seem to determine what the conflict is. The author does have a firm grasp of very descriptive words and I applaud him for that. But slow-moving books just don't do it for me.",analysis,,yes,1,0
ceefef7751a0d6e0d6018d24006b4f73,"This is only superficially a ""fantasy"" comic in that a witch, Meg, and her talking cat, Mog, torment their roommate, Owl. Basically it's a stoner comic with sad but likeable-in-spite-of-themselves characters who are sometimes Beavis and Butthead funny or ""funny"" (so funny I forgot to laugh sort of funny)... sophomoric, dumb, silly and sad as the main characters are basically mean to Owl just for the hell of it, because they are just aimless and bored. These characters are in fact bored throughout this, though in the end, there is movement, there is a slight indication of change for one of them, at least, though that's ultimately bittersweet sad, too. So, a story for and about slacker/sideways stoners. Why read this if you are a functional adult? The art and humor seems sort of Matt Groening inspired. I have no excuse, really to explain why I read it and even liked it, but I just did. I smiled at it in various places, but there is one incident that he tries to make funny that isn't funny, it's bad and sad, and there are other places that may offend some other readers, but that is kinda the attraction of this kind of comic. But it's not so offensive that it is seriously off-putting, in my opinion. I mean, Meg and Mog do bad things to Owl but then they try to make it up to him. I don't know. I liked it quite a bit, in that Groening way, though it is devoid of politics and so someone 40 years younger than me and smoking a lot of pot will find it effing hilarious, I bet. Even I laughed from time to time.",analysis,,yes,4,4
650357634f8264c075b5f2492a1daa15,"OK..I read this and all i can say is...MWAHAHAHAHAHHAHAHHAHAHA!!! What a damn joke! First you have a biology class where the teacher tells you to flirt with the guy across from you for credit! MWAHAHAHAHHAHAHHAHAHHAHA!!!!!! And then it gets even dumber. Oh I had tears running down my face the book is so stupidly funny. About the only things I liked were the authentically plausible characters. Nora is a kid, and Patch is a thousand years old. There is no way she should be able to defend herself against him, or even come out ahead of him in a conversation. I am glad that she was not written super spunky just to curry favor with the teen girls reading it. Not that its a large plus.",analysis,,yes,1,0
71ac8df7746271fd891982249a12b43e,"Thought provoking, and fascinating from a cultural and historical perspective.",impression,,yes,4,1
f65904bef3a0a227750a126ac631677f,"In the near-future world Silverberg postulates for this 1969 novel, anyone with enough money may pay to have periodic backups of his or her persona recorded and filed away so that upon their death, he or she may go into an pool of available personae other people, again with sufficient funds, can have incorporated into their own personalities. Why would anyone think this was a good idea? When I started the novel, I could imagine that a dead rich guy might want to live forever inside another's body, but his presence their is going to be purely secondary. He sees all but feels nothing. His new carrier's motives baffled me until it was explained that these secondary personae enriched one's experience. You might go to them for advice, worldly wisdom, and I guess even a kind of companionship. An artist in your head could make you a more aesthetically attuned person. A playboy might give you a better chance with the ladies. The world's most successful financier could come in really handy. It is the fate of Paul Kaufmann's persona that propels this novel. He was the patriarch of the powerful Kaufmann dynasty. A noveau riche upstart named Roditis wants him bad. Mark Kaufmann, Paul's nephew, is determined to see that this doesn't happen. There is much maneuvering among Silverberg's cast of characters and even a murder to be solved. It is all pretty silly but fun. The chief hurtle for reader's today remains Silverberg's traditionally adolescent sexual obsessions. There are two female characters, and we seldom encounter them without a detailed description of their breasts, thighs, and voracious sexual appetites, appetites always used to gain power over the poor schmucks they offer themselves to. Silverberg was thirty-five years old when he wrote this, but his libido is still that of a wide-eyed pre-teen looking at the Little Annie Fannie cartoons in Playboy Magazine. This is a story of decadent rich people who have taken this bizarre new technology as their birthright and wield it as a weapon in an endless games of one upmanship. They also live in danger of having their new personae overpower them, a process known as going dybbuk. Actually everything about the process seems more trouble than its worth, but as Roditis points out, these are just a bunch of high society types with nothing else to do. One couple, Charles and Elena, goes slumming to an amusement part aimed at the lower classes, a pleasure dome where you can throw explosive darts at genetic mutations or rent sex rooms by the hour. Elena has never touched money before and is delighted with a souvenir one hundred dollar bill. Needless to say, she slips it between her ample breasts.",analysis,,yes,4,1
d1c2cd3fc2e5631a2f27da950449c452,"This was my favorite book as a kid, and I still read it every few years and get a kick out of it. Not everybody is as crazy about it as I am since it's pretty off the wall humor and a lot of it makes no sense at all, but that's the beauty of it.",impression,childhood-favorite framing; the humor description is too vague to qualify,yes,5,0
23ae638315fcbfb44eadc09706b58f8a,Not as great as I had hoped it would be. tiresome and long-winded. I do like her other work just not this title.,impression,,yes,2,0
8834d65be75832145354bfa55ace5717,"Alex Ferguson's recipe for an enduring success? A lot of hard work, two unique talents in both managing people and in knowing football, a dependable family. These elements are always part of Ferguson's life. It can be while managing his pub, after a defeat or an unexpected setback, or when asked to rebuild his team after a well deserved victory. He's probably as good at reading a game as at reading people. No wonder if he's a football star, a Manchester United employee, a politician or a manager collegue. A look at his glorious past and you understand why his future will be as brilliant, too. From Govan to Harvard Business School. It came a long way for Sir Alex Ferguson.",analysis,,yes,4,1
e8c3bd9a8f6aecee61a461d4835c00ae,"Mixed reaction here; this seemed a bit overwritten and overwrought. There were long sections of italics whenever one of the characters were remembering the past and I find reading italic text a bit wearisome. This was your basic dysfunctional family novel. We meet a woman artist, Annie Oh who is about to marry her female art dealer, her ex-husband and three grown kids, who rotate chapters filling in their collective story. (There are also short chapters told in minor characters' points of view.) Ex-husband Orion Oh, is a psychologist who just lost his job due to a false sex harassment charge. All of the kids are having various problems, some secret, some not. But Annie Oh has held on to many big childhood secrets she has never revealed to anyone. So the tension builds as the wedding draws closer. Around the time of the wedding, all the family comes together and many forces are unleashed, a bit over-dramatically coincidental for me. In rotating so many characters' points of view, Lamb largely succeeds at deeply developing the characters of Annie and Orion, but less so the children. One character Marissa, is briefly but deeply developed and then we never get another chapter from her, which I found frustrating. Oh well, I survived 561 pages with these characters, the longest novel I have read in a while.",analysis,,yes,4,0
903ec15b68bfa9872cb592bf4ebdf4e4,"Prior to reading this novel, I read The Angel's Game. The themes are similar, so I hope that the next Zafon book I pick up tells a completely different kind of story.",logbook,'the themes are similar' is undimensioned; bulk is reading order -> logbook,yes,4,0
a5002bee786aea541cc763ac1703014b,"I really enjoyed reading this story of Morgan City history. I had no idea. I appreciate that the author told facts from the historical record, and did not sensationalize the story. I also absolutely loved the description of 1920s Morgan City. I gave the book 4 stars instead of 5 because the book left me asking questions. I wish that it had included a little more along the lines of analysis. What did the author believe actually happened that night? Was there anything else the defense could have done to get a different outcome? Why were Ada and Dreher sentenced to death, but Beadle to life in prison? It would have been interesting if the author had interviewed current law and police experts to get their view on the case.",analysis,,yes,4,0
fc39e2508ce3741b61728e6eb6b75636,"How timely is this novel with all the disturbing news coming out of Hollywood! I will say some of the popular language of this tome did make me feel a bit ancient. I'd be dating myself to call it ""hip and now"" but it is for sure refreshing and current. Those who care about Maizie become more afraid each day to let her wander around alone. She is developing this disturbing habit of finding dead bodies - each one dragging her closer to breaking her probation terms! She is only trying to impress her hunky boss and prove she is capable of more than answering phones for the Investigative Security company. Maizie swears she does not miss the Big Screen Life but there are times she may protest too much. A mixture of adventure, mystery, and romcom with some humorously uncomfortable moments between wardrobe and family when bringing the Industry to Georgia. So like Hollywood, you'll never figure out what is real and what is make-believe until you reach the end.",analysis,,yes,4,0
576d40f3d3d443906e154ce20b95d14d,i hardly ever cry when I read and yet i'm? fucking? sobbing? @ patrick ness... u really did that to me,impression,,yes,5,2
2e45f87101e3b31f5a2aab2a562e061a,"The Kingdom Keepers are still on The Disney Dream and the passage from Florida to California. But they may have stumbled on a way to stop the Overtakers in their quest to take over the Disney theme parks. The climax was great, but for the most part this book wasn't that different from the previous few. Very little changes or gets resolved. I'm hoping that will really change with the next in the series which is supposed to be the last. I'll definitely know that park the best since it is set at Disneyland. Read my full review at Carstairs Considers.",analysis,,yes,3,0
be1fa0b79060340cbf2f302cd19cded4,This is the first book I've read of the Texas K-9 Unit Series. I loved that Valerie did the best she could raising Bethany even though she had doubts on her ability to be a good mother. I also liked how Trevor didn't let his tragic past get in the way of him possibly having a happy future. I enjoyed the action and suspense in the story and will continue on with the series.,analysis,,yes,4,0
a560cbbbdf8ba52a1d2d7f130727148e,"Now this is fantasy as it should be. VanderMeer gives us the adult dose, first creating an entire mysterious community and then probing the limits of its implications. The resulting loosely linked sequence of stories proves at once bracing as a resolution via dream and nerve-spiking as an undesired touch. One thinks of the sorry aspirations that populate Sherwoood Anderson's Winesburg and, then too, of the liberating spirals that sprout from Calvino's Empire of the Khan.",analysis,,yes,5,1
01d6f8d555c5f035cf053b7cf4706c44,"A huge disappointment. As a fan, who have followed Alex Rider's adventurous since book 1, I was expecting a grand finale. But the book didn't really have anything to offer. Neither the plot, the action nor the charcters were exiting, and I though the ending was a bit doll. You would have thought the finale book of the series should have a magnificent ending, but no... The ending was just silly and gave a very different feel of the character. What a shame. Scorpia or Snakehead would have made a better finale book.",impression,"string of unsupported negatives, closest in shape to row 227 -> impression",yes,2,0
10826702ac02e9be33839061fb7ce492,"I hyped this book for months before it came out, so it had a lot to live up to. a completely different animal to the shining but still a tour de force from my all time idol Stephen king. strong characters, unusual and unique story line, beautifully written. a book that pleases on so many levels, it easily makes it into top 10 of all time.",impression,,yes,5,0
00f5028098e315afc2e605e94a224315,BRILLIANT! The characters are all 15 but it's not about teen angst. It's about intelligence and survival and learning. I loved it. And now I will look for more books by this author!,analysis,,yes,4,0
f428e81b798430381e8e201e73460b59,"""The strange reality is that just because your town is almost washed away doesn't mean you stop being in love with a boy."" After severe flooding, the town of Aberdeen are told they're going to have to evacuate permanently. Keeley Hewitt's family have lived there for generations, on a street named after her great-great-grandfather, and her dad takes up the cause and leads the campaign to save the town. He's been despondent ever since an accident left him unable to work two years ago, but now he's full of energy - he has something to fight for. Keeley's mother is less thrilled by it all, especially as more and more of the town's residents sign deals and leave. And Keeley, although she wants Aberdeen to survive, is caught up in her dream-come-true scenario: Jesse Ford, the boy she's been in love with from afar forever, likes her. Between the two of them they plot zany events that take advantage of the increasingly-deserted town, like a prom night in their old principal's now-abandoned house. But Jesse isn't nearly as perfect in real life as he is in fantasies - and as the town disintegrates around her, Keeley's relationships are also crumbling. Her best friend Morgan feels distant from her, and she betrays the trust of someone she's starting to realise she really cares about. Siobhan Vivian's characterisation is fabulous - all these characters are nuanced and flawed, and Keeley in particular is the kind of jokey, silly, daring girl we so rarely see in fiction. She makes mistakes and messes up, but she's also incredibly real. I completely adored this book. It's complex, looking at everything from corruption in local government to the small kindnesses or cruelties that we offer to others, but also very readable, with weather reports kicking off each chapter and becoming more and more ominous. Despite the unusual setting, the characters and their responses to impending disasters are easy to relate to, and there are no easy or simple fixes for anything. Highly, highly recommend.",analysis,,yes,5,1
783c73258d3f633d5130e549704b9c83,"I am very conflicted about this book. The writing was very good; word choice, pacing, description, etc. were all great. The story itself however I despised. Every single character was mean, cruel, and petty. None of them had any redeeming qualities. They went on and on about how much they loved this person or that person and then proceeded to do as much as they possible could to hurt that person. I give it 4 stars for writing but 2 for the plot.",analysis,,yes,3,0
7c61e91cbba0d525abbaa55d24436325,"Another instant religious conversion tale from this author. It was a tense, interesting and realistic read right up until the denouement. Rather ruined the whole story and felt like the conversion experienced by the main character was solely a tool used pander to a specific target audience, of which I obviously am not a member. Not a fan.",analysis,,yes,2,0
2a0fc4373482c5a3e7ab110819dbaca8,This is the third book by Berenson that I read. I loved the first two. But unfortunately this one does not do justice to Mr. Berenson's writing talent. This a okay kind of book. A good book if you are interested in African nations and how their govt. and the refugee camps work.,impression,subject/audience tag -> impression,yes,4,0
4930d4dd14f6823cfd49cd5bdd9768d1,"If a friend had not gifted this to me, I would not have felt obligated to finish it.",logbook,,yes,1,0
153a59d6e93990bd6e0942a806fc605a,"Poverty is no crime - Agreed! But poverty does not need to be glorified! Cormac McCarthy, who wrote remarkable books like The Road and No Country for Old Men, has aimed somewhat low while writing this book. Or may be it is just my opinion only!",analysis,,yes,3,0
c98df8a7cd34b00c482d46228cbef960,"This book was fantastic. My daughter was reading it and mentioned some German swear words so I thought I better preview it first. Wow. I've never read a book narrated by death before yet it was very cleverly written and so touching. Other than the narration being impossible it felt like it could have been a true story. I think before my 10 year old reads it she needs a history lesson so she understands a bit more about WWII and the atrocities that took place in Germany, in 5th grade she hasn't had much world history. The only thing she knows about Jews is that they don't believe in Jesus :-( Bad mommy.",analysis,,yes,5,0
572dd06792248c03b5180a82e9c34c4b,it is really nice book i read it >>>good work belal fadl,impression,,yes,0,1
b68e821a1acb3a8979d352f2da46d69f,"This is a predictable but fun story of three thirty-something best friends who meet monthly for cocktails. All work for a prominent London fashion magazine, and each has her own story of woe. Glam freelance travel writer Roxanne is in serious love with a married man, sharp editor Maggie tries to adjust to the country life and a new baby, and crack staff writer Candice befriends a waitress whose family was cheated by her late father. It's All About Eve junior as all three lives and friendships take a tumble. This novel, which took me about three seconds to read, does not rise to the smart, ironic comedy of manners level of other Wickhams, nor does it have the humor of the Sophie Kinsella works. But I still can't not like her.",analysis,,yes,3,0
5be529b73e54953b0335fdadbe36259a,"Hilarious tongue-in-cheek feminist satirical comedy? Or something? Anyways, it was very well developed, with a huge cast that go through remarkable personal growth, and a fairly balanced perspective - some pages spent on male identity issues, for instance. Like a lot of the latest wave of feminism, there's broad representation (variety of economic, race, sex orientation and identity incorporated) as well as pro-sex perspectives, so depending on your background and position, you'll be cheering throughout, or mildly disturbed. The whole thing is fairly inoffensive as humour - or massively offensive, if you take it seriously, I guess. I found it pretty funny and timely, but wouldn't necessarily recommend it for younger teens. Quick & fun read with some challenging and thought-provoking material tucked in among the laughs and silliness.",analysis,,yes,4,0
2bfce5ac04c6ef84611091575859fecd,"I like Hugh & Klyd, so I was pleased to get another story featuring them. However, the story is a multiple POV between Hugh and Risa, and well, I would've preferred one or the other. The relationship between Hugh & Klyd was rather strained in this one. I would've hoped after 15 years the boys would have reached some common ground, but they are having some problems and this is affecting their ability to transfer. There was a lot of time spent discussing politics which of course is important, but at times the story read like a plot outline. Gone was the intimacy and closeness of the House of Zeor. Instead we get lots of infodumping, and two sets of characters. I was hoping for a bit more detail into how Klyd & Hugh had been doing since the House book. I mean Klyd and Ayisha and a baby? And what's up with the transfer and Hugh collapsing while ill? How does Hugh find the time to run Keon, while he's Klyd's top companion and how could they work so long together and still have such issues? How could such a strong empath like Klyd not believe Hugh is having issues with his selyn and such, when he should surely be able to zlinn his feelings? How can Klyd not know how to manage Klyd and vice/versa, given how closely both work together and the intimacy of Companion/Channel bond? Seeing the story from only Hugh's persepctive sometimes, we miss out on the inticacies of how Klyd thinks, what he's really up to, and how the incongruous things he does have purpose, even though people around him are irked by his mannerisms. This is partially touched upon, however, I would've loved more insight into Klyd's views. Sadly, we may never know, since this is the last book with these characters, and from what I read they die tragically in the future.",analysis,,yes,3,0
4736c82acac485fd9874fd267b0e167a,"This story reminded me so much of the tv show Survivor, which I am not a big fan of, so wasn't sure what I would think of the book. I found it to be interesting. I liked how the players interacted, how no one really told everyone else the whole truth and how conniving some of the players were. Towards the end I felt myself agreeing with Abby, thought she was justified in her anger. However that all changed as the show played and Abby saw just what was hidden. It was that point that I felt my stomach churning like Abby's. I was happy to see how things turned out, happy that the tv cameras were left at home.",analysis,,yes,3,0
d5de4fa430a48f68003bd015238bac15,"This was a brief, useful study bridging analysis of armed organizations and electoral politics, and the factors that inform the formation of a ""political wing"" and steps towards participation in formal political processes by groups initially founded to challenge the status quo. The study's hypothesis pairs internal and external factors in shaping the decision-making on this point. On the external side, armed groups are pushed to enter into politics when they face competition for legitimacy, and by the degree to which the formal political system offers a genuine avenue towards power and representation of their interests (this usefully highlights the importance of electoral systems in shaping political opportunity structures). On the internal side, the shift occurs when groups are pushed by a factional interest group within the organization that sees advantage in joining politics, and by pressure of institutional expansion, bureaucratization, and growth. All of these factors are are held to be necessary and reciprocal. The author argues that despite standard assumptions (generally rooted in studies of the experience of the IRA, which is one of the three case studies) that entry into electoral politics will produce a linear process of political accommodation and eventual abandonment of the use of force, this shift is not automatic and some groups (notably Hezbollah and Hamas, the other two case studies) persist in their use of both armed and unarmed strategies. The study does not focus on non-electoral forms of political participation, or where armed groups have the means to seriously displace state institutions and other major rivals through force alone. But I think the discussion of internal factional interests and external structural environments may be general enough to be applied to other cases as well, and it was an interesting read overall.",analysis,,yes,4,0
4e00952d691420e474d2e31cc504fed4,"It reminded me of Night Circus which is a book I did not like. Shallow characterization and the language was overly flowery and lacked substance; ""the street lamps glowed with the color of forgotten love"" yuck.",analysis,quotes a line as evidence for the 'overly flowery' claim -> analysis,yes,2,1
df21fd3e128e3077d44f2bd7bacfa73c,"Actual = 3.5 stars. Deeply honest and hilarious and real. Even at her first and not best, Melina Marchetta writes such genuine truths into her stories and characters, it's marveling. I can't wait to keep reading and re-reading her words for the rest of my life.",impression,,yes,3,0
851ee4b7a6f72190b4645a4e3cc095f4,"This review was written for Joyfully Jay Reviews and can be accessed here: http://joyfullyjay.com/2017/01/review... 4.5 Stars. Robert Ashton is a West Country solicitor with a comfortable law practice helping poor people settle their disputes. He's completely astounded by an inheritance of a London home and country estate from his estranged uncle, the ninth Earl of Hantford. Unfortunately, both properties are in disrepair, and the inheritance taxes are far more than Robert could ever afford to pay. His first instinct is sell the whole bit, but his mother is sentimental over her childhood home; she'd been cut off from the inheritance when her brother objected to her love-match marriage to Robert's father. Instead of selling, she argues, Robert--an out, gay, mid-thirties man--should find a wealthy husband who'd marry him for the courtesy title of ""Count Hantford."" Robert thinks it's ludicrous, but his mother signs him up for a matchmaker, and, while in NYC on business, he agrees to meet Daniel. Daniel Fabian is a self-made wealthy man. He'd attended elite prep schools as a scholarship case, because his mother was widowed and wanted better for her two kids. Daniel never did get on with his snobbish classmates and has felt socially inferior most of his life as a result. He graduated from Columbia, where his homosexuality was accepted, but his pedigree not. Driven by a need to outshine his peers, Daniel's created two fashion-type Internet businesses and both are very lucrative. He's got lots of money, and his 15-year reunion looms on the horizon. He doesn't want to attend, but he doesn't want to be left out again, either. His secretary/confidante convinces him to try a matchmaking service, to find a ""catch"" of a date to show off. And, Daniel's willing to try. He hasn't had a boyfriend in years, and dating doesn't go so well when you're concerned that people only want you for your money. Which is why it seems odd, at first, that Daniel will find Robert a viable partner. See, Daniel doesn't want a gold-digger, but he recognizes a kindred spirit in Robert. He admires how Robert uses his education to help those in need, and he respects that Robert's pretty-much upfront regarding the recent upheaval of his life. Plus, there's no denying the mutual attraction. Perhaps they can help each other out. The courtesy title for Daniel in exchange for some investments into Robert's estate--to bring it up-to-date and make it a thriving community-business. Daniel's not willing to throw money into a vanity project; he sees potential profit in getting the land fit to farm, and raising crops and animals--plus turning the house into an attraction for visitors. Robert's a little overwhelmed, but he admires Daniel's business acumen. And, his physical assets. Daniel's skittish about getting his heart mixed up in a business deal, which delays the sexytimes for a while. At least until Daniel visits Robert in England, to see the estate, and determine if they can make a real go of this venture. This is a really sweet story. I loved the pacing and the careful revelation of character and motivation. Neither man is willing to take advantage of the other. They develop a professional rapport, and that leads to a physical relationship--because the attraction is really high. Daniel relishes his time in England, and it seems all is going well, until problems with his company intrude. Even as that means financial issues for the plans Daniel and Robert made, it doesn't mean the end of things between them. Robert's a rock, right when Daniel needs him, and vice versa. Their relationship grows in tenderness, and that was lovely to watch. The book spans roughly two months, plenty of time for these two lonely guys to dazzle each other silly.",analysis,,yes,5,2
4937a4cc948f5611b1a3ffa9f3996185,I love these pre-literacy books that come with high interest themes. This books starts with a challenge for the listener to find 4 words (it's a read aloud). This has the listener looking through the text and thinking about what the reader is reading. Great way to get the listener to start decoding.,analysis,,yes,2,0
9d8adebdbd780d9a341f58ffc5c16b21,"Alright. According to popular opinion, this is the worst book in the series. And it kind of is. It is not bad in the conventional way, it is just very very slow. Like literally nothing happened in this half length book. But as a I explained earlier, I like slow. Heck, I love slow, if it also includes insight into the characters' minds and helps expand the scope of the series. And these things were there. Okay, so this book was about Mat and Perrin, and Rand barely showed up. Well, I don't like Perrin, not since he married that bitchy excuse of a girl. But my dislike for a character and him being in a book is no excuse to hate the book. He has been written that way. Mat's chapters, I loved.",analysis,,yes,4,16
6918a79a9d41109f4244f326d178aa2c,"Inferno showed us the punishments (torments, rather) of the damned. As much as you might have pitied these souls you can't help but feel (in most cases) that it's all well and good that they suffered since they were evil people and they deserved it. They did bring it on themselves, mostly. Limbo is another issue. Purgatory brings more sufferings but this is suffering that hurts more to the reader. These are people who are happily bearing their punishment because once they are purified they can go to heaven. These are sinners but somewhat righteous ones. It breaks your heart to see these people smiling or singing or chanting as they ask Dante to send word to their living relatives - prayers from the righteous living help shorten their time on the mountain. It's hopeful while at the same time being pitiful. As in Inferno, the imagery is fantastic and the verse is superb. The one thing that takes away from the experience - for me - is these constant interjections from Virgil or Dante on random things about Florence or whatever. Stupid to say, I know, since that is largely a part of the Comedy as Hell, Purgatory, and Heaven are but it just seems to be jarring here the way it wasn't in Inferno. Maybe it's the different translation.",analysis,,yes,5,0
b94803f25feab463acc2a3e26530b8a1,"Flynn has a great way with words, ""eff you so hard you'd need a walker."" Flynn sure is a protective man when it comes to his woman, ""once they got back to the suite, Flynn would burn that red bikini in the fire pit, along with that dress he refused to allow her to wear outside the penthouse."" I liked this book, for me it was a quick read, with a sexy man.",analysis,"quotes two lines as evidence of the author's voice -> analysis, consistent with 253",yes,5,1
